csv_record,rule_id,unique_id,categories,status,evaluator_file,evaluator,collected_test_count,test_inventory_paths,test_nodeids,tracking_differences,Rule Logic
2,UAD1001,0100.0007,unconditional_required,loaded_with_collected_tests,app/services/required_data.py,evaluate_required_data (unconditional presence),3,data/uad36-test-suite/tests/fixtures/required_data/test-suite.ttl; data/uad36-test-suite/tests/fixtures/unconditional_required/test-suite.ttl,"tests/test_it_1_r4_s1_unconditional_required.py::test_it_1_r4_s1_detects_absent_required_data[UAD1001]
data/uad36-test-suite/tests/test_required_data_acceptance.py::test_production_detects_missing_required_data[0100.0007-UAD1001]
data/uad36-test-suite/tests/test_required_data_rdf.py::test_rdf_missing_element_produces_expected_finding[0100.0007-UAD1001]",,If AddressLineText is not provided
3,UAD1002,0100.0009,unconditional_required,loaded_with_collected_tests,app/services/required_data.py,evaluate_required_data (unconditional presence),3,data/uad36-test-suite/tests/fixtures/required_data/test-suite.ttl; data/uad36-test-suite/tests/fixtures/unconditional_required/test-suite.ttl,"tests/test_it_1_r4_s1_unconditional_required.py::test_it_1_r4_s1_detects_absent_required_data[UAD1002]
data/uad36-test-suite/tests/test_required_data_acceptance.py::test_production_detects_missing_required_data[0100.0009-UAD1002]
data/uad36-test-suite/tests/test_required_data_rdf.py::test_rdf_missing_element_produces_expected_finding[0100.0009-UAD1002]",,If CityName is not provided
4,UAD1003,0100.0010,unconditional_required,loaded_with_collected_tests,app/services/required_data.py,evaluate_required_data (unconditional presence),3,data/uad36-test-suite/tests/fixtures/required_data/test-suite.ttl; data/uad36-test-suite/tests/fixtures/unconditional_required/test-suite.ttl,"tests/test_it_1_r4_s1_unconditional_required.py::test_it_1_r4_s1_detects_absent_required_data[UAD1003]
data/uad36-test-suite/tests/test_required_data_acceptance.py::test_production_detects_missing_required_data[0100.0010-UAD1003]
data/uad36-test-suite/tests/test_required_data_rdf.py::test_rdf_missing_element_produces_expected_finding[0100.0010-UAD1003]",,If CountyName is not provided
5,UAD1004,0100.0011,unconditional_required,loaded_with_collected_tests,app/services/required_data.py,evaluate_required_data (unconditional presence),3,data/uad36-test-suite/tests/fixtures/required_data/test-suite.ttl; data/uad36-test-suite/tests/fixtures/unconditional_required/test-suite.ttl,"tests/test_it_1_r4_s1_unconditional_required.py::test_it_1_r4_s1_detects_absent_required_data[UAD1004]
data/uad36-test-suite/tests/test_required_data_acceptance.py::test_production_detects_missing_required_data[0100.0011-UAD1004]
data/uad36-test-suite/tests/test_required_data_rdf.py::test_rdf_missing_element_produces_expected_finding[0100.0011-UAD1004]",,If PostalCode is not provided
6,UAD1005,0100.0011,format_precision_length,loaded_with_collected_tests,app/services/representation_restriction_required_data.py,evaluate_representation_restriction,1,data/uad36-test-suite/tests/fixtures/representation_restrictions/test-suite.ttl,tests/test_it_1_r7_s1_representation_restrictions.py::test_it_1_r7_s1_rejects_value_violating_representation_restriction[UAD1005],,"If PostalCode is not in the required format (5 digits, or 5 digits, a hyphen, and 4 digits)"
7,UAD1006,0100.0012,unconditional_required,loaded_with_collected_tests,app/services/required_data.py,evaluate_required_data (unconditional presence),3,data/uad36-test-suite/tests/fixtures/required_data/test-suite.ttl; data/uad36-test-suite/tests/fixtures/unconditional_required/test-suite.ttl,"tests/test_it_1_r4_s1_unconditional_required.py::test_it_1_r4_s1_detects_absent_required_data[UAD1006]
data/uad36-test-suite/tests/test_required_data_acceptance.py::test_production_detects_missing_required_data[0100.0012-UAD1006]
data/uad36-test-suite/tests/test_required_data_rdf.py::test_rdf_missing_element_produces_expected_finding[0100.0012-UAD1006]",,If StateCode is not provided
8,UAD1007,0100.0012,value_cross_field_consistency,loaded_with_collected_tests,app/services/value_consistency_required_data.py,evaluate_value_consistency,1,tests/fixtures/it_1/r10/s1/test-suite.ttl,tests/test_it_1_r10_s1_value_cross_field_consistency.py::test_it_1_r10_s1_rejects_inconsistent_field_values[UAD1007],,If StateCode is not a valid 2-character US State or Territory Code
9,UAD1008,0100.0015,unconditional_required,loaded_with_collected_tests,app/services/required_data.py,evaluate_required_data (unconditional presence),1,data/uad36-test-suite/tests/fixtures/unconditional_required/test-suite.ttl,tests/test_it_1_r4_s1_unconditional_required.py::test_it_1_r4_s1_detects_absent_required_data[UAD1008],,If LatitudeIdentifier is not provided
10,UAD1009,0100.0016,unconditional_required,loaded_with_collected_tests,app/services/required_data.py,evaluate_required_data (unconditional presence),1,data/uad36-test-suite/tests/fixtures/unconditional_required/test-suite.ttl,tests/test_it_1_r4_s1_unconditional_required.py::test_it_1_r4_s1_detects_absent_required_data[UAD1009],,If LongitudeIdentifier is not provided
11,UAD1010,0100.0019,unconditional_required,loaded_with_collected_tests,app/services/required_data.py,evaluate_required_data (unconditional presence),3,data/uad36-test-suite/tests/fixtures/required_data/test-suite.ttl; data/uad36-test-suite/tests/fixtures/unconditional_required/test-suite.ttl,"tests/test_it_1_r4_s1_unconditional_required.py::test_it_1_r4_s1_detects_absent_required_data[UAD1010]
data/uad36-test-suite/tests/test_required_data_acceptance.py::test_production_detects_missing_required_data[0100.0019-UAD1010]
data/uad36-test-suite/tests/test_required_data_rdf.py::test_rdf_missing_element_produces_expected_finding[0100.0019-UAD1010]",,If AccessoryDwellingUnitTotalCount is not provided
12,UAD1011,0100.0019,aggregate_cross_record_consistency,loaded_with_collected_tests,app/services/aggregate_cross_record_required_data.py,evaluate_aggregate_cross_record,3,tests/fixtures/it_1/r13/s1/manifest.ttl,"tests/test_it_1_r13_s1_aggregate_cross_record_consistency.py::test_it_1_r13_s1_aggregate_cross_record_consistency[UAD1011:one-adu]
tests/test_it_1_r13_s1_aggregate_cross_record_consistency.py::test_it_1_r13_s1_aggregate_cross_record_consistency[UAD1011:other-property-control]
tests/test_it_1_r13_s1_aggregate_cross_record_consistency.py::test_it_1_r13_s1_aggregate_cross_record_consistency[UAD1011:zero-adus]",,"If AccessoryDwellingUnitTotalCount <> the number of instances of PROPERTY_UNIT_DETAIL with AccessoryDwellingUnitIndicator = ""true"""
13,UAD1012,0100.0020,unconditional_required,loaded_with_collected_tests,app/services/required_data.py,evaluate_required_data (unconditional presence),3,data/uad36-test-suite/tests/fixtures/required_data/test-suite.ttl; data/uad36-test-suite/tests/fixtures/unconditional_required/test-suite.ttl,"tests/test_it_1_r4_s1_unconditional_required.py::test_it_1_r4_s1_detects_absent_required_data[UAD1012]
data/uad36-test-suite/tests/test_required_data_acceptance.py::test_production_detects_missing_required_data[0100.0020-UAD1012]
data/uad36-test-suite/tests/test_required_data_rdf.py::test_rdf_missing_element_produces_expected_finding[0100.0020-UAD1012]",,If AttachmentType is not provided
14,UAD1013,0100.0021,unconditional_required,loaded_with_collected_tests,app/services/required_data.py,evaluate_required_data (unconditional presence),3,data/uad36-test-suite/tests/fixtures/required_data/test-suite.ttl; data/uad36-test-suite/tests/fixtures/unconditional_required/test-suite.ttl,"tests/test_it_1_r4_s1_unconditional_required.py::test_it_1_r4_s1_detects_absent_required_data[UAD1013]
data/uad36-test-suite/tests/test_required_data_acceptance.py::test_production_detects_missing_required_data[0100.0021-UAD1013]
data/uad36-test-suite/tests/test_required_data_rdf.py::test_rdf_missing_element_produces_expected_finding[0100.0021-UAD1013]",,If DwellingCount is not provided
15,UAD1014,0100.0021,numeric_bounds,loaded_with_collected_tests,app/services/numeric_bound_required_data.py,evaluate_numeric_bound,1,data/uad36-test-suite/tests/fixtures/numeric_bounds/test-suite.ttl,tests/test_it_1_r6_s1_numeric_bounds.py::test_it_1_r6_s1_rejects_numeric_value_outside_governed_bounds[UAD1014],,If DwellingCount < 1
16,UAD1015,0100.0021,value_cross_field_consistency,loaded_with_collected_tests,app/services/value_consistency_required_data.py,evaluate_value_consistency,1,tests/fixtures/it_1/r10/s1/test-suite.ttl,tests/test_it_1_r10_s1_value_cross_field_consistency.py::test_it_1_r10_s1_rejects_inconsistent_field_values[UAD1015],,If DwellingCount > LivingUnitExcludingADUCount
17,UAD1016,0100.0021,aggregate_cross_record_consistency,loaded_with_collected_tests,app/services/aggregate_cross_record_required_data.py,evaluate_aggregate_cross_record,5,tests/fixtures/it_1/r13/s1/manifest.ttl,"tests/test_it_1_r13_s1_aggregate_cross_record_consistency.py::test_it_1_r13_s1_aggregate_cross_record_consistency[UAD1016:exclude-outbuilding]
tests/test_it_1_r13_s1_aggregate_cross_record_consistency.py::test_it_1_r13_s1_aggregate_cross_record_consistency[UAD1016:one-dwelling]
tests/test_it_1_r13_s1_aggregate_cross_record_consistency.py::test_it_1_r13_s1_aggregate_cross_record_consistency[UAD1016:other-property-control]
tests/test_it_1_r13_s1_aggregate_cross_record_consistency.py::test_it_1_r13_s1_aggregate_cross_record_consistency[UAD1016:two-dwellings]
tests/test_it_1_r13_s1_aggregate_cross_record_consistency.py::test_it_1_r13_s1_aggregate_cross_record_consistency[UAD1016:zero-dwellings]",,"If DwellingCount does not equal the number of instances of IMPROVEMENT_DETAIL with ImprovementType = ""Dwelling"""
18,UAD1017,0100.0022,unconditional_required,loaded_with_collected_tests,app/services/required_data.py,evaluate_required_data (unconditional presence),3,data/uad36-test-suite/tests/fixtures/required_data/test-suite.ttl; data/uad36-test-suite/tests/fixtures/unconditional_required/test-suite.ttl,"tests/test_it_1_r4_s1_unconditional_required.py::test_it_1_r4_s1_detects_absent_required_data[UAD1017]
data/uad36-test-suite/tests/test_required_data_acceptance.py::test_production_detects_missing_required_data[0100.0022-UAD1017]
data/uad36-test-suite/tests/test_required_data_rdf.py::test_rdf_missing_element_produces_expected_finding[0100.0022-UAD1017]",,If LivingUnitExcludingADUCount is not provided
19,UAD1018,0100.0022,numeric_bounds,loaded_with_collected_tests,app/services/numeric_bound_required_data.py,evaluate_numeric_bound,1,data/uad36-test-suite/tests/fixtures/numeric_bounds/test-suite.ttl,tests/test_it_1_r6_s1_numeric_bounds.py::test_it_1_r6_s1_rejects_numeric_value_outside_governed_bounds[UAD1018],,If LivingUnitExcludingADUCount < 1
20,UAD1019,0100.0022,aggregate_cross_record_consistency,loaded_with_collected_tests,app/services/aggregate_cross_record_required_data.py,evaluate_aggregate_cross_record,3,tests/fixtures/it_1/r13/s1/manifest.ttl,"tests/test_it_1_r13_s1_aggregate_cross_record_consistency.py::test_it_1_r13_s1_aggregate_cross_record_consistency[UAD1019:one-non-adu]
tests/test_it_1_r13_s1_aggregate_cross_record_consistency.py::test_it_1_r13_s1_aggregate_cross_record_consistency[UAD1019:other-property-control]
tests/test_it_1_r13_s1_aggregate_cross_record_consistency.py::test_it_1_r13_s1_aggregate_cross_record_consistency[UAD1019:zero-non-adus]",,"If LivingUnitExcludingADUCount does not equal the number of instances of PROPERTY_UNIT_DETAIL with AccessoryDwellingUnitIndicator = ""false"""
21,UAD1021,0100.0024,other_conditional_scoped,loaded_with_collected_tests,app/services/scoped_required_data.py,evaluate_scoped_rule,7,tests/fixtures/it_1/r1/s1/manifest.ttl,"tests/test_it_1_r1_s1_conditional_scoped_requirements.py::test_it_1_r1_s1_conditional_scoped_requirement[slice-01-IT-1R1S1-UAD1021-both-missing]
tests/test_it_1_r1_s1_conditional_scoped_requirements.py::test_it_1_r1_s1_conditional_scoped_requirement[slice-01-IT-1R1S1-UAD1021-both-supplied]
tests/test_it_1_r1_s1_conditional_scoped_requirements.py::test_it_1_r1_s1_conditional_scoped_requirement[slice-01-IT-1R1S1-UAD1021-left-only-missing]
tests/test_it_1_r1_s1_conditional_scoped_requirements.py::test_it_1_r1_s1_conditional_scoped_requirement[slice-01-IT-1R1S1-UAD1021-left-only-supplied]
tests/test_it_1_r1_s1_conditional_scoped_requirements.py::test_it_1_r1_s1_conditional_scoped_requirement[slice-01-IT-1R1S1-UAD1021-neither-missing]
tests/test_it_1_r1_s1_conditional_scoped_requirements.py::test_it_1_r1_s1_conditional_scoped_requirement[slice-01-IT-1R1S1-UAD1021-right-only-missing]
tests/test_it_1_r1_s1_conditional_scoped_requirements.py::test_it_1_r1_s1_conditional_scoped_requirement[slice-01-IT-1R1S1-UAD1021-right-only-supplied]",,"If (PropertyInProjectIndicator = ""false"" or ProjectLegalStructureType = ""Condominium""), and PropertyEstateType is not provided"
22,UAD1022,0100.0053,single_equality_conditional,loaded_with_collected_tests,app/services/required_data.py,evaluate_required_data (ConditionalRule),12,data/uad36-test-suite/tests/fixtures/single_equality/test-suite.ttl,"tests/test_it_1_r2_single_equality_behavior.py::test_it_1_r2_s1_single_equality_behavior[UAD1022-nonmatching-missing]
tests/test_it_1_r2_single_equality_behavior.py::test_it_1_r2_s1_single_equality_behavior[UAD1022-matching-missing]
tests/test_it_1_r2_single_equality_behavior.py::test_it_1_r2_s1_single_equality_behavior[UAD1022-matching-supplied]
data/uad36-test-suite/tests/test_required_data_rdf.py::test_rdf_conditional_required_data[0100.0053-UAD1022-false-missing]
data/uad36-test-suite/tests/test_required_data_rdf.py::test_rdf_conditional_required_data[0100.0053-UAD1022-true-empty]
data/uad36-test-suite/tests/test_required_data_rdf.py::test_rdf_conditional_required_data[0100.0053-UAD1022-true-missing]
data/uad36-test-suite/tests/test_required_data_rdf.py::test_rdf_conditional_required_data[0100.0053-UAD1022-true-nil]
data/uad36-test-suite/tests/test_required_data_rdf.py::test_rdf_conditional_required_data[0100.0053-UAD1022-true-present]
data/uad36-test-suite/tests/test_required_data_rdf.py::test_rdf_conditional_required_data[0100.0053-UAD1022-true-whitespace]
data/uad36-test-suite/tests/test_required_data_rdf.py::test_rdf_context_isolation[0100.0053-UAD1022-other-property-cannot-activate-condition]
data/uad36-test-suite/tests/test_required_data_rdf.py::test_rdf_context_isolation[0100.0053-UAD1022-other-property-cannot-supply-value]
data/uad36-test-suite/tests/test_required_data_rdf.py::test_rdf_context_isolation[0100.0053-UAD1022-other-property-defect-stays-outside-scope]",,"If PropertyEstateType = ""Other"" and PropertyEstateTypeOtherDescription is not provided"
23,UAD1023,0100.0026,unconditional_required,loaded_with_collected_tests,app/services/required_data.py,evaluate_required_data (unconditional presence),3,data/uad36-test-suite/tests/fixtures/required_data/test-suite.ttl; data/uad36-test-suite/tests/fixtures/unconditional_required/test-suite.ttl,"tests/test_it_1_r4_s1_unconditional_required.py::test_it_1_r4_s1_detects_absent_required_data[UAD1023]
data/uad36-test-suite/tests/test_required_data_acceptance.py::test_production_detects_missing_required_data[0100.0026-UAD1023]
data/uad36-test-suite/tests/test_required_data_rdf.py::test_rdf_missing_element_produces_expected_finding[0100.0026-UAD1023]",,If PUDIndicator is not provided
24,UAD1024,0100.0028,other_conditional_scoped,loaded_with_collected_tests,app/services/scoped_required_data.py,evaluate_scoped_rule,5,tests/fixtures/it_1/r1/s1/manifest.ttl,"tests/test_it_1_r1_s1_conditional_scoped_requirements.py::test_it_1_r1_s1_conditional_scoped_requirement[slice-01-IT-1R1S1-UAD1024-both-missing]
tests/test_it_1_r1_s1_conditional_scoped_requirements.py::test_it_1_r1_s1_conditional_scoped_requirement[slice-01-IT-1R1S1-UAD1024-both-supplied]
tests/test_it_1_r1_s1_conditional_scoped_requirements.py::test_it_1_r1_s1_conditional_scoped_requirement[slice-01-IT-1R1S1-UAD1024-left-only-missing]
tests/test_it_1_r1_s1_conditional_scoped_requirements.py::test_it_1_r1_s1_conditional_scoped_requirement[slice-01-IT-1R1S1-UAD1024-neither-missing]
tests/test_it_1_r1_s1_conditional_scoped_requirements.py::test_it_1_r1_s1_conditional_scoped_requirement[slice-01-IT-1R1S1-UAD1024-right-only-missing]",,"If PropertyEstateType = ""Leasehold"" and LandOwnedInCommonIndicator = ""false"", and PropertyGroundLeaseAnnualAmount is not provided"
25,UAD1025,0100.0029,other_conditional_scoped,loaded_with_collected_tests,app/services/scoped_required_data.py,evaluate_scoped_rule,5,,"tests/test_it_1_r1_s1_ground_lease_expiration.py::test_it_1_r1_s1_ground_lease_expiration[UAD1025-applicable-missing]
tests/test_it_1_r1_s1_ground_lease_expiration.py::test_it_1_r1_s1_ground_lease_expiration[UAD1025-applicable-supplied]
tests/test_it_1_r1_s1_ground_lease_expiration.py::test_it_1_r1_s1_ground_lease_expiration[UAD1025-leasehold-only]
tests/test_it_1_r1_s1_ground_lease_expiration.py::test_it_1_r1_s1_ground_lease_expiration[UAD1025-neither-condition]
tests/test_it_1_r1_s1_ground_lease_expiration.py::test_it_1_r1_s1_ground_lease_expiration[UAD1025-noncommon-land-only]",,"If PropertyEstateType = ""Leasehold"" and LandOwnedInCommonIndicator = ""false"", and PropertyGroundLeaseExpirationDate is not provided"
26,UAD1026,0100.0030,other_conditional_scoped,not_loaded,,,0,,,,"If PropertyEstateType = ""Leasehold"" and LandOwnedInCommonIndicator = ""false"", and PropertyGroundLeaseRenewableIndicator is not provided"
27,UAD1027,0100.0033,unconditional_required,loaded_with_collected_tests,app/services/required_data.py,evaluate_required_data (unconditional presence),3,data/uad36-test-suite/tests/fixtures/required_data/test-suite.ttl; data/uad36-test-suite/tests/fixtures/unconditional_required/test-suite.ttl,"tests/test_it_1_r4_s1_unconditional_required.py::test_it_1_r4_s1_detects_absent_required_data[UAD1027]
data/uad36-test-suite/tests/test_required_data_acceptance.py::test_production_detects_missing_required_data[0100.0033-UAD1027]
data/uad36-test-suite/tests/test_required_data_rdf.py::test_rdf_missing_element_produces_expected_finding[0100.0033-UAD1027]",,If SpecialTaxAssessmentsIndicator is not provided
28,UAD1028,0100.0034,single_equality_conditional,loaded_with_collected_tests,app/services/required_data.py,evaluate_required_data (ConditionalRule),3,data/uad36-test-suite/tests/fixtures/single_equality/test-suite.ttl,"tests/test_it_1_r2_single_equality_behavior.py::test_it_1_r2_s1_single_equality_behavior[UAD1028-nonmatching-missing]
tests/test_it_1_r2_single_equality_behavior.py::test_it_1_r2_s1_single_equality_behavior[UAD1028-matching-missing]
tests/test_it_1_r2_single_equality_behavior.py::test_it_1_r2_s1_single_equality_behavior[UAD1028-matching-supplied]",,"If LandOwnedInCommonIndicator = ""false"" and AllPropertyRightsAppraisedIndicator is not provided"
29,UAD1029,0100.0035,value_cross_field_consistency,loaded_with_collected_tests,app/services/value_consistency_required_data.py,evaluate_value_consistency,1,tests/fixtures/it_1/r10/s1/test-suite.ttl,tests/test_it_1_r10_s1_value_cross_field_consistency.py::test_it_1_r10_s1_rejects_inconsistent_field_values[UAD1029],,"If AppraisedIndicator is not ""false"" in a given instance of REAL_PROPERTY_INTEREST"
30,UAD1030,0100.0036,required_structures,loaded_with_collected_tests,app/services/required_structure_required_data.py,evaluate_required_structure,1,data/uad36-test-suite/tests/fixtures/required_structures/required-structures-test-suite.ttl,tests/test_it_1_r3_s1_required_structure.py::test_it_1_r3_s1_detects_an_absent_required_structure[UAD1030],,"If AllPropertyRightsAppraisedIndicator = ""false"" and (at least one instance of REAL_PROPERTY_INTEREST is not provided or PropertyPartialInterestType is not provided in a given instance of REAL_PROPERTY_INTEREST)"
31,UAD1031,0100.0037,single_equality_conditional,loaded_with_collected_tests,app/services/single_equality_required_data.py,evaluate_single_equality,3,data/uad36-test-suite/tests/fixtures/single_equality/test-suite.ttl,"tests/test_it_1_r2_single_equality_behavior.py::test_it_1_r2_s1_single_equality_behavior[UAD1031-nonmatching-missing]
tests/test_it_1_r2_single_equality_behavior.py::test_it_1_r2_s1_single_equality_behavior[UAD1031-matching-missing]
tests/test_it_1_r2_single_equality_behavior.py::test_it_1_r2_s1_single_equality_behavior[UAD1031-matching-supplied]",,"If PropertyPartialInterestType = ""Other"" and PropertyPartialInterestTypeOtherDescription is not provided in a given instance of REAL_PROPERTY_INTEREST"
32,UAD1032,0100.0043,required_structures,loaded_with_collected_tests,app/services/required_structure_required_data.py,evaluate_required_structure,1,data/uad36-test-suite/tests/fixtures/required_structures/required-structures-test-suite.ttl,tests/test_it_1_r3_s1_required_structure.py::test_it_1_r3_s1_detects_an_absent_required_structure[UAD1032],,"If an instance of PROPERTY is not provided with @ValuationUseType = ""SubjectProperty"""
33,UAD1033,0100.0043,uniqueness_cardinality,loaded_with_collected_tests,app/services/uniqueness_cardinality_required_data.py,evaluate_uniqueness_cardinality,1,data/uad36-test-suite/tests/fixtures/uniqueness_cardinality/test-suite.ttl,tests/test_it_1_r5_s1_uniqueness_cardinality.py::test_it_1_r5_s1_rejects_prohibited_duplicate_or_occurrence_count[UAD1033],,"If more than one instance of PROPERTY has @ValuationUseType = ""SubjectProperty"""
34,UAD1034,,existing_context_required,loaded_with_collected_tests,app/services/existing_context_required_data.py,evaluate_existing_context_required,1,data/uad36-test-suite/tests/fixtures/existing_context_required/test-suite.ttl,tests/test_it_1_r8_s1_existing_context_required.py::test_it_1_r8_s1_detects_missing_data_inside_existing_context[UAD1034],,If @ValuationUseType is not provided for one or more instances of PROPERTY
35,UAD1035,0100.0046,unconditional_required,loaded_with_collected_tests,app/services/required_data.py,evaluate_required_data (unconditional presence),3,data/uad36-test-suite/tests/fixtures/required_data/test-suite.ttl; data/uad36-test-suite/tests/fixtures/unconditional_required/test-suite.ttl,"tests/test_it_1_r4_s1_unconditional_required.py::test_it_1_r4_s1_detects_absent_required_data[UAD1035]
data/uad36-test-suite/tests/test_required_data_acceptance.py::test_production_detects_missing_required_data[0100.0046-UAD1035]
data/uad36-test-suite/tests/test_required_data_rdf.py::test_rdf_missing_element_produces_expected_finding[0100.0046-UAD1035]",,If HomeownerResponsibleForExteriorMaintenanceIndicator is not provided
36,UAD1036,0100.0047,unconditional_required,loaded_with_collected_tests,app/services/required_data.py,evaluate_required_data (unconditional presence),3,data/uad36-test-suite/tests/fixtures/required_data/test-suite.ttl; data/uad36-test-suite/tests/fixtures/unconditional_required/test-suite.ttl,"tests/test_it_1_r4_s1_unconditional_required.py::test_it_1_r4_s1_detects_absent_required_data[UAD1036]
data/uad36-test-suite/tests/test_required_data_acceptance.py::test_production_detects_missing_required_data[0100.0047-UAD1036]
data/uad36-test-suite/tests/test_required_data_rdf.py::test_rdf_missing_element_produces_expected_finding[0100.0047-UAD1036]",,If LandOwnedInCommonIndicator is not provided
37,UAD1037,,uniqueness_cardinality,loaded_with_collected_tests,app/services/uniqueness_cardinality_required_data.py,evaluate_uniqueness_cardinality,1,data/uad36-test-suite/tests/fixtures/uniqueness_cardinality/test-suite.ttl,tests/test_it_1_r5_s1_uniqueness_cardinality.py::test_it_1_r5_s1_rejects_prohibited_duplicate_or_occurrence_count[UAD1037],,If there is more than one instance of VALUATION_COMMENTARY with the same ValuationAnalysisCategoryType enumeration
38,UAD1038,0100.0049,required_structures,loaded_with_collected_tests,app/services/required_structure_required_data.py,evaluate_required_structure,1,data/uad36-test-suite/tests/fixtures/required_structures/required-structures-test-suite.ttl,tests/test_it_1_r3_s1_required_structure.py::test_it_1_r3_s1_detects_an_absent_required_structure[UAD1038],,"If SpecialTaxAssessmentsIndicator = ""true"", and there is no instance of VALUATION_COMMENTARY with ValuationAnalysisCategoryType = ""PropertySpecialTaxAssessments"""
39,UAD1039,0100.0050,other_conditional_scoped,not_loaded,,,0,,,,"If SpecialTaxAssessmentsIndicator = ""true"" and ValuationCommentText is not provided in the instance of VALUATION_COMMENTARY with ValuationAnalysisCategoryType = ""PropertySpecialTaxAssessments"""
40,UAD1040,0100.0054,unconditional_required,loaded_with_collected_tests,app/services/required_data.py,evaluate_required_data (unconditional presence),3,data/uad36-test-suite/tests/fixtures/required_data/test-suite.ttl; data/uad36-test-suite/tests/fixtures/unconditional_required/test-suite.ttl,"tests/test_it_1_r4_s1_unconditional_required.py::test_it_1_r4_s1_detects_absent_required_data[UAD1040]
data/uad36-test-suite/tests/test_required_data_acceptance.py::test_production_detects_missing_required_data[0100.0054-UAD1040]
data/uad36-test-suite/tests/test_required_data_rdf.py::test_rdf_missing_element_produces_expected_finding[0100.0054-UAD1040]",,If NativeAmericanLandsIndicator is not provided
41,UAD1041,0100.0059,single_equality_conditional,loaded_with_collected_tests,app/services/single_equality_required_data.py,evaluate_single_equality,3,data/uad36-test-suite/tests/fixtures/single_equality/test-suite.ttl,"tests/test_it_1_r2_single_equality_behavior.py::test_it_1_r2_s1_single_equality_behavior[UAD1041-nonmatching-missing]
tests/test_it_1_r2_single_equality_behavior.py::test_it_1_r2_s1_single_equality_behavior[UAD1041-matching-missing]
tests/test_it_1_r2_single_equality_behavior.py::test_it_1_r2_s1_single_equality_behavior[UAD1041-matching-supplied]",,"If @ValuationUseType = ""SalesComparable"" and AccessoryDwellingUnitTotalCount is not provided"
42,UAD1042,0100.0065,unconditional_required,loaded_with_collected_tests,app/services/required_data.py,evaluate_required_data (unconditional presence),3,data/uad36-test-suite/tests/fixtures/required_data/test-suite.ttl; data/uad36-test-suite/tests/fixtures/unconditional_required/test-suite.ttl,"tests/test_it_1_r4_s1_unconditional_required.py::test_it_1_r4_s1_detects_absent_required_data[UAD1042]
data/uad36-test-suite/tests/test_required_data_acceptance.py::test_production_detects_missing_required_data[0100.0065-UAD1042]
data/uad36-test-suite/tests/test_required_data_rdf.py::test_rdf_missing_element_produces_expected_finding[0100.0065-UAD1042]",,If PropertyInProjectIndicator is not provided
43,UAD1043,0100.0067,alternative_mutually_exclusive,not_loaded,,,0,,,,"If ImageCategoryType = ""LegalDescription"" is not provided in any instance of IMAGE, and ParcelsLegalDescription is not provided"
44,UAD1044,0100.0068,single_equality_conditional,loaded_with_collected_tests,app/services/single_equality_required_data.py,evaluate_single_equality,3,data/uad36-test-suite/tests/fixtures/single_equality/test-suite.ttl,"tests/test_it_1_r2_single_equality_behavior.py::test_it_1_r2_s1_single_equality_behavior[UAD1044-nonmatching-missing]
tests/test_it_1_r2_single_equality_behavior.py::test_it_1_r2_s1_single_equality_behavior[UAD1044-matching-missing]
tests/test_it_1_r2_single_equality_behavior.py::test_it_1_r2_s1_single_equality_behavior[UAD1044-matching-supplied]",,"If @ValuationUseType = ""RentalComparable"" and ImprovementType is not provided in a given instance of IMPROVEMENT_DETAIL"
45,UAD1045,0200.0015,unconditional_required,loaded_with_collected_tests,app/services/required_data.py,evaluate_required_data (unconditional presence),3,data/uad36-test-suite/tests/fixtures/required_data/test-suite.ttl; data/uad36-test-suite/tests/fixtures/unconditional_required/test-suite.ttl,"tests/test_it_1_r4_s1_unconditional_required.py::test_it_1_r4_s1_detects_absent_required_data[UAD1045]
data/uad36-test-suite/tests/test_required_data_acceptance.py::test_production_detects_missing_required_data[0200.0015-UAD1045]
data/uad36-test-suite/tests/test_required_data_rdf.py::test_rdf_missing_element_produces_expected_finding[0200.0015-UAD1045]",,If PropertyAmenityExistsIndicator is not provided
46,UAD1046,0200.0053,single_equality_conditional,loaded_with_collected_tests,app/services/required_data.py,evaluate_required_data (ConditionalRule),3,data/uad36-test-suite/tests/fixtures/single_equality/test-suite.ttl,"tests/test_it_1_r2_single_equality_behavior.py::test_it_1_r2_s1_single_equality_behavior[UAD1046-nonmatching-missing]
tests/test_it_1_r2_single_equality_behavior.py::test_it_1_r2_s1_single_equality_behavior[UAD1046-matching-missing]
tests/test_it_1_r2_single_equality_behavior.py::test_it_1_r2_s1_single_equality_behavior[UAD1046-matching-supplied]",,"If PropertyAmenityExistsIndicator = ""true"" and SubjectPropertyAmenitiesDefectsExistIndicator is not provided"
47,UAD1047,0300.0009,existing_context_required,loaded_with_collected_tests,app/services/existing_context_required_data.py,evaluate_existing_context_required,1,data/uad36-test-suite/tests/fixtures/existing_context_required/test-suite.ttl,tests/test_it_1_r8_s1_existing_context_required.py::test_it_1_r8_s1_detects_missing_data_inside_existing_context[UAD1047],,If ImprovementType is not provided in a given instance of IMPROVEMENT_DETAIL
48,UAD1048,0300.0009,required_structures,loaded_with_collected_tests,app/services/required_structure_required_data.py,evaluate_required_structure,1,data/uad36-test-suite/tests/fixtures/required_structures/required-structures-test-suite.ttl,tests/test_it_1_r3_s1_required_structure.py::test_it_1_r3_s1_detects_an_absent_required_structure[UAD1048],,"If ImprovementType is not ""Dwelling"" in at least one instance of IMPROVEMENT_DETAIL"
49,UAD1049,0300.0010,unconditional_required,loaded_with_collected_tests,app/services/required_data.py,evaluate_required_data (unconditional presence),3,data/uad36-test-suite/tests/fixtures/required_data/test-suite.ttl; data/uad36-test-suite/tests/fixtures/unconditional_required/test-suite.ttl,"tests/test_it_1_r4_s1_unconditional_required.py::test_it_1_r4_s1_detects_absent_required_data[UAD1049]
data/uad36-test-suite/tests/test_required_data_acceptance.py::test_production_detects_missing_required_data[0300.0010-UAD1049]
data/uad36-test-suite/tests/test_required_data_rdf.py::test_rdf_missing_element_produces_expected_finding[0300.0010-UAD1049]",,If NewConstructionIndicator is not provided
50,UAD1050,0300.0011,single_equality_conditional,loaded_with_collected_tests,app/services/scoped_required_data.py,evaluate_scoped_rule,3,data/uad36-test-suite/tests/fixtures/single_equality/test-suite.ttl,"tests/test_it_1_r2_single_equality_behavior.py::test_it_1_r2_s1_single_equality_behavior[UAD1050-nonmatching-missing]
tests/test_it_1_r2_single_equality_behavior.py::test_it_1_r2_s1_single_equality_behavior[UAD1050-matching-missing]
tests/test_it_1_r2_single_equality_behavior.py::test_it_1_r2_s1_single_equality_behavior[UAD1050-matching-supplied]",,"If ImprovementType = ""Dwelling"" and PropertyStructureBuiltYear is not provided in a given instance of IMPROVEMENT_DETAIL"
51,UAD1051,0300.0010,date_chronology,loaded_with_collected_tests,app/services/date_chronology_required_data.py,evaluate_date_chronology,5,tests/fixtures/it_1/r11/s1/manifest.ttl,"tests/test_it_1_r11_s1_date_chronology.py::test_it_1_r11_s1_rejects_prohibited_date_relationship[UAD1051-following-year-boundary]
tests/test_it_1_r11_s1_date_chronology.py::test_it_1_r11_s1_rejects_prohibited_date_relationship[UAD1051-not-new-construction-control]
tests/test_it_1_r11_s1_date_chronology.py::test_it_1_r11_s1_rejects_prohibited_date_relationship[UAD1051-outbuilding-control]
tests/test_it_1_r11_s1_date_chronology.py::test_it_1_r11_s1_rejects_prohibited_date_relationship[UAD1051-previous-year-boundary]
tests/test_it_1_r11_s1_date_chronology.py::test_it_1_r11_s1_rejects_prohibited_date_relationship[UAD1051-same-year]",,"If NewConstructionIndicator = ""true"", and PropertyStructureBuiltYear is not the same year, or within 1 year of the AppraisalReportEffectiveDate, for one or more instances of IMPROVEMENT_DETAIL with ImprovementType = ""Dwelling""."
52,UAD1052,0300.0011,numeric_bounds,loaded_with_collected_tests,app/services/numeric_bound_required_data.py,evaluate_numeric_bound,1,data/uad36-test-suite/tests/fixtures/numeric_bounds/test-suite.ttl,tests/test_it_1_r6_s1_numeric_bounds.py::test_it_1_r6_s1_rejects_numeric_value_outside_governed_bounds[UAD1052],,"If PropertyStructureBuiltYear < 1800 in a given instance of IMPROVEMENT_DETAIL with ImprovementType = ""Dwelling"""
53,UAD1053,0300.0011,date_chronology,loaded_with_collected_tests,app/services/date_chronology_required_data.py,evaluate_date_chronology,3,tests/fixtures/it_1/r11/s1/manifest.ttl,"tests/test_it_1_r11_s1_date_chronology.py::test_it_1_r11_s1_rejects_prohibited_date_relationship[UAD1053-c1-two-year-boundary]
tests/test_it_1_r11_s1_date_chronology.py::test_it_1_r11_s1_rejects_prohibited_date_relationship[UAD1053-non-c1-effective-year-boundary]
tests/test_it_1_r11_s1_date_chronology.py::test_it_1_r11_s1_rejects_prohibited_date_relationship[UAD1053-outbuilding-control]",,"If ((ExteriorConditionRatingCode = ""C1"" and PropertyStructureBuiltYear > year of (AppraisalReportEffectiveDate) + 2 years ) or (ExteriorConditionRatingCode <> ""C1"" and PropertyStructureBuiltYear > year of (AppraisalReportEffectiveDate)) in a given instance of IMPROVEMENT_DETAIL with ImprovementType = ""Dwelling"""
54,UAD1054,0300.0012,other_conditional_scoped,loaded_with_collected_tests,app/services/scoped_required_data.py,evaluate_scoped_rule,5,tests/fixtures/it_1/r1/s1/manifest.ttl,"tests/test_it_1_r1_s1_conditional_scoped_requirements.py::test_it_1_r1_s1_conditional_scoped_requirement[slice-01-IT-1R1S1-UAD1054-dwelling-missing]
tests/test_it_1_r1_s1_conditional_scoped_requirements.py::test_it_1_r1_s1_conditional_scoped_requirement[slice-01-IT-1R1S1-UAD1054-dwelling-supplied]
tests/test_it_1_r1_s1_conditional_scoped_requirements.py::test_it_1_r1_s1_conditional_scoped_requirement[slice-01-IT-1R1S1-UAD1054-first-dwelling-missing-second-supplied]
tests/test_it_1_r1_s1_conditional_scoped_requirements.py::test_it_1_r1_s1_conditional_scoped_requirement[slice-01-IT-1R1S1-UAD1054-first-dwelling-supplied-second-missing]
tests/test_it_1_r1_s1_conditional_scoped_requirements.py::test_it_1_r1_s1_conditional_scoped_requirement[slice-01-IT-1R1S1-UAD1054-outbuilding-missing]",,"If ImprovementType = ""Dwelling"", and PropertyStructureBuiltYearEstimatedIndicator is not provided in a given instance of IMPROVEMENT_DETAIL"
55,UAD1055,0300.0023,other_conditional_scoped,not_loaded,,,0,,,,"If ImprovementType = ""Outbuilding"" and OutbuildingRealPropertyIndicator = ""true"", and LivingUnitCount = 0, and HeatingSystemExistsIndicator is not provided in a given instance of IMPROVEMENT_DETAIL"
56,UAD1056,0300.0025,single_equality_conditional,loaded_with_collected_tests,app/services/scoped_required_data.py,evaluate_scoped_rule,3,data/uad36-test-suite/tests/fixtures/single_equality/test-suite.ttl,"tests/test_it_1_r2_single_equality_behavior.py::test_it_1_r2_s1_single_equality_behavior[UAD1056-nonmatching-missing]
tests/test_it_1_r2_single_equality_behavior.py::test_it_1_r2_s1_single_equality_behavior[UAD1056-matching-missing]
tests/test_it_1_r2_single_equality_behavior.py::test_it_1_r2_s1_single_equality_behavior[UAD1056-matching-supplied]",,"If ImprovementType = ""Outbuilding"" and OutbuildingType is not provided in a given instance of IMPROVEMENT_DETAIL"
57,UAD1057,0300.0026,single_equality_conditional,loaded_with_collected_tests,app/services/scoped_required_data.py,evaluate_scoped_rule,3,data/uad36-test-suite/tests/fixtures/single_equality/test-suite.ttl,"tests/test_it_1_r2_single_equality_behavior.py::test_it_1_r2_s1_single_equality_behavior[UAD1057-nonmatching-missing]
tests/test_it_1_r2_single_equality_behavior.py::test_it_1_r2_s1_single_equality_behavior[UAD1057-matching-missing]
tests/test_it_1_r2_single_equality_behavior.py::test_it_1_r2_s1_single_equality_behavior[UAD1057-matching-supplied]",,"If OutbuildingType = ""Other"" and OutbuildingTypeOtherDescription is not provided in a given instance of IMPROVEMENT_DETAIL"
58,UAD1058,0300.0028,required_structures,loaded_with_collected_tests,app/services/required_structure_required_data.py,evaluate_required_structure,1,data/uad36-test-suite/tests/fixtures/required_structures/required-structures-test-suite.ttl,tests/test_it_1_r3_s1_required_structure.py::test_it_1_r3_s1_detects_an_absent_required_structure[UAD1058],,"If ImprovementType = ""Outbuilding"" and OutbuildingRealPropertyIndicator = ""true"", and (at least one instance of OUTBUILDING_UTILITY is not provided or UtilityType is not provided in a given instance of OUTBUILDING_UTILITY)"
59,UAD1059,0300.0029,other_conditional_scoped,not_loaded,,,0,,,,"If ImprovementType = ""Outbuilding"" and OutbuildingRealPropertyIndicator = ""true"" and UtilityType = ""Other"" and UtilityTypeOtherDescription is not provided in a given instance of OUTBUILDING_UTILITY"
60,UAD1060,0300.0032,other_conditional_scoped,not_loaded,,,0,,,,"If ImprovementType = ""Dwelling"" and AttachmentType = ""Attached"", and StructuralDesignType is not provided in ARCHITECTURAL_DESIGN in a given instance of IMPROVEMENT"
61,UAD1061,0300.0033,single_equality_conditional,loaded_with_collected_tests,app/services/single_equality_required_data.py,evaluate_single_equality,3,data/uad36-test-suite/tests/fixtures/single_equality/test-suite.ttl,"tests/test_it_1_r2_single_equality_behavior.py::test_it_1_r2_s1_single_equality_behavior[UAD1061-nonmatching-missing]
tests/test_it_1_r2_single_equality_behavior.py::test_it_1_r2_s1_single_equality_behavior[UAD1061-matching-missing]
tests/test_it_1_r2_single_equality_behavior.py::test_it_1_r2_s1_single_equality_behavior[UAD1061-matching-supplied]",,"If StructuralDesignType = ""Other"" and StructuralDesignTypeOtherDescription is not provided in a given instance of ARCHITECTURAL_DESIGN"
62,UAD1062,0300.0034,required_structures,loaded_with_collected_tests,app/services/required_structure_required_data.py,evaluate_required_structure,1,data/uad36-test-suite/tests/fixtures/required_structures/required-structures-test-suite.ttl,tests/test_it_1_r3_s1_required_structure.py::test_it_1_r3_s1_detects_an_absent_required_structure[UAD1062],,"If ((ImprovementType = ""Dwelling"" and AttachmentType = ""Detached"") or (ImprovementType = ""Dwelling"" and AttachmentType = ""Attached"" and StructuralDesignType = ""RowhouseTownhouse"" or ""SemiDetached"" or ""Other"")), and (at least one instance of CONSTRUCTION_METHOD is not provided or ConstructionMethodType is not provided in a given instance of CONSTRUCTION_METHOD)"
63,UAD1063,0300.0035,single_equality_conditional,loaded_with_collected_tests,app/services/single_equality_required_data.py,evaluate_single_equality,3,data/uad36-test-suite/tests/fixtures/single_equality/test-suite.ttl,"tests/test_it_1_r2_single_equality_behavior.py::test_it_1_r2_s1_single_equality_behavior[UAD1063-nonmatching-missing]
tests/test_it_1_r2_single_equality_behavior.py::test_it_1_r2_s1_single_equality_behavior[UAD1063-matching-missing]
tests/test_it_1_r2_single_equality_behavior.py::test_it_1_r2_s1_single_equality_behavior[UAD1063-matching-supplied]",,"If ConstructionMethodType = ""Other"" and ConstructionMethodTypeOtherDescription is not provided in a given instance of CONSTRUCTION_METHOD"
64,UAD1064,0300.0041,other_conditional_scoped,not_loaded,,,0,,,,"If CostApproachIndicator = ""true"" and ImprovementType = ""Dwelling"" and EstimatedRemainingEconomicLifeYearsCount is not provided in a given instance of STRUCTURE_ANALYSIS_DETAIL"
65,UAD1065,"0300.0055
",other_conditional_scoped,not_loaded,,,0,,,,"If ImprovementType = ""Dwelling"" and HomeownerResponsibleForExteriorMaintenanceIndicator = ""true"" and ImprovementComponentType is not provided in a given instance of STRUCTURE_COMPONENT_DETAIL"
66,UAD1066,0300.0056,single_equality_conditional,loaded_with_collected_tests,app/services/single_equality_required_data.py,evaluate_single_equality,3,data/uad36-test-suite/tests/fixtures/single_equality/test-suite.ttl,"tests/test_it_1_r2_single_equality_behavior.py::test_it_1_r2_s1_single_equality_behavior[UAD1066-nonmatching-missing]
tests/test_it_1_r2_single_equality_behavior.py::test_it_1_r2_s1_single_equality_behavior[UAD1066-matching-missing]
tests/test_it_1_r2_single_equality_behavior.py::test_it_1_r2_s1_single_equality_behavior[UAD1066-matching-supplied]",,"If ImprovementComponentType = ""Other"" and ImprovementComponentTypeOtherDescription is not provided in a given instance of STRUCTURE_COMPONENT_DETAIL"
67,UAD1067,0300.0055,required_structures,loaded_with_collected_tests,app/services/required_structure_required_data.py,evaluate_required_structure,1,data/uad36-test-suite/tests/fixtures/required_structures/required-structures-test-suite.ttl,tests/test_it_1_r3_s1_required_structure.py::test_it_1_r3_s1_detects_an_absent_required_structure[UAD1067],,"If ImprovementType = ""Dwelling"" AND HomeownerResponsibleForExteriorMaintenanceIndicator = ""true"" and there is no instance of STRUCTURE_COMPONENT_DETAIL with ImprovementComponentType = ""Foundation"""
68,UAD1068,0300.0044,required_structures,loaded_with_collected_tests,app/services/required_structure_required_data.py,evaluate_required_structure,1,data/uad36-test-suite/tests/fixtures/required_structures/required-structures-test-suite.ttl,tests/test_it_1_r3_s1_required_structure.py::test_it_1_r3_s1_detects_an_absent_required_structure[UAD1068],,"If ImprovementType = ""Dwelling"" AND HomeownerResponsibleForExteriorMaintenanceIndicator = ""true"" and ImprovementComponentType = ""Foundation"" and (at least one instance of FOUNDATION_MATERIAL is not provided or FoundationMaterialType is not provided in a given instance of FOUNDATION_MATERIAL)"
69,UAD1069,0300.0045,single_equality_conditional,loaded_with_collected_tests,app/services/single_equality_required_data.py,evaluate_single_equality,3,data/uad36-test-suite/tests/fixtures/single_equality/test-suite.ttl,"tests/test_it_1_r2_single_equality_behavior.py::test_it_1_r2_s1_single_equality_behavior[UAD1069-nonmatching-missing]
tests/test_it_1_r2_single_equality_behavior.py::test_it_1_r2_s1_single_equality_behavior[UAD1069-matching-missing]
tests/test_it_1_r2_single_equality_behavior.py::test_it_1_r2_s1_single_equality_behavior[UAD1069-matching-supplied]",,"If FoundationMaterialType = ""Other"" and FoundationMaterialTypeOtherDescription is not provided in a given instance of FOUNDATION_MATERIAL"
70,UAD1070,0300.0046,required_structures,loaded_with_collected_tests,app/services/required_structure_required_data.py,evaluate_required_structure,1,data/uad36-test-suite/tests/fixtures/required_structures/required-structures-test-suite.ttl,tests/test_it_1_r3_s1_required_structure.py::test_it_1_r3_s1_detects_an_absent_required_structure[UAD1070],,"If ImprovementType = ""Dwelling"" AND HomeownerResponsibleForExteriorMaintenanceIndicator = ""true"" and ImprovementComponentType = ""Foundation"" and (at least one instance of FOUNDATION_STYLE is not provided or FoundationType is not provided in a given instance of FOUNDATION_STYLE)"
71,UAD1071,0300.0047,single_equality_conditional,loaded_with_collected_tests,app/services/single_equality_required_data.py,evaluate_single_equality,3,data/uad36-test-suite/tests/fixtures/single_equality/test-suite.ttl,"tests/test_it_1_r2_single_equality_behavior.py::test_it_1_r2_s1_single_equality_behavior[UAD1071-nonmatching-missing]
tests/test_it_1_r2_single_equality_behavior.py::test_it_1_r2_s1_single_equality_behavior[UAD1071-matching-missing]
tests/test_it_1_r2_single_equality_behavior.py::test_it_1_r2_s1_single_equality_behavior[UAD1071-matching-supplied]",,"If FoundationType = ""Other"" and FoundationTypeOtherDescription is not provided in a given instance of FOUNDATION_STYLE"
72,UAD1072,0300.0055,required_structures,loaded_with_collected_tests,app/services/required_structure_required_data.py,evaluate_required_structure,1,data/uad36-test-suite/tests/fixtures/required_structures/required-structures-test-suite.ttl,tests/test_it_1_r3_s1_required_structure.py::test_it_1_r3_s1_detects_an_absent_required_structure[UAD1072],,"If ImprovementType = ""Dwelling"" AND HomeownerResponsibleForExteriorMaintenanceIndicator = ""true"" and there is no instance of STRUCTURE_COMPONENT_DETAIL with ImprovementComponentType = ""Roof"""
73,UAD1073,0300.0048,other_conditional_scoped,not_loaded,,,0,,,,"If ImprovementComponentType = ""Roof"" and RoofEstimatedAgeRangeType is not provided in ROOF_DETAIL"
74,UAD1074,0300.0049,other_conditional_scoped,not_loaded,,,0,,,,"If ImprovementComponentType = ""Roof"" and RoofObservableIndicator is not provided in ROOF_DETAIL"
75,UAD1075,0300.0050,required_structures,loaded_with_collected_tests,app/services/required_structure_required_data.py,evaluate_required_structure,1,data/uad36-test-suite/tests/fixtures/required_structures/required-structures-test-suite.ttl,tests/test_it_1_r3_s1_required_structure.py::test_it_1_r3_s1_detects_an_absent_required_structure[UAD1075],,"If ImprovementType = ""Dwelling"" AND HomeownerResponsibleForExteriorMaintenanceIndicator = ""true"" and ImprovementComponentType = ""Roof"" and (at least one instance of ROOF_MATERIAL is not provided or RoofMaterialType is not provided in a given instance of ROOF_MATERIAL)"
76,UAD1076,0300.0051,single_equality_conditional,loaded_with_collected_tests,app/services/single_equality_required_data.py,evaluate_single_equality,3,data/uad36-test-suite/tests/fixtures/single_equality/test-suite.ttl,"tests/test_it_1_r2_single_equality_behavior.py::test_it_1_r2_s1_single_equality_behavior[UAD1076-nonmatching-missing]
tests/test_it_1_r2_single_equality_behavior.py::test_it_1_r2_s1_single_equality_behavior[UAD1076-matching-missing]
tests/test_it_1_r2_single_equality_behavior.py::test_it_1_r2_s1_single_equality_behavior[UAD1076-matching-supplied]",,"If RoofMaterialType = ""Other"" and RoofMaterialTypeOtherDescription is not provided in a given instance of ROOF_MATERIAL"
77,UAD1077,0300.0052,other_conditional_scoped,not_loaded,,,0,,,,"If ImprovementType = ""Dwelling"", and HomeownerResponsibleForExteriorMaintenanceIndicator = ""true"", and ImprovementComponentType = ""Windows"" or ""Other"", and ImprovementComponentTypeAdditionalDescription is not provided in a given instance of STRUCTURE_COMPONENT_DETAIL"
78,UAD1078,0300.0054,other_conditional_scoped,not_loaded,,,0,,,,"If (ImprovementType = ""Dwelling"" and ImprovementComponentType <> ""Roof""), or (ImprovementType = ""Dwelling"" and ImprovementComponentType = ""Roof"" and RoofObservableIndicator = ""true""), and ImprovementComponentConditionStatusType is not provided in a given instance of STRUCTURE_COMPONENT_DETAIL"
79,UAD1079,0300.0055,required_structures,loaded_with_collected_tests,app/services/required_structure_required_data.py,evaluate_required_structure,1,data/uad36-test-suite/tests/fixtures/required_structures/required-structures-test-suite.ttl,tests/test_it_1_r3_s1_required_structure.py::test_it_1_r3_s1_detects_an_absent_required_structure[UAD1079],,"If ImprovementType = ""Dwelling"" AND HomeownerResponsibleForExteriorMaintenanceIndicator = ""true"" and there is no instance of STRUCTURE_COMPONENT_DETAIL with ImprovementComponentType = ""'ExteriorWallsAndTrim"""
80,UAD1080,0300.0098,required_structures,loaded_with_collected_tests,app/services/required_structure_required_data.py,evaluate_required_structure,1,data/uad36-test-suite/tests/fixtures/required_structures/required-structures-test-suite.ttl,tests/test_it_1_r3_s1_required_structure.py::test_it_1_r3_s1_detects_an_absent_required_structure[UAD1080],,"If ImprovementType = ""Dwelling"" AND HomeownerResponsibleForExteriorMaintenanceIndicator = ""true"" and ImprovementComponentType = ""ExteriorWallsAndTrim"" and (at least one instance of EXTERIOR_WALL is not provided or WallMaterialType is not provided in a given instance of EXTERIOR_WALL)"
81,UAD1081,0300.0099,single_equality_conditional,loaded_with_collected_tests,app/services/single_equality_required_data.py,evaluate_single_equality,3,data/uad36-test-suite/tests/fixtures/single_equality/test-suite.ttl,"tests/test_it_1_r2_single_equality_behavior.py::test_it_1_r2_s1_single_equality_behavior[UAD1081-nonmatching-missing]
tests/test_it_1_r2_single_equality_behavior.py::test_it_1_r2_s1_single_equality_behavior[UAD1081-matching-missing]
tests/test_it_1_r2_single_equality_behavior.py::test_it_1_r2_s1_single_equality_behavior[UAD1081-matching-supplied]",,"If WallMaterialType = ""Other"" and WallMaterialTypeOtherDescription is not provided in a given instance of EXTERIOR_WALL"
82,UAD1082,0300.0059,single_equality_conditional,loaded_with_collected_tests,app/services/single_equality_required_data.py,evaluate_single_equality,3,data/uad36-test-suite/tests/fixtures/single_equality/test-suite.ttl,"tests/test_it_1_r2_single_equality_behavior.py::test_it_1_r2_s1_single_equality_behavior[UAD1082-nonmatching-missing]
tests/test_it_1_r2_single_equality_behavior.py::test_it_1_r2_s1_single_equality_behavior[UAD1082-matching-missing]
tests/test_it_1_r2_single_equality_behavior.py::test_it_1_r2_s1_single_equality_behavior[UAD1082-matching-supplied]",,"If StructuralDesignType = ""RowhouseTownhouse"" and RowhouseTownhouseEndUnitIndicator is not provided in a given instance of STRUCTURE_DETAIL"
83,UAD1083,0300.0060,other_conditional_scoped,not_loaded,,,0,,,,"If ImprovementType = ""Outbuilding"" and OutbuildingRealPropertyIndicator = ""true"", and StructureAreaMeasure is not provided in a given instance of STRUCTURE_DETAIL"
84,UAD1084,0300.0063,other_conditional_scoped,not_loaded,,,0,,,Rule Logic,"If ImprovementType = ""Dwelling"" or
(ImprovementType = ""Outbuilding"" and OutbuildingRealPropertyIndicator = ""true""), and LivingUnitCount is not provided in a given instance of STRUCTURE_DETAIL"
85,UAD1085,0300.0063,numeric_bounds,loaded_with_collected_tests,app/services/numeric_bound_required_data.py,evaluate_numeric_bound,1,data/uad36-test-suite/tests/fixtures/numeric_bounds/test-suite.ttl,tests/test_it_1_r6_s1_numeric_bounds.py::test_it_1_r6_s1_rejects_numeric_value_outside_governed_bounds[UAD1085],,"If ImprovementType = ""Dwelling"" and LivingUnitCount = 0 in a given instance of STRUCTURE_DETAIL"
86,UAD1086,0300.0063,aggregate_cross_record_consistency,loaded_with_collected_tests,app/services/aggregate_cross_record_required_data.py,evaluate_aggregate_cross_record,3,tests/fixtures/it_1/r13/s1/manifest.ttl,"tests/test_it_1_r13_s1_aggregate_cross_record_consistency.py::test_it_1_r13_s1_aggregate_cross_record_consistency[UAD1086:local-improvement-count]
tests/test_it_1_r13_s1_aggregate_cross_record_consistency.py::test_it_1_r13_s1_aggregate_cross_record_consistency[UAD1086:one-unit]
tests/test_it_1_r13_s1_aggregate_cross_record_consistency.py::test_it_1_r13_s1_aggregate_cross_record_consistency[UAD1086:other-property-control]",,"For each IMPROVEMENT, if LivingUnitCount <> the number of instances of PROPERTY_UNIT"
87,UAD1087,0300.0064,other_conditional_scoped,not_loaded,,,0,,,,"If StructuralDesignType = ""Highrise"" or ""Midrise"", and StoriesCount is not provided in a given instance of STRUCTURE_DETAIL"
88,UAD1088,0300.0074,other_conditional_scoped,not_loaded,,,0,,,,"If ImprovementType = ""Dwelling"", and ConstructionMethodType = ""Modular"" or ""OnFrameModular"", and FactoryBuiltCertificationExaminedIndicator is not provided in a given instance of STRUCTURE_DETAIL"
89,UAD1089,0300.0088,required_structures,loaded_with_collected_tests,app/services/required_structure_required_data.py,evaluate_required_structure,1,data/uad36-test-suite/tests/fixtures/required_structures/required-structures-test-suite.ttl,tests/test_it_1_r3_s1_required_structure.py::test_it_1_r3_s1_detects_an_absent_required_structure[UAD1089],,"If ImprovementType = ""Dwelling"" or (ImprovementType = ""Outbuilding"" and OutbuildingRealPropertyIndicator = ""true"" and LivingUnitCount > 0), and (at least one instance of HEATING_SYSTEM is not provided or HeatingSystemType is not provided in a given instance of HEATING_SYSTEM)"
90,UAD1090,0300.0089,single_equality_conditional,loaded_with_collected_tests,app/services/single_equality_required_data.py,evaluate_single_equality,3,data/uad36-test-suite/tests/fixtures/single_equality/test-suite.ttl,"tests/test_it_1_r2_single_equality_behavior.py::test_it_1_r2_s1_single_equality_behavior[UAD1090-nonmatching-missing]
tests/test_it_1_r2_single_equality_behavior.py::test_it_1_r2_s1_single_equality_behavior[UAD1090-matching-missing]
tests/test_it_1_r2_single_equality_behavior.py::test_it_1_r2_s1_single_equality_behavior[UAD1090-matching-supplied]",,"If HeatingSystemType = ""Other"" and HeatingSystemTypeOtherDescription is not provided in a given instance of HEATING_SYSTEM"
91,UAD1091,0300.0101,other_conditional_scoped,not_loaded,,,0,,,,"If ImprovementType = ""Dwelling"" and LivingUnitExcludingADUCount > 1, and StructureIdentifier is not provided in a given instance of STRUCTURE_DETAIL"
92,UAD1092,0300.0101,uniqueness_cardinality,loaded_with_collected_tests,app/services/uniqueness_cardinality_required_data.py,evaluate_uniqueness_cardinality,1,data/uad36-test-suite/tests/fixtures/uniqueness_cardinality/test-suite.ttl,tests/test_it_1_r5_s1_uniqueness_cardinality.py::test_it_1_r5_s1_rejects_prohibited_duplicate_or_occurrence_count[UAD1092],,If StructureIdentifier is not unique across all instances of STRUCTURE_DETAIL
93,UAD1093,0300.0065,uniqueness_cardinality,loaded_with_collected_tests,app/services/uniqueness_cardinality_required_data.py,evaluate_uniqueness_cardinality,1,data/uad36-test-suite/tests/fixtures/uniqueness_cardinality/test-suite.ttl,tests/test_it_1_r5_s1_uniqueness_cardinality.py::test_it_1_r5_s1_rejects_prohibited_duplicate_or_occurrence_count[UAD1093],,"If @ValuationUseType = ""SalesComparable"" and StructureIdentifier is not unique across all instances of IMPROVEMENT/STRUCTURE/STRUCTURE_DETAIL for a given comp"
94,UAD1094,0300.0111,other_conditional_scoped,loaded_with_collected_tests,app/services/scoped_required_data.py,evaluate_scoped_rule,10,tests/fixtures/it_1/r1/s1/manifest.ttl,"tests/test_it_1_r1_s1_conditional_scoped_requirements.py::test_it_1_r1_s1_conditional_scoped_requirement[slice-02-IT-1R1S1-UAD1094-conditions-split-between-instances]
tests/test_it_1_r1_s1_conditional_scoped_requirements.py::test_it_1_r1_s1_conditional_scoped_requirement[slice-02-IT-1R1S1-UAD1094-dwelling-real-not-applicable]
tests/test_it_1_r1_s1_conditional_scoped_requirements.py::test_it_1_r1_s1_conditional_scoped_requirement[slice-02-IT-1R1S1-UAD1094-first-missing-second-supplied]
tests/test_it_1_r1_s1_conditional_scoped_requirements.py::test_it_1_r1_s1_conditional_scoped_requirement[slice-02-IT-1R1S1-UAD1094-first-supplied-second-missing]
tests/test_it_1_r1_s1_conditional_scoped_requirements.py::test_it_1_r1_s1_conditional_scoped_requirement[slice-02-IT-1R1S1-UAD1094-neither-not-applicable]
tests/test_it_1_r1_s1_conditional_scoped_requirements.py::test_it_1_r1_s1_conditional_scoped_requirement[slice-02-IT-1R1S1-UAD1094-nonapplicable-with-compliant-neighbor]
tests/test_it_1_r1_s1_conditional_scoped_requirements.py::test_it_1_r1_s1_conditional_scoped_requirement[slice-02-IT-1R1S1-UAD1094-outbuilding-not-real-not-applicable]
tests/test_it_1_r1_s1_conditional_scoped_requirements.py::test_it_1_r1_s1_conditional_scoped_requirement[slice-02-IT-1R1S1-UAD1094-outbuilding-real-missing]
tests/test_it_1_r1_s1_conditional_scoped_requirements.py::test_it_1_r1_s1_conditional_scoped_requirement[slice-02-IT-1R1S1-UAD1094-outbuilding-real-supplied]
tests/test_it_1_r1_s1_conditional_scoped_requirements.py::test_it_1_r1_s1_conditional_scoped_requirement[slice-02-IT-1R1S1-UAD1094-two-applicable-missing]",,"If ImprovementType = ""Outbuilding"" and OutbuildingRealPropertyIndicator = ""true"" and OutbuildingDefectsExistIndicator is not provided in a given instance of IMPROVEMENT_DETAIL"
95,UAD1095,0300.0112,other_conditional_scoped,not_loaded,,,0,,,,"If ImprovementType = ""Outbuilding"" and OutbuildingRealPropertyIndicator = ""true"" and StructureExcludingVehicleStorageAndADUFinishedAreaMeasure is not provided in a given instance of STRUCTURE_DETAIL"
96,UAD1096,0300.0113,other_conditional_scoped,not_loaded,,,0,,,,"If ImprovementType = ""Outbuilding"" and OutbuildingRealPropertyIndicator = ""true"" and StructureExcludingVehicleStorageAndADUUnfinishedAreaMeasure is not provided in a given instance of STRUCTURE_DETAIL"
97,UAD1097,0300.0114,other_conditional_scoped,not_loaded,,,0,,,,"If ImprovementType = ""Dwelling"" and LivingUnitExcludingADUCount = 1, and NonContinuousFinishedAreaIndicator is not provided in in a given instance of IMPROVEMENT_DETAIL"
98,UAD1098,0300.0116,other_conditional_scoped,not_loaded,,,0,,,,"If ImprovementType = ""Dwelling"" and HeatingSystemType <> ""None"", and CoreHeatingSystemBelowGradeIndicator is not provided in SYSTEM_DETAIL for a given instance of IMPROVEMENT"
99,UAD1099,0300.0117,other_conditional_scoped,not_loaded,,,0,,,,"If FrontDoorApproximateElevationRangeType is not provided in STRUCTURE_DETAIL for a given instance of IMRPOVEMENT with ImprovementType = ""Dwelling"""
100,UAD1100,0500.0005,other_conditional_scoped,loaded_with_collected_tests,app/services/scoped_required_data.py,evaluate_scoped_rule,7,tests/fixtures/it_1/r1/s1/manifest.ttl,"tests/test_it_1_r1_s1_conditional_scoped_requirements.py::test_it_1_r1_s1_conditional_scoped_requirement[slice-02-IT-1R1S1-UAD1100-first-missing-second-supplied]
tests/test_it_1_r1_s1_conditional_scoped_requirements.py::test_it_1_r1_s1_conditional_scoped_requirement[slice-02-IT-1R1S1-UAD1100-first-supplied-second-missing]
tests/test_it_1_r1_s1_conditional_scoped_requirements.py::test_it_1_r1_s1_conditional_scoped_requirement[slice-02-IT-1R1S1-UAD1100-identifier-absent-not-applicable]
tests/test_it_1_r1_s1_conditional_scoped_requirements.py::test_it_1_r1_s1_conditional_scoped_requirement[slice-02-IT-1R1S1-UAD1100-identifier-present-missing]
tests/test_it_1_r1_s1_conditional_scoped_requirements.py::test_it_1_r1_s1_conditional_scoped_requirement[slice-02-IT-1R1S1-UAD1100-identifier-present-supplied]
tests/test_it_1_r1_s1_conditional_scoped_requirements.py::test_it_1_r1_s1_conditional_scoped_requirement[slice-02-IT-1R1S1-UAD1100-nonapplicable-with-compliant-neighbor]
tests/test_it_1_r1_s1_conditional_scoped_requirements.py::test_it_1_r1_s1_conditional_scoped_requirement[slice-02-IT-1R1S1-UAD1100-two-applicable-missing]",,If ManufacturedHomeFinancingProgramEligibilityIdentifier is provided and ManufacturedHomeFinancingProgramEligibilityType is not provided in a given instance of MANUFACTURED_HOME_FINANCING_PROGRAM
101,UAD1101,0500.0004,other_conditional_scoped,loaded_with_collected_tests,app/services/scoped_required_data.py,evaluate_scoped_rule,11,tests/fixtures/it_1/r1/s1/manifest.ttl,"tests/test_it_1_r1_s1_conditional_scoped_requirements.py::test_it_1_r1_s1_conditional_scoped_requirement[slice-02-IT-1R1S1-UAD1101-FannieMaeMHAdvantage-missing]
tests/test_it_1_r1_s1_conditional_scoped_requirements.py::test_it_1_r1_s1_conditional_scoped_requirement[slice-02-IT-1R1S1-UAD1101-FannieMaeMHAdvantage-supplied]
tests/test_it_1_r1_s1_conditional_scoped_requirements.py::test_it_1_r1_s1_conditional_scoped_requirement[slice-02-IT-1R1S1-UAD1101-FreddieMacCHOICEHome-missing]
tests/test_it_1_r1_s1_conditional_scoped_requirements.py::test_it_1_r1_s1_conditional_scoped_requirement[slice-02-IT-1R1S1-UAD1101-FreddieMacCHOICEHome-supplied]
tests/test_it_1_r1_s1_conditional_scoped_requirements.py::test_it_1_r1_s1_conditional_scoped_requirement[slice-02-IT-1R1S1-UAD1101-Other-missing]
tests/test_it_1_r1_s1_conditional_scoped_requirements.py::test_it_1_r1_s1_conditional_scoped_requirement[slice-02-IT-1R1S1-UAD1101-Other-supplied]
tests/test_it_1_r1_s1_conditional_scoped_requirements.py::test_it_1_r1_s1_conditional_scoped_requirement[slice-02-IT-1R1S1-UAD1101-first-missing-second-supplied]
tests/test_it_1_r1_s1_conditional_scoped_requirements.py::test_it_1_r1_s1_conditional_scoped_requirement[slice-02-IT-1R1S1-UAD1101-first-supplied-second-missing]
tests/test_it_1_r1_s1_conditional_scoped_requirements.py::test_it_1_r1_s1_conditional_scoped_requirement[slice-02-IT-1R1S1-UAD1101-nonapplicable-with-compliant-neighbor]
tests/test_it_1_r1_s1_conditional_scoped_requirements.py::test_it_1_r1_s1_conditional_scoped_requirement[slice-02-IT-1R1S1-UAD1101-two-applicable-missing]
tests/test_it_1_r1_s1_conditional_scoped_requirements.py::test_it_1_r1_s1_conditional_scoped_requirement[slice-02-IT-1R1S1-UAD1101-type-absent-not-applicable]",,If ManufacturedHomeFinancingProgramEligibilityType is provided and ManufacturedHomeFinancingProgramEligibilityIdentifier is not provided in a given instance of MANUFACTURED_HOME_FINANCING_PROGRAM
102,UAD1102,0500.0006,single_equality_conditional,loaded_with_collected_tests,app/services/single_equality_required_data.py,evaluate_single_equality,3,data/uad36-test-suite/tests/fixtures/single_equality/test-suite.ttl,"tests/test_it_1_r2_single_equality_behavior.py::test_it_1_r2_s1_single_equality_behavior[UAD1102-nonmatching-missing]
tests/test_it_1_r2_single_equality_behavior.py::test_it_1_r2_s1_single_equality_behavior[UAD1102-matching-missing]
tests/test_it_1_r2_single_equality_behavior.py::test_it_1_r2_s1_single_equality_behavior[UAD1102-matching-supplied]",,"If ManufacturedHomeFinancingProgramEligibilityType = ""Other"" and ManufacturedHomeFinancingProgramEligibilityTypeOtherDescription is not provided in a given instance of MANUFACTURED_HOME_FINANCING_PROGRAM"
103,UAD1103,0500.0007,other_conditional_scoped,not_loaded,,,0,,,,"If (ImprovementType = ""Dwelling"" and ConstructionMethodType = ""Manufactured"") or (ImprovementType = ""Outbuilding"" and OutbuildingType = ""ManufacturedHome""), and ManufacturedHomeAttachedToFoundationIndicator is not provided in a given instance of MANUFACTURED_HOME_DETAIL"
104,UAD1104,0500.0008,other_conditional_scoped,not_loaded,,,0,,,,"If (ImprovementType = ""Dwelling"" and ConstructionMethodType = ""Manufactured"") or (ImprovementType = ""Outbuilding"" and OutbuildingType = ""ManufacturedHome"" and OutbuildingRealPropertyIndicator = ""true"" and LivingUnitCount > 0), and ManufacturedHomeHitchWheelsAxlesRemovedIndicator is not provided in a given instance of MANUFACTURED_HOME_DETAIL"
105,UAD1105,0500.0009,other_conditional_scoped,not_loaded,,,0,,,,"If (ImprovementType = ""Dwelling"" and ConstructionMethodType = ""Manufactured"") or (ImprovementType = ""Outbuilding"" and OutbuildingType = ""ManufacturedHome"" and OutbuildingRealPropertyIndicator = ""true"" and LivingUnitCount > 0), and ManufacturedHomeHUDCertificateLabelIndicator is not provided in a given instance of MANUFACTURED_HOME_DETAIL"
106,UAD1106,0500.0010,other_conditional_scoped,not_loaded,,,0,,,,"If (ImprovementType = ""Dwelling"" and ConstructionMethodType = ""Manufactured"") or (ImprovementType = ""Outbuilding"" and OutbuildingType = ""ManufacturedHome"" and OutbuildingRealPropertyIndicator = ""true"" and LivingUnitCount > 0), and ManufacturedHomeHUDDataPlateAttachedIndicator is not provided in a given instance of MANUFACTURED_HOME_DETAIL"
107,UAD1107,0500.0011,other_conditional_scoped,not_loaded,,,0,,,,"If ImprovementType = ""Dwelling"" and ConstructionMethodType = ""Manufactured"", and ManufacturedHomeInstalledDate is not provided in a given instance of MANUFACTURED_HOME_DETAIL"
108,UAD1108,0500.0013,other_conditional_scoped,not_loaded,,,0,,,,"If ImprovementType = ""Dwelling"" and ConstructionMethod = ""Manufactured"" and (ManufacturedHomeRetailerInvoiceReviewedIndicator = ""true"" or ManufacturedHomeInvoiceReviewedIndicator = ""true"") and ManufacturedHomeInvoiceReasonableIndicator is not provided in a given instance of MANUFACTURED_HOME_DETAIL"
109,UAD1109,0500.0014,other_conditional_scoped,not_loaded,,,0,,,,"If ImprovementType = ""Dwelling"", and ConstructionMethodType = ""Manufactured"", and NewConstructionIndicator = ""true"", and ManufacturedHomeInvoiceReviewedIndicator is not provided in a given instance of MANUFACTURED_HOME_DETAIL"
110,UAD1110,0500.0016,other_conditional_scoped,not_loaded,,,0,,,,"If ImprovementType = ""Dwelling"" and ConstructionMethod = ""Manufactured"" and ManufacturedHomeHUDDataPlateAttachedIndicator = ""true"", and ManufacturedHomeManufactureDate is not provided"
111,UAD1111,0500.0016,numeric_bounds,loaded_with_collected_tests,app/services/numeric_bound_required_data.py,evaluate_numeric_bound,1,data/uad36-test-suite/tests/fixtures/numeric_bounds/test-suite.ttl,tests/test_it_1_r6_s1_numeric_bounds.py::test_it_1_r6_s1_rejects_numeric_value_outside_governed_bounds[UAD1111],,If ManufacturedHomeManufactureDate < 1976 in a given instance of MANUFACTURED_HOME_DETAIL
112,UAD1113,0500.0020,other_conditional_scoped,not_loaded,,,0,,,,"If (ImprovementType = ""Dwelling"" and ConstructionMethodType = ""Manufactured"") or (ImprovementType = ""Outbuilding"" and OutbuildingType = ""ManufacturedHome"" and OutbuildingRealPropertyIndicator = ""true"" and LivingUnitCount > 0), and ManufacturedHomeModificationIndicator is not provided in a given instance of MANUFACTURED_HOME_DETAIL"
113,UAD1114,0500.0021,other_conditional_scoped,not_loaded,,,0,,,,"If ImprovementType = ""Dwelling"" and ConstructionMethodType = ""Manufactured"", and ManufacturedHomeMovedAfterOriginalInstallationIndicator is not provided in a given instance of MANUFACTURED_HOME_DETAIL"
114,UAD1115,0500.0022,other_conditional_scoped,not_loaded,,,0,,,,"If ImprovementType = ""Dwelling"", and ConstructionMethodType = ""Manufactured"", and NewConstructionIndicator = ""true"", and ManufacturedHomePurchasedFromRetailerIndicator is not provided in a given instance of MANUFACTURED_HOME_DETAIL"
115,UAD1116,0500.0023,other_conditional_scoped,not_loaded,,,0,,,,"If ImprovementType = ""Dwelling"", and ConstructionMethod = ""Manufactured"", and ManufacturedHomePurchasedFromRetailerIndicator = ""true"", and ManufacturedHomeRetailerInvoiceReviewedIndicator is not provided in a given instance of MANUFACTURED_HOME_DETAIL"
116,UAD1117,0500.0028,other_conditional_scoped,not_loaded,,,0,,,,"If ImprovementType = ""Dwelling"" and ConstructionMethod = ""Manufactured"" and ManufacturedHomeHUDDataPlateAttachedIndicator = ""true"", and RoofLoadZoneCode is not provided in a given instance of MANUFACTURED_HOME_DETAIL"
117,UAD1118,0500.0030,other_conditional_scoped,not_loaded,,,0,,,,"If ImprovementType = ""Dwelling"", and ConstructionMethodType = ""Manufactured"", and SkirtingExistsIndicator is not provided in a given instance of MANUFACTURED_HOME_DETAIL"
118,UAD1119,0500.0031,other_conditional_scoped,not_loaded,,,0,,,,"If ImprovementType = ""Dwelling"" and ConstructionMethod = ""Manufactured"" and ManufacturedHomeHUDDataPlateAttachedIndicator = ""true"", and ThermalZoneCode is not provided"
119,UAD1120,0500.0033,other_conditional_scoped,not_loaded,,,0,,,,"If ImprovementType = ""Dwelling"" and ConstructionMethod = ""Manufactured"" and ManufacturedHomeHUDDataPlateAttachedIndicator = ""true"", and WindZoneCode is not provided in a given instance of MANUFACTURED_HOME_DETAIL"
120,UAD1121,0500.0035,required_structures,loaded_with_collected_tests,app/services/required_structure_required_data.py,evaluate_required_structure,1,data/uad36-test-suite/tests/fixtures/required_structures/required-structures-test-suite.ttl,tests/test_it_1_r3_s1_required_structure.py::test_it_1_r3_s1_detects_an_absent_required_structure[UAD1121],Rule Logic,"If ((ImprovementType = ""Dwelling"" and ConstructionMethodType = ""Manufactured"" and ManufacturedHomeModificationIndicator = ""true"")
or (ImprovementType = ""Outbuilding"" and OutbuildingType = ""ManufacturedHome"" and OutbuildingRealPropertyIndicator = ""true"" and LivingUnitCount > 0 and ManufacturedHomeModificationIndicator = ""true"")) and (at least one instance of MANUFACTURED_HOME_MODIFICATION is not provided or ManufacturedHomeModificationType is not provided in a given instance of MANUFACTURED_HOME_MODIFICATION)"
121,UAD1122,0500.0036,single_equality_conditional,loaded_with_collected_tests,app/services/single_equality_required_data.py,evaluate_single_equality,3,data/uad36-test-suite/tests/fixtures/single_equality/test-suite.ttl,"tests/test_it_1_r2_single_equality_behavior.py::test_it_1_r2_s1_single_equality_behavior[UAD1122-nonmatching-missing]
tests/test_it_1_r2_single_equality_behavior.py::test_it_1_r2_s1_single_equality_behavior[UAD1122-matching-missing]
tests/test_it_1_r2_single_equality_behavior.py::test_it_1_r2_s1_single_equality_behavior[UAD1122-matching-supplied]",,"If ManufacturedHomeModificationType = ""Other"" and ManufacturedHomeModificationTypeOtherDescription is not provided in a given instance of MANUFACTURED_HOME_MODIFICATION"
122,UAD1123,0500.0039,required_structures,loaded_with_collected_tests,app/services/required_structure_required_data.py,evaluate_required_structure,1,data/uad36-test-suite/tests/fixtures/required_structures/required-structures-test-suite.ttl,tests/test_it_1_r3_s1_required_structure.py::test_it_1_r3_s1_detects_an_absent_required_structure[UAD1123],,"If ImprovementType = ""Dwelling"" and ConstructionMethodType = ""Manufactured"" and SkirtingExistsIndicator = ""true"", and (at least one instance of SKIRTING_MATERIAL is not provided or SkirtingMaterialType is not provided in a given instance of SKIRTING_MATERIAL)"
123,UAD1124,0500.0040,single_equality_conditional,loaded_with_collected_tests,app/services/single_equality_required_data.py,evaluate_single_equality,3,data/uad36-test-suite/tests/fixtures/single_equality/test-suite.ttl,"tests/test_it_1_r2_single_equality_behavior.py::test_it_1_r2_s1_single_equality_behavior[UAD1124-nonmatching-missing]
tests/test_it_1_r2_single_equality_behavior.py::test_it_1_r2_s1_single_equality_behavior[UAD1124-matching-missing]
tests/test_it_1_r2_single_equality_behavior.py::test_it_1_r2_s1_single_equality_behavior[UAD1124-matching-supplied]",,"If SkirtingMaterialType = ""Other"" and SkirtingMaterialTypeOtherDescription is not provided in a given instance of SKIRTING_MATERIAL"
124,UAD1125,0500.0041,other_conditional_scoped,not_loaded,,,0,,,,"If ImprovementType = ""Dwelling"" and ConstructionMethodType = ""Manufactured"" and ManufacturedHomeInstalledDateEstimatedIndicator is not provided"
125,UAD1126,0500.0044,other_conditional_scoped,not_loaded,,,0,,,,"If ImprovementType = ""Dwelling"" and ConstructionMethodType = ""Manufactured"" and ManufacturedHomeWidthType is not provided"
126,UAD1127,0600.0005,single_equality_conditional,loaded_with_collected_tests,app/services/required_data.py,evaluate_required_data (ConditionalRule),3,data/uad36-test-suite/tests/fixtures/single_equality/test-suite.ttl,"tests/test_it_1_r2_single_equality_behavior.py::test_it_1_r2_s1_single_equality_behavior[UAD1127-nonmatching-missing]
tests/test_it_1_r2_single_equality_behavior.py::test_it_1_r2_s1_single_equality_behavior[UAD1127-matching-missing]
tests/test_it_1_r2_single_equality_behavior.py::test_it_1_r2_s1_single_equality_behavior[UAD1127-matching-supplied]",,"If SalesConcessionIndicator = ""true"" and SalesConcessionAmountKnownIndicator is not provided"
127,UAD1128,0600.0006,single_equality_conditional,loaded_with_collected_tests,app/services/required_data.py,evaluate_required_data (ConditionalRule),9,data/uad36-test-suite/tests/fixtures/single_equality/test-suite.ttl,"tests/test_it_1_r2_single_equality_behavior.py::test_it_1_r2_s1_single_equality_behavior[UAD1128-nonmatching-missing]
tests/test_it_1_r2_single_equality_behavior.py::test_it_1_r2_s1_single_equality_behavior[UAD1128-matching-missing]
tests/test_it_1_r2_single_equality_behavior.py::test_it_1_r2_s1_single_equality_behavior[UAD1128-matching-supplied]
data/uad36-test-suite/tests/test_required_data_rdf.py::test_rdf_conditional_required_data[0600.0006-UAD1128-false-missing]
data/uad36-test-suite/tests/test_required_data_rdf.py::test_rdf_conditional_required_data[0600.0006-UAD1128-true-empty]
data/uad36-test-suite/tests/test_required_data_rdf.py::test_rdf_conditional_required_data[0600.0006-UAD1128-true-missing]
data/uad36-test-suite/tests/test_required_data_rdf.py::test_rdf_conditional_required_data[0600.0006-UAD1128-true-nil]
data/uad36-test-suite/tests/test_required_data_rdf.py::test_rdf_conditional_required_data[0600.0006-UAD1128-true-present]
data/uad36-test-suite/tests/test_required_data_rdf.py::test_rdf_conditional_required_data[0600.0006-UAD1128-true-whitespace]",,"If SalesContractReviewedIndicator = ""true"" and SalesConcessionIndicator is not provided"
128,UAD1129,0600.0008,single_equality_conditional,loaded_with_collected_tests,app/services/required_data.py,evaluate_required_data (ConditionalRule),12,data/uad36-test-suite/tests/fixtures/single_equality/test-suite.ttl,"tests/test_it_1_r2_single_equality_behavior.py::test_it_1_r2_s1_single_equality_behavior[UAD1129-nonmatching-missing]
tests/test_it_1_r2_single_equality_behavior.py::test_it_1_r2_s1_single_equality_behavior[UAD1129-matching-missing]
tests/test_it_1_r2_single_equality_behavior.py::test_it_1_r2_s1_single_equality_behavior[UAD1129-matching-supplied]
data/uad36-test-suite/tests/test_required_data_rdf.py::test_rdf_conditional_required_data[0600.0008-UAD1129-false-missing]
data/uad36-test-suite/tests/test_required_data_rdf.py::test_rdf_conditional_required_data[0600.0008-UAD1129-true-empty]
data/uad36-test-suite/tests/test_required_data_rdf.py::test_rdf_conditional_required_data[0600.0008-UAD1129-true-missing]
data/uad36-test-suite/tests/test_required_data_rdf.py::test_rdf_conditional_required_data[0600.0008-UAD1129-true-nil]
data/uad36-test-suite/tests/test_required_data_rdf.py::test_rdf_conditional_required_data[0600.0008-UAD1129-true-present]
data/uad36-test-suite/tests/test_required_data_rdf.py::test_rdf_conditional_required_data[0600.0008-UAD1129-true-whitespace]
data/uad36-test-suite/tests/test_required_data_rdf.py::test_rdf_context_isolation[0600.0008-UAD1129-other-property-cannot-activate-condition]
data/uad36-test-suite/tests/test_required_data_rdf.py::test_rdf_context_isolation[0600.0008-UAD1129-other-property-cannot-supply-value]
data/uad36-test-suite/tests/test_required_data_rdf.py::test_rdf_context_isolation[0600.0008-UAD1129-other-property-defect-stays-outside-scope]",,"If SalesContractReviewedIndicator = ""true"" and SalesContractAmount is not provided"
129,UAD1130,0600.0009,single_equality_conditional,loaded_with_collected_tests,app/services/required_data.py,evaluate_required_data (ConditionalRule),9,data/uad36-test-suite/tests/fixtures/single_equality/test-suite.ttl,"tests/test_it_1_r2_single_equality_behavior.py::test_it_1_r2_s1_single_equality_behavior[UAD1130-nonmatching-missing]
tests/test_it_1_r2_single_equality_behavior.py::test_it_1_r2_s1_single_equality_behavior[UAD1130-matching-missing]
tests/test_it_1_r2_single_equality_behavior.py::test_it_1_r2_s1_single_equality_behavior[UAD1130-matching-supplied]
data/uad36-test-suite/tests/test_required_data_rdf.py::test_rdf_conditional_required_data[0600.0009-UAD1130-false-missing]
data/uad36-test-suite/tests/test_required_data_rdf.py::test_rdf_conditional_required_data[0600.0009-UAD1130-true-empty]
data/uad36-test-suite/tests/test_required_data_rdf.py::test_rdf_conditional_required_data[0600.0009-UAD1130-true-missing]
data/uad36-test-suite/tests/test_required_data_rdf.py::test_rdf_conditional_required_data[0600.0009-UAD1130-true-nil]
data/uad36-test-suite/tests/test_required_data_rdf.py::test_rdf_conditional_required_data[0600.0009-UAD1130-true-present]
data/uad36-test-suite/tests/test_required_data_rdf.py::test_rdf_conditional_required_data[0600.0009-UAD1130-true-whitespace]",,"If SalesContractReviewedIndicator = ""true"" and SalesContractDate is not provided"
130,UAD1131,0600.0009,date_chronology,loaded_with_collected_tests,app/services/date_chronology_required_data.py,evaluate_date_chronology,2,tests/fixtures/it_1/r11/s1/manifest.ttl,"tests/test_it_1_r11_s1_date_chronology.py::test_it_1_r11_s1_rejects_prohibited_date_relationship[UAD1131-equal-effective-date]
tests/test_it_1_r11_s1_date_chronology.py::test_it_1_r11_s1_rejects_prohibited_date_relationship[UAD1131-other-property-contract-context]",,If SalesContractDate > AppraisalReportEffectiveDate
131,UAD1132,0600.0010,single_equality_conditional,loaded_with_collected_tests,app/services/required_data.py,evaluate_required_data (ConditionalRule),3,data/uad36-test-suite/tests/fixtures/single_equality/test-suite.ttl,"tests/test_it_1_r2_single_equality_behavior.py::test_it_1_r2_s1_single_equality_behavior[UAD1132-nonmatching-missing]
tests/test_it_1_r2_single_equality_behavior.py::test_it_1_r2_s1_single_equality_behavior[UAD1132-matching-missing]
tests/test_it_1_r2_single_equality_behavior.py::test_it_1_r2_s1_single_equality_behavior[UAD1132-matching-supplied]",,"If SalesContractExistsIndicator = ""true"" and SalesContractReviewedIndicator is not provided"
132,UAD1133,0600.0011,single_equality_conditional,loaded_with_collected_tests,app/services/required_data.py,evaluate_required_data (ConditionalRule),3,data/uad36-test-suite/tests/fixtures/single_equality/test-suite.ttl,"tests/test_it_1_r2_single_equality_behavior.py::test_it_1_r2_s1_single_equality_behavior[UAD1133-nonmatching-missing]
tests/test_it_1_r2_single_equality_behavior.py::test_it_1_r2_s1_single_equality_behavior[UAD1133-matching-missing]
tests/test_it_1_r2_single_equality_behavior.py::test_it_1_r2_s1_single_equality_behavior[UAD1133-matching-supplied]",,"If SalesConcessionAmountKnownIndicator = ""true"" and TotalSalesConcessionAmount is not provided"
133,UAD1134,0600.0016,unconditional_required,loaded_with_collected_tests,app/services/required_data.py,evaluate_required_data (unconditional presence),3,data/uad36-test-suite/tests/fixtures/required_data/test-suite.ttl; data/uad36-test-suite/tests/fixtures/unconditional_required/test-suite.ttl,"tests/test_it_1_r4_s1_unconditional_required.py::test_it_1_r4_s1_detects_absent_required_data[UAD1134]
data/uad36-test-suite/tests/test_required_data_acceptance.py::test_production_detects_missing_required_data[0600.0016-UAD1134]
data/uad36-test-suite/tests/test_required_data_rdf.py::test_rdf_missing_element_produces_expected_finding[0600.0016-UAD1134]",,If SalesContractExistsIndicator is not provided
134,UAD1135,0600.0017,single_equality_conditional,loaded_with_collected_tests,app/services/required_data.py,evaluate_required_data (ConditionalRule),9,data/uad36-test-suite/tests/fixtures/single_equality/test-suite.ttl,"tests/test_it_1_r2_single_equality_behavior.py::test_it_1_r2_s1_single_equality_behavior[UAD1135-nonmatching-missing]
tests/test_it_1_r2_single_equality_behavior.py::test_it_1_r2_s1_single_equality_behavior[UAD1135-matching-missing]
tests/test_it_1_r2_single_equality_behavior.py::test_it_1_r2_s1_single_equality_behavior[UAD1135-matching-supplied]
data/uad36-test-suite/tests/test_required_data_rdf.py::test_rdf_conditional_required_data[0600.0017-UAD1135-false-missing]
data/uad36-test-suite/tests/test_required_data_rdf.py::test_rdf_conditional_required_data[0600.0017-UAD1135-true-empty]
data/uad36-test-suite/tests/test_required_data_rdf.py::test_rdf_conditional_required_data[0600.0017-UAD1135-true-missing]
data/uad36-test-suite/tests/test_required_data_rdf.py::test_rdf_conditional_required_data[0600.0017-UAD1135-true-nil]
data/uad36-test-suite/tests/test_required_data_rdf.py::test_rdf_conditional_required_data[0600.0017-UAD1135-true-present]
data/uad36-test-suite/tests/test_required_data_rdf.py::test_rdf_conditional_required_data[0600.0017-UAD1135-true-whitespace]",,"If SalesContractReviewedIndicator = ""true"" and SaleType is not provided"
135,UAD1136,0600.0018,single_equality_conditional,loaded_with_collected_tests,app/services/required_data.py,evaluate_required_data (ConditionalRule),3,data/uad36-test-suite/tests/fixtures/single_equality/test-suite.ttl,"tests/test_it_1_r2_single_equality_behavior.py::test_it_1_r2_s1_single_equality_behavior[UAD1136-nonmatching-missing]
tests/test_it_1_r2_single_equality_behavior.py::test_it_1_r2_s1_single_equality_behavior[UAD1136-matching-missing]
tests/test_it_1_r2_single_equality_behavior.py::test_it_1_r2_s1_single_equality_behavior[UAD1136-matching-supplied]",,"If SaleType = ""Other"" and SaleTypeOtherDescription is not provided"
136,UAD1138,0700.0005,required_structures,loaded_with_collected_tests,app/services/required_structure_required_data.py,evaluate_required_structure,1,data/uad36-test-suite/tests/fixtures/required_structures/required-structures-test-suite.ttl,tests/test_it_1_r3_s1_required_structure.py::test_it_1_r3_s1_detects_an_absent_required_structure[UAD1138],Rule Logic,"If ((ImprovementType = ""Dwelling"" ) or (ImprovementType = ""Outbuilding"" and OutbuildingRealPropertyIndicator = ""true"" and AccessoryDwellingUnitIndicator = ""true"")), and
If (at least one instance of ACCESSIBILITY_FEATURE is not provided or AccessibilityFeatureType is not provided in a given instance of ACCESSIBILITY_FEATURE)"
137,UAD1139,0700.0027,other_conditional_scoped,not_loaded,,,0,,,,"If (ImprovementType = ""Dwelling"" and (AccessType = ""ExteriorAccessOnly"" or ""InteriorAndExteriorAccess"")) or (ImprovementType = ""Outbuilding"" and OutbuildingRealPropertyIndicator = ""true"" and AccessoryDwellingUnitIndicator = ""true"" and (AccessType = ""ExteriorAccessOnly"" or ""InteriorAndExteriorAccess"")), and BelowGradeExteriorAccessType is not provided in a given instance of LEVEL"
138,UAD1140,0700.0028,single_equality_conditional,loaded_with_collected_tests,app/services/single_equality_required_data.py,evaluate_single_equality,3,data/uad36-test-suite/tests/fixtures/single_equality/test-suite.ttl,"tests/test_it_1_r2_single_equality_behavior.py::test_it_1_r2_s1_single_equality_behavior[UAD1140-nonmatching-missing]
tests/test_it_1_r2_single_equality_behavior.py::test_it_1_r2_s1_single_equality_behavior[UAD1140-matching-missing]
tests/test_it_1_r2_single_equality_behavior.py::test_it_1_r2_s1_single_equality_behavior[UAD1140-matching-supplied]",,"If BelowGradeExteriorAccessType = ""Other"" and BelowGradeExteriorAccessTypeOtherDescription is not provided in a given instance of LEVEL"
139,UAD1141,0700.0029,other_conditional_scoped,not_loaded,,,0,,,,"If (ImprovementType = ""Dwelling"") or (ImprovementType = ""Outbuilding"" and OutbuildingRealPropertyIndicator = ""true"" and AccessoryDwellingUnitIndicator = ""true""), and GradeLevelType is not provided in a given instance of LEVEL"
140,UAD1142,0700.0030,required_structures,loaded_with_collected_tests,app/services/required_structure_required_data.py,evaluate_required_structure,1,data/uad36-test-suite/tests/fixtures/required_structures/required-structures-test-suite.ttl,tests/test_it_1_r3_s1_required_structure.py::test_it_1_r3_s1_detects_an_absent_required_structure[UAD1142],,"If (ImprovementType = ""Dwelling"") or (ImprovementType = ""Outbuilding"" and OutbuildingRealPropertyIndicator = ""true"" and AccessoryDwellingUnitIndicator = ""true""), and (at least one instance of LEVEL is not provided or LevelType is not provided in a given instance of LEVEL)"
141,UAD1143,0700.0035,required_structures,loaded_with_collected_tests,app/services/required_structure_required_data.py,evaluate_required_structure,1,data/uad36-test-suite/tests/fixtures/required_structures/required-structures-test-suite.ttl,tests/test_it_1_r3_s1_required_structure.py::test_it_1_r3_s1_detects_an_absent_required_structure[UAD1143],Rule Logic,"If (ImprovementType = ""Dwelling"" or (ImprovementType = ""Outbuilding"" and OutbuildingRealPropertyIndicator = ""true"" and AccessoryDwellingUnitIndicator = ""true"")), and (at least one instance of ROOM_DETAIL with RoomType = ""Kitchen"" is not provided)
"
142,UAD1144,0700.0087,single_equality_conditional,loaded_with_collected_tests,app/services/single_equality_required_data.py,evaluate_single_equality,3,data/uad36-test-suite/tests/fixtures/single_equality/test-suite.ttl,"tests/test_it_1_r2_single_equality_behavior.py::test_it_1_r2_s1_single_equality_behavior[UAD1144-nonmatching-missing]
tests/test_it_1_r2_single_equality_behavior.py::test_it_1_r2_s1_single_equality_behavior[UAD1144-matching-missing]
tests/test_it_1_r2_single_equality_behavior.py::test_it_1_r2_s1_single_equality_behavior[UAD1144-matching-supplied]",,"If RoomType = ""Other"" and RoomTypeOtherDescription is not provided in a given instance of ROOM_DETAIL"
143,UAD1145,0700.0033,other_conditional_scoped,not_loaded,,,0,,,,"If (ImprovementType = ""Dwelling"") or (ImprovementType = ""Outbuilding"" and OutbuildingRealPropertyIndicator = ""true"" and AccessoryDwellingUnitIndicator = ""true"") and (RoomType = ""FullBathroom"" or ""HalfBathroom"" or ""Kitchen""), and RoomConditionStatusType is not provided in a given instance of ROOM_DETAIL"
144,UAD1146,0700.0036,other_conditional_scoped,not_loaded,,,0,,,,"If (ImprovementType = ""Dwelling"" or (ImprovementType = ""Outbuilding"" and OutbuildingRealPropertyIndicator = ""true"" and AccessoryDwellingUnitIndicator = ""true"")) and RoomType = (""FullBathroom"" or ""HalfBathroom"" or ""Kitchen""), and RoomUpdateStatusType is not provided in a given instance of ROOM_DETAIL"
145,UAD1147,0700.0034,other_conditional_scoped,loaded_with_collected_tests,app/services/scoped_required_data.py,evaluate_scoped_rule,20,tests/fixtures/it_1/r1/s1/manifest.ttl,"tests/test_it_1_r1_s1_conditional_scoped_requirements.py::test_it_1_r1_s1_conditional_scoped_requirement[slice-02-IT-1R1S1-UAD1147-FullBathroom-FullyUpdated-missing]
tests/test_it_1_r1_s1_conditional_scoped_requirements.py::test_it_1_r1_s1_conditional_scoped_requirement[slice-02-IT-1R1S1-UAD1147-FullBathroom-FullyUpdated-supplied]
tests/test_it_1_r1_s1_conditional_scoped_requirements.py::test_it_1_r1_s1_conditional_scoped_requirement[slice-02-IT-1R1S1-UAD1147-FullBathroom-PartiallyUpdated-missing]
tests/test_it_1_r1_s1_conditional_scoped_requirements.py::test_it_1_r1_s1_conditional_scoped_requirement[slice-02-IT-1R1S1-UAD1147-FullBathroom-PartiallyUpdated-supplied]
tests/test_it_1_r1_s1_conditional_scoped_requirements.py::test_it_1_r1_s1_conditional_scoped_requirement[slice-02-IT-1R1S1-UAD1147-HalfBathroom-FullyUpdated-missing]
tests/test_it_1_r1_s1_conditional_scoped_requirements.py::test_it_1_r1_s1_conditional_scoped_requirement[slice-02-IT-1R1S1-UAD1147-HalfBathroom-FullyUpdated-supplied]
tests/test_it_1_r1_s1_conditional_scoped_requirements.py::test_it_1_r1_s1_conditional_scoped_requirement[slice-02-IT-1R1S1-UAD1147-HalfBathroom-PartiallyUpdated-missing]
tests/test_it_1_r1_s1_conditional_scoped_requirements.py::test_it_1_r1_s1_conditional_scoped_requirement[slice-02-IT-1R1S1-UAD1147-HalfBathroom-PartiallyUpdated-supplied]
tests/test_it_1_r1_s1_conditional_scoped_requirements.py::test_it_1_r1_s1_conditional_scoped_requirement[slice-02-IT-1R1S1-UAD1147-Kitchen-FullyUpdated-missing]
tests/test_it_1_r1_s1_conditional_scoped_requirements.py::test_it_1_r1_s1_conditional_scoped_requirement[slice-02-IT-1R1S1-UAD1147-Kitchen-FullyUpdated-supplied]
tests/test_it_1_r1_s1_conditional_scoped_requirements.py::test_it_1_r1_s1_conditional_scoped_requirement[slice-02-IT-1R1S1-UAD1147-Kitchen-PartiallyUpdated-missing]
tests/test_it_1_r1_s1_conditional_scoped_requirements.py::test_it_1_r1_s1_conditional_scoped_requirement[slice-02-IT-1R1S1-UAD1147-Kitchen-PartiallyUpdated-supplied]
tests/test_it_1_r1_s1_conditional_scoped_requirements.py::test_it_1_r1_s1_conditional_scoped_requirement[slice-02-IT-1R1S1-UAD1147-conditions-split-between-instances]
tests/test_it_1_r1_s1_conditional_scoped_requirements.py::test_it_1_r1_s1_conditional_scoped_requirement[slice-02-IT-1R1S1-UAD1147-first-missing-second-supplied]
tests/test_it_1_r1_s1_conditional_scoped_requirements.py::test_it_1_r1_s1_conditional_scoped_requirement[slice-02-IT-1R1S1-UAD1147-first-supplied-second-missing]
tests/test_it_1_r1_s1_conditional_scoped_requirements.py::test_it_1_r1_s1_conditional_scoped_requirement[slice-02-IT-1R1S1-UAD1147-neither-not-applicable]
tests/test_it_1_r1_s1_conditional_scoped_requirements.py::test_it_1_r1_s1_conditional_scoped_requirement[slice-02-IT-1R1S1-UAD1147-nonapplicable-with-compliant-neighbor]
tests/test_it_1_r1_s1_conditional_scoped_requirements.py::test_it_1_r1_s1_conditional_scoped_requirement[slice-02-IT-1R1S1-UAD1147-not-updated-not-applicable]
tests/test_it_1_r1_s1_conditional_scoped_requirements.py::test_it_1_r1_s1_conditional_scoped_requirement[slice-02-IT-1R1S1-UAD1147-two-applicable-missing]
tests/test_it_1_r1_s1_conditional_scoped_requirements.py::test_it_1_r1_s1_conditional_scoped_requirement[slice-02-IT-1R1S1-UAD1147-wrong-room-not-applicable]",,"If RoomType = ""FullBathroom"" or ""HalfBathroom"" or ""Kitchen"", and RoomUpdateStatusType = ""FullyUpdated"" or ""PartiallyUpdated"", and RoomUpdatedTimeframeType is not provided in a given instance of ROOM_DETAIL"
146,UAD1148,0700.0046,other_conditional_scoped,not_loaded,,,0,,,,"If (ImprovementType = ""Dwelling"") or (ImprovementType = ""Outbuilding"" and OutbuildingRealPropertyIndicator = ""true"" and AccessoryDwellingUnitIndicator = ""true""), and ImprovementComponentType is not provided in a given instance of INTERIOR_COMPONENT_DETAIL"
147,UAD1149,0700.0046,other_conditional_scoped,not_loaded,,,0,,,,"If (ImprovementType = ""Dwelling"") or (ImprovementType = ""Outbuilding"" and OutbuildingRealPropertyIndicator = ""true"" and AccessoryDwellingUnitIndicator = ""true""), and ImprovementComponentType = ""Flooring"" is not provided in INTERIOR_COMPONENT_DETAIL for a given instance of PROPERTY_UNIT"
148,UAD1150,0700.0041,required_structures,loaded_with_collected_tests,app/services/required_structure_required_data.py,evaluate_required_structure,1,data/uad36-test-suite/tests/fixtures/required_structures/required-structures-test-suite.ttl,tests/test_it_1_r3_s1_required_structure.py::test_it_1_r3_s1_detects_an_absent_required_structure[UAD1150],,"If ImprovementComponentType = ""Flooring"" and (at least one instance of FLOOR_COVERING is not provided or FlooringType is not provided in a given instance of FLOOR_COVERING)"
149,UAD1151,0700.0042,single_equality_conditional,loaded_with_collected_tests,app/services/single_equality_required_data.py,evaluate_single_equality,3,data/uad36-test-suite/tests/fixtures/single_equality/test-suite.ttl,"tests/test_it_1_r2_single_equality_behavior.py::test_it_1_r2_s1_single_equality_behavior[UAD1151-nonmatching-missing]
tests/test_it_1_r2_single_equality_behavior.py::test_it_1_r2_s1_single_equality_behavior[UAD1151-matching-missing]
tests/test_it_1_r2_single_equality_behavior.py::test_it_1_r2_s1_single_equality_behavior[UAD1151-matching-supplied]",,"If FlooringType = ""Other"" and FlooringTypeOtherDescription is not provided in a given instance of FLOOR_COVERING"
150,UAD1152,0700.0046,other_conditional_scoped,not_loaded,,,0,,,,"If (ImprovementType = ""Dwelling"") or (ImprovementType = ""Outbuilding"" and OutbuildingRealPropertyIndicator = ""true"" and AccessoryDwellingUnitIndicator = ""true""), and ImprovementComponentType = ""WallsAndCeiling"" is not provided in INTERIOR_COMPONENT_DETAIL in a given instance of PROPERTY_UNIT"
151,UAD1153,0700.0047,single_equality_conditional,loaded_with_collected_tests,app/services/scoped_required_data.py,evaluate_scoped_rule,3,data/uad36-test-suite/tests/fixtures/single_equality/test-suite.ttl,"tests/test_it_1_r2_single_equality_behavior.py::test_it_1_r2_s1_single_equality_behavior[UAD1153-nonmatching-missing]
tests/test_it_1_r2_single_equality_behavior.py::test_it_1_r2_s1_single_equality_behavior[UAD1153-matching-missing]
tests/test_it_1_r2_single_equality_behavior.py::test_it_1_r2_s1_single_equality_behavior[UAD1153-matching-supplied]",,"If ImprovementComponentType = ""Other"" and ImprovementComponentTypeOtherDescription is not provided in a given instance of INTERIOR_COMPONENT_DETAIL"
152,UAD1154,0700.0050,required_structures,loaded_with_collected_tests,app/services/required_structure_required_data.py,evaluate_required_structure,1,data/uad36-test-suite/tests/fixtures/required_structures/required-structures-test-suite.ttl,tests/test_it_1_r3_s1_required_structure.py::test_it_1_r3_s1_detects_an_absent_required_structure[UAD1154],,"If ImprovementComponentType = ""WallsAndCeiling"" and (at least one instance of CEILING_HEIGHT is not provided or ApproximateCeilingHeightType is not provided in a given instance of CEILING_HEIGHT)"
153,UAD1155,0700.0043,single_equality_conditional,loaded_with_collected_tests,app/services/scoped_required_data.py,evaluate_scoped_rule,3,data/uad36-test-suite/tests/fixtures/single_equality/test-suite.ttl,"tests/test_it_1_r2_single_equality_behavior.py::test_it_1_r2_s1_single_equality_behavior[UAD1155-nonmatching-missing]
tests/test_it_1_r2_single_equality_behavior.py::test_it_1_r2_s1_single_equality_behavior[UAD1155-matching-missing]
tests/test_it_1_r2_single_equality_behavior.py::test_it_1_r2_s1_single_equality_behavior[UAD1155-matching-supplied]",,"If ImprovementComponentType = ""Other"" and ImprovementComponentTypeAdditionalDescription is not provided in a given instance of INTERIOR_COMPONENT_DETAIL"
154,UAD1156,0700.0045,other_conditional_scoped,loaded_with_collected_tests,app/services/scoped_required_data.py,evaluate_scoped_rule,9,tests/fixtures/it_1/r1/s1/manifest.ttl,"tests/test_it_1_r1_s1_conditional_scoped_requirements.py::test_it_1_r1_s1_conditional_scoped_requirement[slice-02-IT-1R1S1-UAD1156-Flooring-not-applicable]
tests/test_it_1_r1_s1_conditional_scoped_requirements.py::test_it_1_r1_s1_conditional_scoped_requirement[slice-02-IT-1R1S1-UAD1156-Other-missing]
tests/test_it_1_r1_s1_conditional_scoped_requirements.py::test_it_1_r1_s1_conditional_scoped_requirement[slice-02-IT-1R1S1-UAD1156-Other-supplied]
tests/test_it_1_r1_s1_conditional_scoped_requirements.py::test_it_1_r1_s1_conditional_scoped_requirement[slice-02-IT-1R1S1-UAD1156-WallsAndCeiling-missing]
tests/test_it_1_r1_s1_conditional_scoped_requirements.py::test_it_1_r1_s1_conditional_scoped_requirement[slice-02-IT-1R1S1-UAD1156-WallsAndCeiling-supplied]
tests/test_it_1_r1_s1_conditional_scoped_requirements.py::test_it_1_r1_s1_conditional_scoped_requirement[slice-02-IT-1R1S1-UAD1156-first-missing-second-supplied]
tests/test_it_1_r1_s1_conditional_scoped_requirements.py::test_it_1_r1_s1_conditional_scoped_requirement[slice-02-IT-1R1S1-UAD1156-first-supplied-second-missing]
tests/test_it_1_r1_s1_conditional_scoped_requirements.py::test_it_1_r1_s1_conditional_scoped_requirement[slice-02-IT-1R1S1-UAD1156-nonapplicable-with-compliant-neighbor]
tests/test_it_1_r1_s1_conditional_scoped_requirements.py::test_it_1_r1_s1_conditional_scoped_requirement[slice-02-IT-1R1S1-UAD1156-two-applicable-missing]",,"If ImprovementComponentType = ""WallsAndCeiling"" or ""Other"", and ImprovementComponentConditionStatusType is not provided in a given instance of INTERIOR_COMPONENT_DETAIL"
155,UAD1157,0700.0058,other_conditional_scoped,not_loaded,,,0,,,,"If StructuralDesignType = ""Lowrise"" or ""Highrise"" or ""Midrise"", and CornerUnitIndicator is not provided in a given instance of PROPERTY_UNIT_DETAIL"
156,UAD1158,0700.0060,other_conditional_scoped,not_loaded,,,0,,,,"If ImprovementType = ""Dwelling"" and AttachmentType = ""Attached"" and StructuralDesignType = (""Lowrise"" or ""Highrise"" or ""Midrise""), and FloorIdentifier is not provided in a given instance of PROPERTY_UNIT_DETAIL"
157,UAD1159,0700.0065,other_conditional_scoped,not_loaded,,,0,,,,"If (ImprovementType = ""Dwelling"" and RentScheduleIndicator = ""true"") or (ImprovementType = ""Outbuilding"" and OutbuildingRealPropertyIndicator = ""true"" and AccessoryDwellingUnitIndicator = ""true"" and RentScheduleIndicator = ""true"") , and UnitIncludedInRentScheduleIndicator is not provided in a given instance of PROPERTY_UNIT_DETAIL"
158,UAD1160,0700.0066,other_conditional_scoped,not_loaded,,,0,,,Rule Logic,"If (ImprovementType = ""Dwelling"")
or (ImprovementType = ""Outbuilding"" and OutbuildingRealPropertyIndicator = ""true"" and AccessoryDwellingUnitIndicator = ""true""), and InteriorConditionRatingCode is not provided in a given instance of PROPERTY_UNIT_DETAIL"
159,UAD1161,0700.0067,other_conditional_scoped,not_loaded,,,0,,,Rule Logic,"If (ImprovementType = ""Dwelling"")
OR (ImprovementType = ""Outbuilding"" and OutbuildingRealPropertyIndicator = ""true"" and AccessoryDwellingUnitIndicator = ""true""), and InteriorQualityRatingCode is not provided in a given instance of PROPERTY_UNIT_DETAIL"
160,UAD1162,0700.0072,other_conditional_scoped,not_loaded,,,0,,,,"If (LivingUnitExcludingADUCount > 1 or AccessoryDwellingUnitTotalCount > 0), and UtilitiesMeteredSeparatelyIndicator is not provided in a given instance of PROPERTY_UNIT_DETAIL"
161,UAD1163,0700.0088,single_equality_conditional,loaded_with_collected_tests,app/services/single_equality_required_data.py,evaluate_single_equality,3,data/uad36-test-suite/tests/fixtures/single_equality/test-suite.ttl,"tests/test_it_1_r2_single_equality_behavior.py::test_it_1_r2_s1_single_equality_behavior[UAD1163-nonmatching-missing]
tests/test_it_1_r2_single_equality_behavior.py::test_it_1_r2_s1_single_equality_behavior[UAD1163-matching-missing]
tests/test_it_1_r2_single_equality_behavior.py::test_it_1_r2_s1_single_equality_behavior[UAD1163-matching-supplied]",,"If AccessoryDwellingUnitIndicator = ""true"" and AccessoryDwellingUnitTypicalToMarketIndicator is not provided in a given instance of PROPERTY_UNIT_DETAIL"
162,UAD1164,0700.0089,other_conditional_scoped,not_loaded,,,0,,,,if AccessoryDwellingUnitIndicator is not provided in a given instance of PROPERTY_UNIT_DETAIL when STRUCTURE_DETAIL/LivingUnitCount > 0
163,UAD1165,0700.0090,single_equality_conditional,loaded_with_collected_tests,app/services/single_equality_required_data.py,evaluate_single_equality,3,data/uad36-test-suite/tests/fixtures/single_equality/test-suite.ttl,"tests/test_it_1_r2_single_equality_behavior.py::test_it_1_r2_s1_single_equality_behavior[UAD1165-nonmatching-missing]
tests/test_it_1_r2_single_equality_behavior.py::test_it_1_r2_s1_single_equality_behavior[UAD1165-matching-missing]
tests/test_it_1_r2_single_equality_behavior.py::test_it_1_r2_s1_single_equality_behavior[UAD1165-matching-supplied]",,"If AccessoryDwellingUnitIndicator = ""true"" and SeparatePostalAddressIndicator is not provided in a given instance of PROPERTY_UNIT_DETAIL"
164,UAD1166,0700.0091,single_equality_conditional,loaded_with_collected_tests,app/services/single_equality_required_data.py,evaluate_single_equality,3,data/uad36-test-suite/tests/fixtures/single_equality/test-suite.ttl,"tests/test_it_1_r2_single_equality_behavior.py::test_it_1_r2_s1_single_equality_behavior[UAD1166-nonmatching-missing]
tests/test_it_1_r2_single_equality_behavior.py::test_it_1_r2_s1_single_equality_behavior[UAD1166-matching-missing]
tests/test_it_1_r2_single_equality_behavior.py::test_it_1_r2_s1_single_equality_behavior[UAD1166-matching-supplied]",,"If AccessoryDwellingUnitIndicator = ""true"" and AccessType is not provided in a given instance of PROPERTY_UNIT_DETAIL"
165,UAD1167,0700.0098,single_equality_conditional,loaded_with_collected_tests,app/services/single_equality_required_data.py,evaluate_single_equality,3,data/uad36-test-suite/tests/fixtures/single_equality/test-suite.ttl,"tests/test_it_1_r2_single_equality_behavior.py::test_it_1_r2_s1_single_equality_behavior[UAD1167-nonmatching-missing]
tests/test_it_1_r2_single_equality_behavior.py::test_it_1_r2_s1_single_equality_behavior[UAD1167-matching-missing]
tests/test_it_1_r2_single_equality_behavior.py::test_it_1_r2_s1_single_equality_behavior[UAD1167-matching-supplied]",,"If AccessoryDwellingUnitIndicator = ""true"" and AccessoryDwellingUnitLegallyRentableIndicator is not provided in a given instance of PROPERTY_UNIT_DETAIL"
166,UAD1168,0700.0100,single_equality_conditional,loaded_with_collected_tests,app/services/single_equality_required_data.py,evaluate_single_equality,3,data/uad36-test-suite/tests/fixtures/single_equality/test-suite.ttl,"tests/test_it_1_r2_single_equality_behavior.py::test_it_1_r2_s1_single_equality_behavior[UAD1168-nonmatching-missing]
tests/test_it_1_r2_single_equality_behavior.py::test_it_1_r2_s1_single_equality_behavior[UAD1168-matching-missing]
tests/test_it_1_r2_single_equality_behavior.py::test_it_1_r2_s1_single_equality_behavior[UAD1168-matching-supplied]",,"If LandOwnedInCommonIndicator = ""true"" and AllowableLiveWorkSpaceIndicator is not provided in a given instance of PROPERTY_UNIT_DETAIL"
167,UAD1169,0700.0104,other_conditional_scoped,not_loaded,,,0,,,,"If ImprovementComponentType = ""Flooring"" and ImprovementComponentConditionStatusType is not provided in FLOOR_COVERING in a given instance of PROPERTY_UNIT"
168,UAD1170,0700.0114,other_conditional_scoped,not_loaded,,,0,,,,"If (LivingUnitExcludingADUCount > 1 or AccessoryDwellingUnitTotalCount > 0), and UnitIdentifier is not provided in a given instance of PROPERTY_UNIT_DETAIL"
169,UAD1171,0700.0114,uniqueness_cardinality,loaded_with_collected_tests,app/services/uniqueness_cardinality_required_data.py,evaluate_uniqueness_cardinality,1,data/uad36-test-suite/tests/fixtures/uniqueness_cardinality/test-suite.ttl,tests/test_it_1_r5_s1_uniqueness_cardinality.py::test_it_1_r5_s1_rejects_prohibited_duplicate_or_occurrence_count[UAD1171],,If UnitIdentifier is not unique across all instances of PROPERTY_UNIT_DETAIL
170,UAD1172,1800.0159,uniqueness_cardinality,loaded_with_collected_tests,app/services/uniqueness_cardinality_required_data.py,evaluate_uniqueness_cardinality,1,data/uad36-test-suite/tests/fixtures/uniqueness_cardinality/test-suite.ttl,tests/test_it_1_r5_s1_uniqueness_cardinality.py::test_it_1_r5_s1_rejects_prohibited_duplicate_or_occurrence_count[UAD1172],,"If @ValuationUseType = ""SalesComparable"" and UnitIdentifier is not unique across all instances of PROPERTY_UNIT_DETAIL"
171,UAD1173,0700.0117,other_conditional_scoped,not_loaded,,,0,,,,"If (ImprovementType = ""Dwelling"" or (ImprovementType = ""Outbuilding"" and OutbuildingRealPropertyIndicator = ""true"" and AccessoryDwellingUnitIndicator = ""true"")), and OverallBathroomsUpdateStatusType is not provided in a given instance of PROPERTY_UNIT_DETAIL"
172,UAD1174,0700.0118,other_conditional_scoped,not_loaded,,,0,,,,"If ImprovementType = ""Dwelling"" or (ImprovementType = ""Outbuilding"" and OutbuildingRealPropertyIndicator = ""true"" and AccessoryDwellingUnitIndicator = ""true""), and BedroomCount is not provided in a given instance of PROPERTY_UNIT_DETAIL"
173,UAD1175,0700.0119,other_conditional_scoped,not_loaded,,,0,,,,"If (ImprovementType = ""Dwelling"" or (ImprovementType = ""Outbuilding"" and OutbuildingRealPropertyIndicator = ""true"" and AccessoryDwellingUnitIndicator = ""true"")), and FullBathroomCount is not provided in a given instance of PROPERTY_UNIT_DETAIL"
174,UAD1176,0700.0120,other_conditional_scoped,not_loaded,,,0,,,,"If (ImprovementType = ""Dwelling"" or (ImprovementType = ""Outbuilding"" and OutbuildingRealPropertyIndicator = ""true"" and AccessoryDwellingUnitIndicator = ""true"")), and HalfBathroomCount is not provided in a given instance of PROPERTY_UNIT_DETAIL"
175,UAD1177,0700.0121,other_conditional_scoped,not_loaded,,,0,,,,"If (ImprovementType = ""Dwelling"" or (ImprovementType = ""Outbuilding"" and OutbuildingRealPropertyIndicator = ""true"" and AccessoryDwellingUnitIndicator = ""true"")), and LevelType is not provided in a given instance ROOM_DETAIL"
176,UAD1178,0700.0122,single_equality_conditional,loaded_with_collected_tests,app/services/single_equality_required_data.py,evaluate_single_equality,3,data/uad36-test-suite/tests/fixtures/single_equality/test-suite.ttl,"tests/test_it_1_r2_single_equality_behavior.py::test_it_1_r2_s1_single_equality_behavior[UAD1178-nonmatching-missing]
tests/test_it_1_r2_single_equality_behavior.py::test_it_1_r2_s1_single_equality_behavior[UAD1178-matching-missing]
tests/test_it_1_r2_single_equality_behavior.py::test_it_1_r2_s1_single_equality_behavior[UAD1178-matching-supplied]",,"If ImprovementComponentType = ""Flooring"" and OverallFlooringUpdateStatusType is not provided in a given instance of INTERIOR_COMPONENT_DETAIL"
177,UAD1179,0700.0125,required_structures,loaded_with_collected_tests,app/services/required_structure_required_data.py,evaluate_required_structure,1,data/uad36-test-suite/tests/fixtures/required_structures/required-structures-test-suite.ttl,tests/test_it_1_r3_s1_required_structure.py::test_it_1_r3_s1_detects_an_absent_required_structure[UAD1179],,If at least one DataSourceType is not provided
178,UAD1181,0700.0126,single_equality_conditional,loaded_with_collected_tests,app/services/single_equality_required_data.py,evaluate_single_equality,3,data/uad36-test-suite/tests/fixtures/single_equality/test-suite.ttl,"tests/test_it_1_r2_single_equality_behavior.py::test_it_1_r2_s1_single_equality_behavior[UAD1181-nonmatching-missing]
tests/test_it_1_r2_single_equality_behavior.py::test_it_1_r2_s1_single_equality_behavior[UAD1181-matching-missing]
tests/test_it_1_r2_single_equality_behavior.py::test_it_1_r2_s1_single_equality_behavior[UAD1181-matching-supplied]",,"If DataSourceType = ""Other"" and DataSourceTypeOtherDescription is not provided in a given instance of DATA_SOURCE"
179,UAD1182,0700.0130,single_equality_conditional,loaded_with_collected_tests,app/services/single_equality_required_data.py,evaluate_single_equality,3,data/uad36-test-suite/tests/fixtures/single_equality/test-suite.ttl,"tests/test_it_1_r2_single_equality_behavior.py::test_it_1_r2_s1_single_equality_behavior[UAD1182-nonmatching-missing]
tests/test_it_1_r2_single_equality_behavior.py::test_it_1_r2_s1_single_equality_behavior[UAD1182-matching-missing]
tests/test_it_1_r2_single_equality_behavior.py::test_it_1_r2_s1_single_equality_behavior[UAD1182-matching-supplied]",,"If LandOwnedInCommonIndicator = ""true"" and UnitMixedUsageIndicator is not provided in a given instance of PROPERTY_UNIT_DETAIL"
180,UAD1183,0700.0131,relationship_reference_integrity,loaded_with_collected_tests,app/services/relationship_reference_required_data.py,evaluate_relationship_reference,1,data/uad36-test-suite/tests/fixtures/relationship_reference_integrity/test-suite.ttl,tests/test_it_1_r9_s1_relationship_reference_integrity.py::test_it_1_r9_s1_rejects_invalid_relationship_or_reference[UAD1183],Rule Logic,"If there is no instance of RELATIONSHIP with @xlink:arcrole = ""urn:fdc:mismo.org:2009:residential/DATA_SOURCE_IsDataSourceFor_PROPERTY_UNIT_AREA"" that links DATA_SOURCE to each PROPERTY_UNIT_AREA where @ValuationUseType = ""SubjectProperty""

"
181,UAD1184,0700.0137,other_conditional_scoped,not_loaded,,,0,,,,"If (ImprovementType = ""Dwelling"" or (ImprovementType = ""Outbuilding"" and OutbuildingRealPropertyIndicator = ""true"" and AccessoryDwellingUnitIndicator = ""true"")), and LevelFinishedAreaMeasure is not provided in a given instance of LEVEL"
182,UAD1185,0700.0138,other_conditional_scoped,not_loaded,,,0,,,,"If (ImprovementType = ""Dwelling"" or (ImprovementType = ""Outbuilding"" and OutbuildingRealPropertyIndicator = ""true"" and AccessoryDwellingUnitIndicator = ""true"")), and LevelUnfinishedAreaMeasure is not provided in a given instance of LEVEL"
183,UAD1186,0700.0140,other_conditional_scoped,not_loaded,,,0,,,,"If (ImprovementType = ""Dwelling"" or (ImprovementType = ""Outbuilding"" and OutbuildingRealPropertyIndicator = ""true"" and AccessoryDwellingUnitIndicator = ""true"")), and UnitStandardAboveGradeFinishedAreaMeasure is not provided in a given instance of PROPERTY_UNIT_AREA"
184,UAD1187,0700.0141,other_conditional_scoped,not_loaded,,,0,,,,"If (ImprovementType = ""Dwelling"" or (ImprovementType = ""Outbuilding"" and OutbuildingRealPropertyIndicator = ""true"" and AccessoryDwellingUnitIndicator = ""true"")), and UnitNonStandardAboveGradeFinishedAreaMeasure is not provided in a given instance of PROPERTY_UNIT_AREA"
185,UAD1188,0700.0142,other_conditional_scoped,not_loaded,,,0,,,,"If (ImprovementType = ""Dwelling"" or (ImprovementType = ""Outbuilding"" and OutbuildingRealPropertyIndicator = ""true"" and AccessoryDwellingUnitIndicator = ""true"")), and UnitAboveGradeUnfinishedAreaMeasure is not provided in a given instance of PROPERTY_UNIT_AREA"
186,UAD1189,0700.0143,other_conditional_scoped,not_loaded,,,0,,,,"If (ImprovementType = ""Dwelling"" or (ImprovementType = ""Outbuilding"" and OutbuildingRealPropertyIndicator = ""true"" and AccessoryDwellingUnitIndicator = ""true"")), and UnitStandardBelowGradeFinishedAreaMeasure is not provided in a given instance of PROPERTY_UNIT_AREA"
187,UAD1190,0700.0144,other_conditional_scoped,not_loaded,,,0,,,,"If (ImprovementType = ""Dwelling"" or (ImprovementType = ""Outbuilding"" and OutbuildingRealPropertyIndicator = ""true"" and AccessoryDwellingUnitIndicator = ""true"")), and UnitBelowGradeUnfinishedAreaMeasure is not provided in a given instance of PROPERTY_UNIT_AREA"
188,UAD1191,0800.0005,unconditional_required,loaded_with_collected_tests,app/services/required_data.py,evaluate_required_data (unconditional presence),3,data/uad36-test-suite/tests/fixtures/required_data/test-suite.ttl; data/uad36-test-suite/tests/fixtures/unconditional_required/test-suite.ttl,"tests/test_it_1_r4_s1_unconditional_required.py::test_it_1_r4_s1_detects_absent_required_data[UAD1191]
data/uad36-test-suite/tests/test_required_data_acceptance.py::test_production_detects_missing_required_data[0800.0005-UAD1191]
data/uad36-test-suite/tests/test_required_data_rdf.py::test_rdf_missing_element_produces_expected_finding[0800.0005-UAD1191]",,If PriorSalesOrTransfersIndicator is not provided
189,UAD1192,0800.0018,required_structures,loaded_with_collected_tests,app/services/required_structure_required_data.py,evaluate_required_structure,1,data/uad36-test-suite/tests/fixtures/required_structures/required-structures-test-suite.ttl,tests/test_it_1_r3_s1_required_structure.py::test_it_1_r3_s1_detects_an_absent_required_structure[UAD1192],,"If PriorSalesOrTransfersIndicator = ""true"" and (at least one instance of SALES_HISTORY is not provided or OwnershipTransferTransactionType is not provided in a given instance of SALES_HISTORY)"
190,UAD1193,0800.0013,other_conditional_scoped,not_loaded,,,0,,,,"If PriorSalesOrTransfersIndicator = ""true"" and OwnershipTransferTransactionType = ""Sale"", and SaleType is not provided in a given instance of SALES_HISTORY"
191,UAD1194,0800.0014,single_equality_conditional,loaded_with_collected_tests,app/services/single_equality_required_data.py,evaluate_single_equality,3,data/uad36-test-suite/tests/fixtures/single_equality/test-suite.ttl,"tests/test_it_1_r2_single_equality_behavior.py::test_it_1_r2_s1_single_equality_behavior[UAD1194-nonmatching-missing]
tests/test_it_1_r2_single_equality_behavior.py::test_it_1_r2_s1_single_equality_behavior[UAD1194-matching-missing]
tests/test_it_1_r2_single_equality_behavior.py::test_it_1_r2_s1_single_equality_behavior[UAD1194-matching-supplied]",,"If SaleType = ""Other"" and SaleTypeOtherDescription is not provided in a given instance of SALES_HISTORY"
192,UAD1195,0800.0011,single_equality_conditional,loaded_with_collected_tests,app/services/single_equality_required_data.py,evaluate_single_equality,3,data/uad36-test-suite/tests/fixtures/single_equality/test-suite.ttl,"tests/test_it_1_r2_single_equality_behavior.py::test_it_1_r2_s1_single_equality_behavior[UAD1195-nonmatching-missing]
tests/test_it_1_r2_single_equality_behavior.py::test_it_1_r2_s1_single_equality_behavior[UAD1195-matching-missing]
tests/test_it_1_r2_single_equality_behavior.py::test_it_1_r2_s1_single_equality_behavior[UAD1195-matching-supplied]",,"IF PriorSalesOrTransfersIndicator = ""true"" and OwnershipTransferDate is not provided in a given instance of SALES_HISTORY"
193,UAD1196,0800.0011,format_precision_length,loaded_with_collected_tests,app/services/representation_restriction_required_data.py,evaluate_representation_restriction,1,data/uad36-test-suite/tests/fixtures/representation_restrictions/test-suite.ttl,tests/test_it_1_r7_s1_representation_restrictions.py::test_it_1_r7_s1_rejects_value_violating_representation_restriction[UAD1196],,"If OwnershipTransferDate does not include year, month and day (YYYY-MM-DD format) in a given instance of SALES_HISTORY"
194,UAD1197,0800.0012,numeric_bounds,loaded_with_collected_tests,app/services/numeric_bound_required_data.py,evaluate_numeric_bound,1,data/uad36-test-suite/tests/fixtures/numeric_bounds/test-suite.ttl,tests/test_it_1_r6_s1_numeric_bounds.py::test_it_1_r6_s1_rejects_numeric_value_outside_governed_bounds[UAD1197],,If OwnershipTransferTransactionAmount < 0 in a given instance of SALES_HISTORY
195,UAD1198,0800.0010,single_equality_conditional,loaded_with_collected_tests,app/services/single_equality_required_data.py,evaluate_single_equality,3,data/uad36-test-suite/tests/fixtures/single_equality/test-suite.ttl,"tests/test_it_1_r2_single_equality_behavior.py::test_it_1_r2_s1_single_equality_behavior[UAD1198-nonmatching-missing]
tests/test_it_1_r2_single_equality_behavior.py::test_it_1_r2_s1_single_equality_behavior[UAD1198-matching-missing]
tests/test_it_1_r2_single_equality_behavior.py::test_it_1_r2_s1_single_equality_behavior[UAD1198-matching-supplied]",,"If OwnershipTransferAmountNotAvailableReasonType = ""Other"" and OwnershipTransferAmountNotAvailableReasonTypeOtherDescription is not provided in a given instance of SALES_HISTORY"
196,UAD1199,0800.0031,relationship_reference_integrity,loaded_with_collected_tests,app/services/relationship_reference_required_data.py,evaluate_relationship_reference,1,data/uad36-test-suite/tests/fixtures/relationship_reference_integrity/test-suite.ttl,tests/test_it_1_r9_s1_relationship_reference_integrity.py::test_it_1_r9_s1_rejects_invalid_relationship_or_reference[UAD1199],,"If @ValuationUseType = ""SalesComparable"" and PriorSalesOrTransfersIndicator = ""false"", and there is no instance of RELATIONSHIP with @xlink:arcrole = ""urn:fdc:mismo.org:2009:residential/DATA_SOURCE_IsDataSourceFor_PriorSalesOrTransfersIndicator"" that links DATA_SOURCE to PriorSalesOrTransfersIndicator"
197,UAD1200,0800.0034,relationship_reference_integrity,loaded_with_collected_tests,app/services/relationship_reference_required_data.py,evaluate_relationship_reference,1,data/uad36-test-suite/tests/fixtures/relationship_reference_integrity/test-suite.ttl,tests/test_it_1_r9_s1_relationship_reference_integrity.py::test_it_1_r9_s1_rejects_invalid_relationship_or_reference[UAD1200],,"If @ValuationUseType = ""SubjectProperty"" and PriorSalesOrTransfersIndicator = ""false"", and there is no instance of RELATIONSHIP with @xlink:arcrole = ""urn:fdc:mismo.org:2009:residential/DATA_SOURCE_IsDataSourceFor_PriorSalesOrTransfersIndicator"" that links DATA_SOURCE to PriorSalesOrTransfersIndicator"
198,UAD1201,0800.0039,relationship_reference_integrity,loaded_with_collected_tests,app/services/relationship_reference_required_data.py,evaluate_relationship_reference,1,data/uad36-test-suite/tests/fixtures/relationship_reference_integrity/test-suite.ttl,tests/test_it_1_r9_s1_relationship_reference_integrity.py::test_it_1_r9_s1_rejects_invalid_relationship_or_reference[UAD1201],,"If @ValuationUseType = ""SalesComparable"" and PriorSalesOrTransfersIndicator = ""true"", and there is no instance of RELATIONSHIP with @xlink:arcrole = ""urn:fdc:mismo.org:2009:residential/DATA_SOURCE_IsDataSourceFor_SALES_HISTORY"" that links DATA_SOURCE to SALES_HISTORY"
199,UAD1202,0800.0042,relationship_reference_integrity,loaded_with_collected_tests,app/services/relationship_reference_required_data.py,evaluate_relationship_reference,1,data/uad36-test-suite/tests/fixtures/relationship_reference_integrity/test-suite.ttl,tests/test_it_1_r9_s1_relationship_reference_integrity.py::test_it_1_r9_s1_rejects_invalid_relationship_or_reference[UAD1202],,"If @ValuationUseType = ""SubjectProperty"" and PriorSalesOrTransfersIndicator = ""true"", and there is no instance of RELATIONSHIP with @xlink:arcrole = ""urn:fdc:mismo.org:2009:residential/DATA_SOURCE_IsDataSourceFor_SALES_HISTORY"" that links DATA_SOURCE to SALES_HISTORY"
200,UAD1203,0900.0004,unconditional_required,loaded_with_collected_tests,app/services/required_data.py,evaluate_required_data (unconditional presence),3,data/uad36-test-suite/tests/fixtures/required_data/test-suite.ttl; data/uad36-test-suite/tests/fixtures/unconditional_required/test-suite.ttl,"tests/test_it_1_r4_s1_unconditional_required.py::test_it_1_r4_s1_detects_absent_required_data[UAD1203]
data/uad36-test-suite/tests/test_required_data_acceptance.py::test_production_detects_missing_required_data[0900.0004-UAD1203]
data/uad36-test-suite/tests/test_required_data_rdf.py::test_rdf_missing_element_produces_expected_finding[0900.0004-UAD1203]",,If ListedWithinPreviousYearIndicator is not provided
201,UAD1204,0900.0007,single_equality_conditional,loaded_with_collected_tests,app/services/scoped_required_data.py,evaluate_scoped_rule,3,data/uad36-test-suite/tests/fixtures/single_equality/test-suite.ttl,"tests/test_it_1_r2_single_equality_behavior.py::test_it_1_r2_s1_single_equality_behavior[UAD1204-nonmatching-missing]
tests/test_it_1_r2_single_equality_behavior.py::test_it_1_r2_s1_single_equality_behavior[UAD1204-matching-missing]
tests/test_it_1_r2_single_equality_behavior.py::test_it_1_r2_s1_single_equality_behavior[UAD1204-matching-supplied]",,"If ListedWithinPreviousYearIndicator = ""true"" and DaysOnMarketCount is not provided in a given instance of LISTING_INFORMATION_DETAIL"
202,UAD1205,0900.0008,single_equality_conditional,loaded_with_collected_tests,app/services/scoped_required_data.py,evaluate_scoped_rule,3,data/uad36-test-suite/tests/fixtures/single_equality/test-suite.ttl,"tests/test_it_1_r2_single_equality_behavior.py::test_it_1_r2_s1_single_equality_behavior[UAD1205-nonmatching-missing]
tests/test_it_1_r2_single_equality_behavior.py::test_it_1_r2_s1_single_equality_behavior[UAD1205-matching-missing]
tests/test_it_1_r2_single_equality_behavior.py::test_it_1_r2_s1_single_equality_behavior[UAD1205-matching-supplied]",,"If ListedWithinPreviousYearIndicator = ""true"" and FinalListPriceAmount is not provided in a given instance of LISTING_INFORMATION_DETAIL"
203,UAD1206,0900.0012,date_chronology,loaded_with_collected_tests,app/services/date_chronology_required_data.py,evaluate_date_chronology,2,tests/fixtures/it_1/r11/s1/manifest.ttl,"tests/test_it_1_r11_s1_date_chronology.py::test_it_1_r11_s1_rejects_prohibited_date_relationship[UAD1206-equal-listing-dates]
tests/test_it_1_r11_s1_date_chronology.py::test_it_1_r11_s1_rejects_prohibited_date_relationship[UAD1206-repeated-listing-context]",,If ListingStartDate > ListingEndDate in a given instance of LISTING_INFORMATION_DETAIL
204,UAD1207,0900.0013,required_structures,loaded_with_collected_tests,app/services/required_structure_required_data.py,evaluate_required_structure,1,data/uad36-test-suite/tests/fixtures/required_structures/required-structures-test-suite.ttl,tests/test_it_1_r3_s1_required_structure.py::test_it_1_r3_s1_detects_an_absent_required_structure[UAD1207],,"If ListedWithinPreviousYearIndicator = ""true"" and ( at least one instance of LISTING_INFORMATION_DETAIL is not provided or ListingStatusType is not provided in a given instance of LISTING_INFORMATION_DETAIL)"
205,UAD1208,0900.0016,single_equality_conditional,loaded_with_collected_tests,app/services/scoped_required_data.py,evaluate_scoped_rule,3,data/uad36-test-suite/tests/fixtures/single_equality/test-suite.ttl,"tests/test_it_1_r2_single_equality_behavior.py::test_it_1_r2_s1_single_equality_behavior[UAD1208-nonmatching-missing]
tests/test_it_1_r2_single_equality_behavior.py::test_it_1_r2_s1_single_equality_behavior[UAD1208-matching-missing]
tests/test_it_1_r2_single_equality_behavior.py::test_it_1_r2_s1_single_equality_behavior[UAD1208-matching-supplied]",,"If ListingType = ""Other"" and ListingTypeOtherDescription is not provided in a given instance of LISTING_INFORMATION_DETAIL"
206,UAD1209,0900.0033,relationship_reference_integrity,loaded_with_collected_tests,app/services/relationship_reference_required_data.py,evaluate_relationship_reference,1,data/uad36-test-suite/tests/fixtures/relationship_reference_integrity/test-suite.ttl,tests/test_it_1_r9_s1_relationship_reference_integrity.py::test_it_1_r9_s1_rejects_invalid_relationship_or_reference[UAD1209],,"If @ValuationUseType = ""SubjectProperty"" and ListedWithinPreviousYearIndicator = ""false"", and there is no instance of RELATIONSHIP with @xlink:arcrole = ""urn:fdc:mismo.org:2009:residential/DATA_SOURCE_IsDataSourceFor_LISTING_INFORMATION_SUMMARY"" that links DATA_SOURCE to LISTING_INFORMATION_SUMMARY"
207,UAD1210,1000.0027,unconditional_required,loaded_with_collected_tests,app/services/required_data.py,evaluate_required_data (unconditional presence),3,data/uad36-test-suite/tests/fixtures/required_data/test-suite.ttl; data/uad36-test-suite/tests/fixtures/unconditional_required/test-suite.ttl,"tests/test_it_1_r4_s1_unconditional_required.py::test_it_1_r4_s1_detects_absent_required_data[UAD1210]
data/uad36-test-suite/tests/test_required_data_acceptance.py::test_production_detects_missing_required_data[1000.0027-UAD1210]
data/uad36-test-suite/tests/test_required_data_rdf.py::test_rdf_missing_element_produces_expected_finding[1000.0027-UAD1210]",,If CostApproachIndicator is not provided
208,UAD1211,1000.0028,unconditional_required,loaded_with_collected_tests,app/services/required_data.py,evaluate_required_data (unconditional presence),3,data/uad36-test-suite/tests/fixtures/required_data/test-suite.ttl; data/uad36-test-suite/tests/fixtures/unconditional_required/test-suite.ttl,"tests/test_it_1_r4_s1_unconditional_required.py::test_it_1_r4_s1_detects_absent_required_data[UAD1211]
data/uad36-test-suite/tests/test_required_data_acceptance.py::test_production_detects_missing_required_data[1000.0028-UAD1211]
data/uad36-test-suite/tests/test_required_data_rdf.py::test_rdf_missing_element_produces_expected_finding[1000.0028-UAD1211]",,If GovernmentAgencyAppraisalIndicator is not provided
209,UAD1212,1000.0029,single_equality_conditional,loaded_with_collected_tests,app/services/single_equality_required_data.py,evaluate_single_equality,3,data/uad36-test-suite/tests/fixtures/single_equality/test-suite.ttl,"tests/test_it_1_r2_single_equality_behavior.py::test_it_1_r2_s1_single_equality_behavior[UAD1212-nonmatching-missing]
tests/test_it_1_r2_single_equality_behavior.py::test_it_1_r2_s1_single_equality_behavior[UAD1212-matching-missing]
tests/test_it_1_r2_single_equality_behavior.py::test_it_1_r2_s1_single_equality_behavior[UAD1212-matching-supplied]",,"If GovernmentAgencyAppraisalIndicator = ""true"" and GovernmentAgencyAppraisalType is not provided"
210,UAD1213,1000.0030,unconditional_required,loaded_with_collected_tests,app/services/required_data.py,evaluate_required_data (unconditional presence),3,data/uad36-test-suite/tests/fixtures/required_data/test-suite.ttl; data/uad36-test-suite/tests/fixtures/unconditional_required/test-suite.ttl,"tests/test_it_1_r4_s1_unconditional_required.py::test_it_1_r4_s1_detects_absent_required_data[UAD1213]
data/uad36-test-suite/tests/test_required_data_acceptance.py::test_production_detects_missing_required_data[1000.0030-UAD1213]
data/uad36-test-suite/tests/test_required_data_rdf.py::test_rdf_missing_element_produces_expected_finding[1000.0030-UAD1213]",,If IncomeApproachIndicator is not provided
211,UAD1214,1000.0030,required_structures,loaded_with_collected_tests,app/services/required_structure_required_data.py,evaluate_required_structure,1,data/uad36-test-suite/tests/fixtures/required_structures/required-structures-test-suite.ttl,tests/test_it_1_r3_s1_required_structure.py::test_it_1_r3_s1_detects_an_absent_required_structure[UAD1214],,"If IncomeApproachIndicator = ""true"" and there are no instances of PROPERTY with @ValuationUseType = ""GrossRentMultiplierComparable"""
212,UAD1215,1000.0031,value_cross_field_consistency,loaded_with_collected_tests,app/services/value_consistency_required_data.py,evaluate_value_consistency,1,tests/fixtures/it_1/r10/s1/test-suite.ttl,tests/test_it_1_r10_s1_value_cross_field_consistency.py::test_it_1_r10_s1_rejects_inconsistent_field_values[UAD1215],,"If IncomeApproachIndicator is ""true"" and RentScheduleIndicator is ""false"""
213,UAD1216,1000.0031,unconditional_required,loaded_with_collected_tests,app/services/required_data.py,evaluate_required_data (unconditional presence),3,data/uad36-test-suite/tests/fixtures/required_data/test-suite.ttl; data/uad36-test-suite/tests/fixtures/unconditional_required/test-suite.ttl,"tests/test_it_1_r4_s1_unconditional_required.py::test_it_1_r4_s1_detects_absent_required_data[UAD1216]
data/uad36-test-suite/tests/test_required_data_acceptance.py::test_production_detects_missing_required_data[1000.0031-UAD1216]
data/uad36-test-suite/tests/test_required_data_rdf.py::test_rdf_missing_element_produces_expected_finding[1000.0031-UAD1216]",,If RentScheduleIndicator is not provided
214,UAD1217,1000.0031,required_structures,loaded_with_collected_tests,app/services/required_structure_required_data.py,evaluate_required_structure,1,data/uad36-test-suite/tests/fixtures/required_structures/required-structures-test-suite.ttl,tests/test_it_1_r3_s1_required_structure.py::test_it_1_r3_s1_detects_an_absent_required_structure[UAD1217],,"If RentScheduleIndicator = ""true"" and there are no instances of PROPERTY with @ValuationUseType = ""RentalComparable"""
215,UAD1218,1000.0032,unconditional_required,loaded_with_collected_tests,app/services/required_data.py,evaluate_required_data (unconditional presence),3,data/uad36-test-suite/tests/fixtures/required_data/test-suite.ttl; data/uad36-test-suite/tests/fixtures/unconditional_required/test-suite.ttl,"tests/test_it_1_r4_s1_unconditional_required.py::test_it_1_r4_s1_detects_absent_required_data[UAD1218]
data/uad36-test-suite/tests/test_required_data_acceptance.py::test_production_detects_missing_required_data[1000.0032-UAD1218]
data/uad36-test-suite/tests/test_required_data_rdf.py::test_rdf_missing_element_produces_expected_finding[1000.0032-UAD1218]",,If SalesComparisonApproachIndicator is not provided
216,UAD1219,1000.0034,unconditional_required,loaded_with_collected_tests,app/services/required_data.py,evaluate_required_data (unconditional presence),3,data/uad36-test-suite/tests/fixtures/required_data/test-suite.ttl; data/uad36-test-suite/tests/fixtures/unconditional_required/test-suite.ttl,"tests/test_it_1_r4_s1_unconditional_required.py::test_it_1_r4_s1_detects_absent_required_data[UAD1219]
data/uad36-test-suite/tests/test_required_data_acceptance.py::test_production_detects_missing_required_data[1000.0034-UAD1219]
data/uad36-test-suite/tests/test_required_data_rdf.py::test_rdf_missing_element_produces_expected_finding[1000.0034-UAD1219]",,If ValuationAssignmentType is not provided
217,UAD1220,1000.0035,single_equality_conditional,loaded_with_collected_tests,app/services/single_equality_required_data.py,evaluate_single_equality,3,data/uad36-test-suite/tests/fixtures/single_equality/test-suite.ttl,"tests/test_it_1_r2_single_equality_behavior.py::test_it_1_r2_s1_single_equality_behavior[UAD1220-nonmatching-missing]
tests/test_it_1_r2_single_equality_behavior.py::test_it_1_r2_s1_single_equality_behavior[UAD1220-matching-missing]
tests/test_it_1_r2_single_equality_behavior.py::test_it_1_r2_s1_single_equality_behavior[UAD1220-matching-supplied]",,"If ValuationAssignmentType = ""Other"" and ValuationAssignmentTypeOtherDescription is not provided"
218,UAD1221,1000.0119,other_conditional_scoped,not_loaded,,,0,,,,"If PropertyDataReportIndicator = ""true"" and InspectionDate is not provided in SERVICE container with ServiceType = ""Inspection"""
219,UAD1222,1000.0158,unconditional_required,loaded_with_collected_tests,app/services/required_data.py,evaluate_required_data (unconditional presence),3,data/uad36-test-suite/tests/fixtures/required_data/test-suite.ttl; data/uad36-test-suite/tests/fixtures/unconditional_required/test-suite.ttl,"tests/test_it_1_r4_s1_unconditional_required.py::test_it_1_r4_s1_detects_absent_required_data[UAD1222]
data/uad36-test-suite/tests/test_required_data_acceptance.py::test_production_detects_missing_required_data[1000.0158-UAD1222]
data/uad36-test-suite/tests/test_required_data_rdf.py::test_rdf_missing_element_produces_expected_finding[1000.0158-UAD1222]",,If PropertyValuationMethodType is not provided
220,UAD1223,1000.0198,uniqueness_cardinality,loaded_with_collected_tests,app/services/uniqueness_cardinality_required_data.py,evaluate_uniqueness_cardinality,1,data/uad36-test-suite/tests/fixtures/uniqueness_cardinality/test-suite.ttl,tests/test_it_1_r5_s1_uniqueness_cardinality.py::test_it_1_r5_s1_rejects_prohibited_duplicate_or_occurrence_count[UAD1223],,"If there is no instance or more than one instance of SERVICE_DETAIL with ServiceType = ""Valuation"""
221,UAD1224,1000.0197,uniqueness_cardinality,loaded_with_collected_tests,app/services/uniqueness_cardinality_required_data.py,evaluate_uniqueness_cardinality,1,data/uad36-test-suite/tests/fixtures/uniqueness_cardinality/test-suite.ttl,tests/test_it_1_r5_s1_uniqueness_cardinality.py::test_it_1_r5_s1_rejects_prohibited_duplicate_or_occurrence_count[UAD1224],,"If there is more than one instance of SERVICE_DETAIL with ServiceType = ""Inspection"""
222,UAD1225,1100.0015,single_equality_conditional,loaded_with_collected_tests,app/services/single_equality_required_data.py,evaluate_single_equality,3,data/uad36-test-suite/tests/fixtures/single_equality/test-suite.ttl,"tests/test_it_1_r2_single_equality_behavior.py::test_it_1_r2_s1_single_equality_behavior[UAD1225-nonmatching-missing]
tests/test_it_1_r2_single_equality_behavior.py::test_it_1_r2_s1_single_equality_behavior[UAD1225-matching-missing]
tests/test_it_1_r2_single_equality_behavior.py::test_it_1_r2_s1_single_equality_behavior[UAD1225-matching-supplied]",,"If @ValuationUseType = ""LandComparable"" and PropertyOrdinalNumber is not provided"
223,UAD1226,1100.0015,uniqueness_cardinality,loaded_with_collected_tests,app/services/uniqueness_cardinality_required_data.py,evaluate_uniqueness_cardinality,1,data/uad36-test-suite/tests/fixtures/uniqueness_cardinality/test-suite.ttl,tests/test_it_1_r5_s1_uniqueness_cardinality.py::test_it_1_r5_s1_rejects_prohibited_duplicate_or_occurrence_count[UAD1226],,"If PropertyOrdinalNumber is not unique across all instances of PROPERTY with @ValuationUseType = ""LandComparable"""
224,UAD1227,1100.0026,single_equality_conditional,loaded_with_collected_tests,app/services/required_data.py,evaluate_required_data (ConditionalRule),3,data/uad36-test-suite/tests/fixtures/single_equality/test-suite.ttl,"tests/test_it_1_r2_single_equality_behavior.py::test_it_1_r2_s1_single_equality_behavior[UAD1227-nonmatching-missing]
tests/test_it_1_r2_single_equality_behavior.py::test_it_1_r2_s1_single_equality_behavior[UAD1227-matching-missing]
tests/test_it_1_r2_single_equality_behavior.py::test_it_1_r2_s1_single_equality_behavior[UAD1227-matching-supplied]",,"If CostApproachIndicator = ""true"" and DepreciatedCostDwellingsTotalAmount is not provided"
225,UAD1228,1100.0027,other_conditional_scoped,not_loaded,,,0,,,,"If CostApproachIndicator = ""true"" and DepreciatedCostOutbuildingsTotalAmount is not provided when there are one or more instances of IMPROVEMENT_DETAIL with ImprovementType = ""Outbuilding"" and OutbuildingRealPropertyIndicator = ""true"""
226,UAD1229,1100.0030,other_conditional_scoped,not_loaded,,,0,,,Rule Logic,"If CostApproachIndicator = ""true"", or
(CostApproachIndicator = ""false"" and SiteValueIndicator = ""true"") and SiteEstimatedValueAmount is not provided"
227,UAD1230,1100.0032,single_equality_conditional,loaded_with_collected_tests,app/services/required_data.py,evaluate_required_data (ConditionalRule),3,data/uad36-test-suite/tests/fixtures/single_equality/test-suite.ttl,"tests/test_it_1_r2_single_equality_behavior.py::test_it_1_r2_s1_single_equality_behavior[UAD1230-nonmatching-missing]
tests/test_it_1_r2_single_equality_behavior.py::test_it_1_r2_s1_single_equality_behavior[UAD1230-matching-missing]
tests/test_it_1_r2_single_equality_behavior.py::test_it_1_r2_s1_single_equality_behavior[UAD1230-matching-supplied]",,"If CostApproachIndicator = ""true"" and SiteOtherImprovementsAsIsAmount is not provided"
228,UAD1231,1100.0033,other_conditional_scoped,not_loaded,,,0,,,Rule Logic,"If CostApproachIndicator = ""true"", or
(CostApproachIndicator = ""false"" and SiteValueIndicator = ""true"") and SiteValuationMethodType is not provided"
229,UAD1232,1100.0034,single_equality_conditional,loaded_with_collected_tests,app/services/single_equality_required_data.py,evaluate_single_equality,3,data/uad36-test-suite/tests/fixtures/single_equality/test-suite.ttl,"tests/test_it_1_r2_single_equality_behavior.py::test_it_1_r2_s1_single_equality_behavior[UAD1232-nonmatching-missing]
tests/test_it_1_r2_single_equality_behavior.py::test_it_1_r2_s1_single_equality_behavior[UAD1232-matching-missing]
tests/test_it_1_r2_single_equality_behavior.py::test_it_1_r2_s1_single_equality_behavior[UAD1232-matching-supplied]",,"If SiteValuationMethodType = ""Other"" and SiteValuationMethodTypeOtherDescription is not provided"
230,UAD1233,,numeric_bounds,loaded_with_collected_tests,app/services/numeric_bound_required_data.py,evaluate_numeric_bound,1,data/uad36-test-suite/tests/fixtures/numeric_bounds/test-suite.ttl,tests/test_it_1_r6_s1_numeric_bounds.py::test_it_1_r6_s1_rejects_numeric_value_outside_governed_bounds[UAD1233],,"If CostApproachIndicator = ""true"" and DepreciationTotalAmount < 0 in a given instance of IMPROVEMENT_COST_AND_DEPRECIATED_VALUE/IMPROVEMENT_DEPRECIATION"
231,UAD1234,,numeric_bounds,loaded_with_collected_tests,app/services/numeric_bound_required_data.py,evaluate_numeric_bound,1,data/uad36-test-suite/tests/fixtures/numeric_bounds/test-suite.ttl,tests/test_it_1_r6_s1_numeric_bounds.py::test_it_1_r6_s1_rejects_numeric_value_outside_governed_bounds[UAD1234],,"If CostApproachIndicator = ""true"" and DepreciationExternalAmount < 0 in a given instance of IMPROVEMENT_COST_AND_DEPRECIATED_VALUE/IMPROVEMENT_DEPRECIATION"
232,UAD1235,,numeric_bounds,loaded_with_collected_tests,app/services/numeric_bound_required_data.py,evaluate_numeric_bound,1,data/uad36-test-suite/tests/fixtures/numeric_bounds/test-suite.ttl,tests/test_it_1_r6_s1_numeric_bounds.py::test_it_1_r6_s1_rejects_numeric_value_outside_governed_bounds[UAD1235],,"If CostApproachIndicator = ""true"" and DepreciationFunctionalAmount < 0 in a given instance of IMPROVEMENT_COST_AND_DEPRECIATED_VALUE/IMPROVEMENT_DEPRECIATION"
233,UAD1236,,numeric_bounds,loaded_with_collected_tests,app/services/numeric_bound_required_data.py,evaluate_numeric_bound,1,data/uad36-test-suite/tests/fixtures/numeric_bounds/test-suite.ttl,tests/test_it_1_r6_s1_numeric_bounds.py::test_it_1_r6_s1_rejects_numeric_value_outside_governed_bounds[UAD1236],,"If CostApproachIndicator = ""true"" and DepreciationPhysicalAmount < 0 in a given instance of IMPROVEMENT_COST_AND_DEPRECIATED_VALUE/IMPROVEMENT_DEPRECIATION"
234,UAD1237,,alternative_mutually_exclusive,not_loaded,,,0,,,,"If DepreciationTotalAmount is provided, and (any of DepreciationExternalAmount, DepreciationFunctionalAmount, and DepreciationPhysicalAmount are also provided) in a given instance of IMPROVEMENT_COST_AND_DEPRECIATED_VALUE/IMPROVEMENT_DEPRECIATION"
235,UAD1238,1100.0033,required_structures,loaded_with_collected_tests,app/services/required_structure_required_data.py,evaluate_required_structure,1,data/uad36-test-suite/tests/fixtures/required_structures/required-structures-test-suite.ttl,tests/test_it_1_r3_s1_required_structure.py::test_it_1_r3_s1_detects_an_absent_required_structure[UAD1238],,"If SiteValuationMethodType = ""SalesComparison"" and there are no instances of PROPERTY with @ValuationUseType = ""LandComparable"""
236,UAD1239,1100.0065,other_conditional_scoped,not_loaded,,,0,,,Severity,"If CostApproachIndicator = ""true"", and (DataSourceType = ""BuilderOrDeveloper"" or ""CostService"" or ""CostSurvey"" or ""Other""), and DataSourceEffectiveDate is not provided in the instance of DATA_SOURCE that is related to cost approach"
237,UAD1240,1100.0066,other_conditional_scoped,not_loaded,,,0,,,,"If CostApproachIndicator = ""true"", and DataSourceType = ""CostService"", and DataSourceName is not provided in a given instance of DATA_SOURCE"
238,UAD1241,1100.0067,other_conditional_scoped,not_loaded,,,0,,,,"If CostApproachIndicator = ""true"" and DataSourceQualityRatingCode is not provided in the instance of DATA_SOURCE with DataSourceType = ""CostService"""
239,UAD1242,1200.0003,single_equality_conditional,loaded_with_collected_tests,app/services/required_data.py,evaluate_required_data (ConditionalRule),3,data/uad36-test-suite/tests/fixtures/single_equality/test-suite.ttl,"tests/test_it_1_r2_single_equality_behavior.py::test_it_1_r2_s1_single_equality_behavior[UAD1242-nonmatching-missing]
tests/test_it_1_r2_single_equality_behavior.py::test_it_1_r2_s1_single_equality_behavior[UAD1242-matching-missing]
tests/test_it_1_r2_single_equality_behavior.py::test_it_1_r2_s1_single_equality_behavior[UAD1242-matching-supplied]",,"If IncomeApproachIndicator = ""true"" and GrossRentMultiplierFactorNumber is not provided"
240,UAD1243,1200.0004,single_equality_conditional,loaded_with_collected_tests,app/services/required_data.py,evaluate_required_data (ConditionalRule),3,data/uad36-test-suite/tests/fixtures/single_equality/test-suite.ttl,"tests/test_it_1_r2_single_equality_behavior.py::test_it_1_r2_s1_single_equality_behavior[UAD1243-nonmatching-missing]
tests/test_it_1_r2_single_equality_behavior.py::test_it_1_r2_s1_single_equality_behavior[UAD1243-matching-missing]
tests/test_it_1_r2_single_equality_behavior.py::test_it_1_r2_s1_single_equality_behavior[UAD1243-matching-supplied]",,"If IncomeApproachIndicator = ""true"" and ValueIndicatedByIncomeApproachAmount is not provided"
241,UAD1244,1200.0015,single_equality_conditional,loaded_with_collected_tests,app/services/single_equality_required_data.py,evaluate_single_equality,3,data/uad36-test-suite/tests/fixtures/single_equality/test-suite.ttl,"tests/test_it_1_r2_single_equality_behavior.py::test_it_1_r2_s1_single_equality_behavior[UAD1244-nonmatching-missing]
tests/test_it_1_r2_single_equality_behavior.py::test_it_1_r2_s1_single_equality_behavior[UAD1244-matching-missing]
tests/test_it_1_r2_single_equality_behavior.py::test_it_1_r2_s1_single_equality_behavior[UAD1244-matching-supplied]",,"If @ValuationUseType = ""GrossRentMultiplierComparable"" and ComparableWeightType is not provided"
242,UAD1245,1200.0016,single_equality_conditional,loaded_with_collected_tests,app/services/single_equality_required_data.py,evaluate_single_equality,3,data/uad36-test-suite/tests/fixtures/single_equality/test-suite.ttl,"tests/test_it_1_r2_single_equality_behavior.py::test_it_1_r2_s1_single_equality_behavior[UAD1245-nonmatching-missing]
tests/test_it_1_r2_single_equality_behavior.py::test_it_1_r2_s1_single_equality_behavior[UAD1245-matching-missing]
tests/test_it_1_r2_single_equality_behavior.py::test_it_1_r2_s1_single_equality_behavior[UAD1245-matching-supplied]",,"If @ValuationUseType = ""GrossRentMultiplierComparable"" and GrossMonthlyRentMultiplierNumber is not provided"
243,UAD1246,1200.0028,single_equality_conditional,loaded_with_collected_tests,app/services/single_equality_required_data.py,evaluate_single_equality,3,data/uad36-test-suite/tests/fixtures/single_equality/test-suite.ttl,"tests/test_it_1_r2_single_equality_behavior.py::test_it_1_r2_s1_single_equality_behavior[UAD1246-nonmatching-missing]
tests/test_it_1_r2_single_equality_behavior.py::test_it_1_r2_s1_single_equality_behavior[UAD1246-matching-missing]
tests/test_it_1_r2_single_equality_behavior.py::test_it_1_r2_s1_single_equality_behavior[UAD1246-matching-supplied]",,"If @ValuationUseType = ""GrossRentMultiplierComparable"" and PropertyOrdinalNumber is not provided"
244,UAD1247,1200.0028,uniqueness_cardinality,loaded_with_collected_tests,app/services/uniqueness_cardinality_required_data.py,evaluate_uniqueness_cardinality,1,data/uad36-test-suite/tests/fixtures/uniqueness_cardinality/test-suite.ttl,tests/test_it_1_r5_s1_uniqueness_cardinality.py::test_it_1_r5_s1_rejects_prohibited_duplicate_or_occurrence_count[UAD1247],,"if PropertyOrdinalNumber is not unique across all instances of PROPERTY with @ValuationUseType = ""GrossRentMultiplierComparable"""
245,UAD1248,1200.0029,numeric_bounds,loaded_with_collected_tests,app/services/numeric_bound_required_data.py,evaluate_numeric_bound,1,data/uad36-test-suite/tests/fixtures/numeric_bounds/test-suite.ttl,tests/test_it_1_r6_s1_numeric_bounds.py::test_it_1_r6_s1_rejects_numeric_value_outside_governed_bounds[UAD1248],,"If @ValuationUseType = ""GrossRentMultiplierComparable"" and LivingUnitExcludingADUCount < 1"
246,UAD1249,1200.0030,single_equality_conditional,loaded_with_collected_tests,app/services/single_equality_required_data.py,evaluate_single_equality,3,data/uad36-test-suite/tests/fixtures/single_equality/test-suite.ttl,"tests/test_it_1_r2_single_equality_behavior.py::test_it_1_r2_s1_single_equality_behavior[UAD1249-nonmatching-missing]
tests/test_it_1_r2_single_equality_behavior.py::test_it_1_r2_s1_single_equality_behavior[UAD1249-matching-missing]
tests/test_it_1_r2_single_equality_behavior.py::test_it_1_r2_s1_single_equality_behavior[UAD1249-matching-supplied]",,"If @ValuationUseType = ""GrossRentMultiplierComparable"" and TotalMonthlyActualRentAmount is not provided"
247,UAD1250,1200.0032,aggregate_cross_record_consistency,loaded_with_collected_tests,app/services/aggregate_cross_record_required_data.py,evaluate_aggregate_cross_record,7,tests/fixtures/it_1/r13/s1/manifest.ttl,"tests/test_it_1_r13_s1_aggregate_cross_record_consistency.py::test_it_1_r13_s1_aggregate_cross_record_consistency[UAD1250:extra-comparable-row]
tests/test_it_1_r13_s1_aggregate_cross_record_consistency.py::test_it_1_r13_s1_aggregate_cross_record_consistency[UAD1250:identifier-mismatch]
tests/test_it_1_r13_s1_aggregate_cross_record_consistency.py::test_it_1_r13_s1_aggregate_cross_record_consistency[UAD1250:missing-comparable-row]
tests/test_it_1_r13_s1_aggregate_cross_record_consistency.py::test_it_1_r13_s1_aggregate_cross_record_consistency[UAD1250:missing-subject-row]
tests/test_it_1_r13_s1_aggregate_cross_record_consistency.py::test_it_1_r13_s1_aggregate_cross_record_consistency[UAD1250:other-property-control]
tests/test_it_1_r13_s1_aggregate_cross_record_consistency.py::test_it_1_r13_s1_aggregate_cross_record_consistency[UAD1250:separate-analysis-groups]
tests/test_it_1_r13_s1_aggregate_cross_record_consistency.py::test_it_1_r13_s1_aggregate_cross_record_consistency[UAD1250:type-and-identifier-key]",,"For each combination of ComparableAdjustmentType = ""GrossRentMultiplierAdditionalNonAdjustableComparisonItem"" and AdditionalComparisonLineItemIdentifier, if there are not matching occurrences of COMPARABLE_ADJUSTMENT across all instances of PROPERTY with @ValuationUseType = ""GrossRentMultiplierComparable"", and the instance of PROPERTY with @ValuationUseType = ""SubjectProperty"". See UAD1455 for an example of this concept."
248,UAD1251,1200.0034,other_conditional_scoped,not_loaded,,,0,,,,"If @ValuationUseType = ""GrossRentMultiplierComparable"" and OwnershipTransferTransactionType = ""Sale"" and OwnershipTransferTransactionAmount is not provided"
249,UAD1252,1300.0001,single_equality_conditional,loaded_with_collected_tests,app/services/required_data.py,evaluate_required_data (ConditionalRule),3,data/uad36-test-suite/tests/fixtures/single_equality/test-suite.ttl,"tests/test_it_1_r2_single_equality_behavior.py::test_it_1_r2_s1_single_equality_behavior[UAD1252-nonmatching-missing]
tests/test_it_1_r2_single_equality_behavior.py::test_it_1_r2_s1_single_equality_behavior[UAD1252-matching-missing]
tests/test_it_1_r2_single_equality_behavior.py::test_it_1_r2_s1_single_equality_behavior[UAD1252-matching-supplied]",,"If CostApproachIndicator = ""true"" and ValueIndicatedByCostApproachAmount is not provided"
250,UAD1253,1300.0006,single_equality_conditional,loaded_with_collected_tests,app/services/single_equality_required_data.py,evaluate_single_equality,3,data/uad36-test-suite/tests/fixtures/single_equality/test-suite.ttl,"tests/test_it_1_r2_single_equality_behavior.py::test_it_1_r2_s1_single_equality_behavior[UAD1253-nonmatching-missing]
tests/test_it_1_r2_single_equality_behavior.py::test_it_1_r2_s1_single_equality_behavior[UAD1253-matching-missing]
tests/test_it_1_r2_single_equality_behavior.py::test_it_1_r2_s1_single_equality_behavior[UAD1253-matching-supplied]",,"If SalesComparisonApproachIndicator = ""true"" and ValueIndicatedBySalesComparisonAmount is not provided"
251,UAD1255,1300.0010,required_structures,loaded_with_collected_tests,app/services/required_structure_required_data.py,evaluate_required_structure,1,data/uad36-test-suite/tests/fixtures/required_structures/required-structures-test-suite.ttl,tests/test_it_1_r3_s1_required_structure.py::test_it_1_r3_s1_detects_an_absent_required_structure[UAD1255],,If at least one instance of VALUATION_CONDITION is not provided or PropertyValuationConditionalConclusionType is not provided in a given instance of VALUATION_CONDITION
252,UAD1256,1300.0010,uniqueness_cardinality,loaded_with_collected_tests,app/services/uniqueness_cardinality_required_data.py,evaluate_uniqueness_cardinality,1,data/uad36-test-suite/tests/fixtures/uniqueness_cardinality/test-suite.ttl,tests/test_it_1_r5_s1_uniqueness_cardinality.py::test_it_1_r5_s1_rejects_prohibited_duplicate_or_occurrence_count[UAD1256],,"If PropertyValuationConditionalConclusionType = ""AsIs"" and there are one or more additional instances of VALUATION_CONDITION"
253,UAD1257,1300.0012,unconditional_required,loaded_with_collected_tests,app/services/required_data.py,evaluate_required_data (unconditional presence),3,data/uad36-test-suite/tests/fixtures/required_data/test-suite.ttl; data/uad36-test-suite/tests/fixtures/unconditional_required/test-suite.ttl,"tests/test_it_1_r4_s1_unconditional_required.py::test_it_1_r4_s1_detects_absent_required_data[UAD1257]
data/uad36-test-suite/tests/test_required_data_acceptance.py::test_production_detects_missing_required_data[1300.0012-UAD1257]
data/uad36-test-suite/tests/test_required_data_rdf.py::test_rdf_missing_element_produces_expected_finding[1300.0012-UAD1257]",,If AppraisalReportEffectiveDate is not provided
254,UAD1258,1300.0012,date_chronology,loaded_with_collected_tests,app/services/date_chronology_required_data.py,evaluate_date_chronology,1,tests/fixtures/it_1/r11/s1/manifest.ttl,tests/test_it_1_r11_s1_date_chronology.py::test_it_1_r11_s1_rejects_prohibited_date_relationship[UAD1258-today-boundary],,If AppraisalReportEffectiveDate is in the future
255,UAD1259,1300.0012,date_chronology,loaded_with_collected_tests,app/services/date_chronology_required_data.py,evaluate_date_chronology,1,tests/fixtures/it_1/r11/s1/manifest.ttl,tests/test_it_1_r11_s1_date_chronology.py::test_it_1_r11_s1_rejects_prohibited_date_relationship[UAD1259-367-day-boundary],,If AppraisalReportEffectiveDate is more than 367 days before the current date
256,UAD1260,1300.0012,format_precision_length,loaded_with_collected_tests,app/services/representation_restriction_required_data.py,evaluate_representation_restriction,1,data/uad36-test-suite/tests/fixtures/representation_restrictions/test-suite.ttl,tests/test_it_1_r7_s1_representation_restrictions.py::test_it_1_r7_s1_rejects_value_violating_representation_restriction[UAD1260],,"If AppraisalReportEffectiveDate does not include year, month and day in YYYY-MM-DD format"
257,UAD1261,1300.0016,value_cross_field_consistency,loaded_with_collected_tests,app/services/value_consistency_required_data.py,evaluate_value_consistency,1,tests/fixtures/it_1/r10/s1/test-suite.ttl,tests/test_it_1_r10_s1_value_cross_field_consistency.py::test_it_1_r10_s1_rejects_inconsistent_field_values[UAD1261],,If MarketingOrExposureTimeType is not provided or is not = 'ReasonableExposureTime' in VALUATION_RECONCILIATION_SUMMARY_DETAIL
258,UAD1262,1300.0017,unconditional_required,loaded_with_collected_tests,app/services/required_data.py,evaluate_required_data (unconditional presence),3,data/uad36-test-suite/tests/fixtures/required_data/test-suite.ttl; data/uad36-test-suite/tests/fixtures/unconditional_required/test-suite.ttl,"tests/test_it_1_r4_s1_unconditional_required.py::test_it_1_r4_s1_detects_absent_required_data[UAD1262]
data/uad36-test-suite/tests/test_required_data_acceptance.py::test_production_detects_missing_required_data[1300.0017-UAD1262]
data/uad36-test-suite/tests/test_required_data_rdf.py::test_rdf_missing_element_produces_expected_finding[1300.0017-UAD1262]",,If OpinionOfValueAmount is not provided
259,UAD1263,1300.0017,numeric_bounds,loaded_with_collected_tests,app/services/numeric_bound_required_data.py,evaluate_numeric_bound,1,data/uad36-test-suite/tests/fixtures/numeric_bounds/test-suite.ttl,tests/test_it_1_r6_s1_numeric_bounds.py::test_it_1_r6_s1_rejects_numeric_value_outside_governed_bounds[UAD1263],,If OpinionOfValueAmount < 1
260,UAD1264,1300.0017,numeric_bounds,loaded_with_collected_tests,app/services/numeric_bound_required_data.py,evaluate_numeric_bound,1,data/uad36-test-suite/tests/fixtures/numeric_bounds/test-suite.ttl,tests/test_it_1_r6_s1_numeric_bounds.py::test_it_1_r6_s1_rejects_numeric_value_outside_governed_bounds[UAD1264],,"If OpinionOfValueAmount > 1,000,000,000"
261,UAD1265,1300.0019,unconditional_required,loaded_with_collected_tests,app/services/required_data.py,evaluate_required_data (unconditional presence),1,data/uad36-test-suite/tests/fixtures/unconditional_required/test-suite.ttl,tests/test_it_1_r4_s1_unconditional_required.py::test_it_1_r4_s1_detects_absent_required_data[UAD1265],,If AdditionalClientRequestedConditionsIndicator is not provided
262,UAD1266,1300.0021,unconditional_required,loaded_with_collected_tests,app/services/required_data.py,evaluate_required_data (unconditional presence),3,data/uad36-test-suite/tests/fixtures/required_data/test-suite.ttl; data/uad36-test-suite/tests/fixtures/unconditional_required/test-suite.ttl,"tests/test_it_1_r4_s1_unconditional_required.py::test_it_1_r4_s1_detects_absent_required_data[UAD1266]
data/uad36-test-suite/tests/test_required_data_acceptance.py::test_production_detects_missing_required_data[1300.0021-UAD1266]
data/uad36-test-suite/tests/test_required_data_rdf.py::test_rdf_missing_element_produces_expected_finding[1300.0021-UAD1266]",,If ValuationReconciliationSummaryCommentDescription is not provided
263,UAD1267,1300.0034,other_conditional_scoped,not_loaded,,,0,,,,"If NewConstructionIndicator = ""false"" and (PropertyValuationConditionalConclusionType = ""SubjectToCompletionPerPlans"" or ""SubjectToRepair"") and PropertyAsIsConditionRatingCode is not provided"
264,UAD1268,,uniqueness_cardinality,loaded_with_collected_tests,app/services/uniqueness_cardinality_required_data.py,evaluate_uniqueness_cardinality,1,data/uad36-test-suite/tests/fixtures/uniqueness_cardinality/test-suite.ttl,tests/test_it_1_r5_s1_uniqueness_cardinality.py::test_it_1_r5_s1_rejects_prohibited_duplicate_or_occurrence_count[UAD1268],,"If PartyRoleType = ""Appraiser"" or ""AppraiserSupervisor"" and (no instance of INSPECTION_DETAIL is provided for each role or more than one instance of INSPECTION_DETAIL is provided for each role)"
265,UAD1270,1400.0383,existing_context_required,loaded_with_collected_tests,app/services/existing_context_required_data.py,evaluate_existing_context_required,1,data/uad36-test-suite/tests/fixtures/existing_context_required/test-suite.ttl,tests/test_it_1_r8_s1_existing_context_required.py::test_it_1_r8_s1_detects_missing_data_inside_existing_context[UAD1270],,If ObjectURL is not provided in FOREIGN_OBJECT
266,UAD1272,1400.0384,value_cross_field_consistency,loaded_with_collected_tests,app/services/value_consistency_required_data.py,evaluate_value_consistency,1,tests/fixtures/it_1/r10/s1/test-suite.ttl,tests/test_it_1_r10_s1_value_cross_field_consistency.py::test_it_1_r10_s1_rejects_inconsistent_field_values[UAD1272],,"If MIMETypeIdentifier in FOREIGN_OBJECT is not provided or not provided as ""application/pdf"""
267,UAD1273,1400.0408,unconditional_required,loaded_with_collected_tests,app/services/required_data.py,evaluate_required_data (unconditional presence),1,data/uad36-test-suite/tests/fixtures/unconditional_required/test-suite.ttl,tests/test_it_1_r4_s1_unconditional_required.py::test_it_1_r4_s1_detects_absent_required_data[UAD1273],,If @MISMOReferenceModelIdentifier is not provided
268,UAD1274,1400.0619,required_structures,loaded_with_collected_tests,app/services/required_structure_required_data.py,evaluate_required_structure,1,data/uad36-test-suite/tests/fixtures/required_structures/required-structures-test-suite.ttl,tests/test_it_1_r3_s1_required_structure.py::test_it_1_r3_s1_detects_an_absent_required_structure[UAD1274],,"If instances of IMAGE with ImageCategoryType = DwellingFront, PropertyAccess, and PropertyPhoto are not provided"
269,UAD1275,1400.0628,required_structures,loaded_with_collected_tests,app/services/required_structure_required_data.py,evaluate_required_structure,1,data/uad36-test-suite/tests/fixtures/required_structures/required-structures-test-suite.ttl,tests/test_it_1_r3_s1_required_structure.py::test_it_1_r3_s1_detects_an_absent_required_structure[UAD1275],,"If @ValuationUseType = ""SalesComparable"" and there is no instance of IMAGE with ImageCategoryType = ""PropertyPhoto"""
270,UAD1276,1400.0634,single_equality_conditional,loaded_with_collected_tests,app/services/single_equality_required_data.py,evaluate_single_equality,3,data/uad36-test-suite/tests/fixtures/single_equality/test-suite.ttl,"tests/test_it_1_r2_single_equality_behavior.py::test_it_1_r2_s1_single_equality_behavior[UAD1276-nonmatching-missing]
tests/test_it_1_r2_single_equality_behavior.py::test_it_1_r2_s1_single_equality_behavior[UAD1276-matching-missing]
tests/test_it_1_r2_single_equality_behavior.py::test_it_1_r2_s1_single_equality_behavior[UAD1276-matching-supplied]",,"If @ValuationUseType = ""SalesComparable"" and ImageFileLocationIdentifier is not provided in a given instance of IMAGE"
271,UAD1278,1400.1013,required_structures,loaded_with_collected_tests,app/services/required_structure_required_data.py,evaluate_required_structure,1,data/uad36-test-suite/tests/fixtures/required_structures/required-structures-test-suite.ttl,tests/test_it_1_r3_s1_required_structure.py::test_it_1_r3_s1_detects_an_absent_required_structure[UAD1278],,"If PrivateAccessIndicator = ""true"" for any instance of BODY_OF_WATER where the SiteInfluenceType = ""BodyOfWater"" and there is no instance of IMAGE with ImageCategoryType = ""WaterFrontage"""
272,UAD1279,,required_structures,loaded_with_collected_tests,app/services/required_structure_required_data.py,evaluate_required_structure,1,data/uad36-test-suite/tests/fixtures/required_structures/required-structures-test-suite.ttl,tests/test_it_1_r3_s1_required_structure.py::test_it_1_r3_s1_detects_an_absent_required_structure[UAD1279],Rule Logic,"If there is no instance of IMAGE in a given instance of ROOM with RoomType = ""Kitchen"" or ""HalfBathroom"" or ""FullBathroom"""
273,UAD1280,1400.0870,required_structures,loaded_with_collected_tests,app/services/required_structure_required_data.py,evaluate_required_structure,1,data/uad36-test-suite/tests/fixtures/required_structures/required-structures-test-suite.ttl,tests/test_it_1_r3_s1_required_structure.py::test_it_1_r3_s1_detects_an_absent_required_structure[UAD1280],,"If @ValuationUseType = ""GrossRentMultiplierComparable"" and there is no instance of IMAGE with ImageCategoryType = ""PropertyPhoto"""
274,UAD1281,1400.0876,single_equality_conditional,loaded_with_collected_tests,app/services/single_equality_required_data.py,evaluate_single_equality,3,data/uad36-test-suite/tests/fixtures/single_equality/test-suite.ttl,"tests/test_it_1_r2_single_equality_behavior.py::test_it_1_r2_s1_single_equality_behavior[UAD1281-nonmatching-missing]
tests/test_it_1_r2_single_equality_behavior.py::test_it_1_r2_s1_single_equality_behavior[UAD1281-matching-missing]
tests/test_it_1_r2_single_equality_behavior.py::test_it_1_r2_s1_single_equality_behavior[UAD1281-matching-supplied]",,"If @ValuationUseType = ""GrossRentMultiplierComparable"" and ImageFileLocationIdentifier is not provided in a given instance of IMAGE"
275,UAD1282,1400.0905,other_conditional_scoped,not_loaded,,,0,,,,"If @ValuationUseType=""GrossRentMultiplierComparable"" and MIMETypeIdentifier is not provided in a given instance of IMAGE"
276,UAD1283,1400.0915,required_structures,loaded_with_collected_tests,app/services/required_structure_required_data.py,evaluate_required_structure,1,data/uad36-test-suite/tests/fixtures/required_structures/required-structures-test-suite.ttl,tests/test_it_1_r3_s1_required_structure.py::test_it_1_r3_s1_detects_an_absent_required_structure[UAD1283],,"If SalesComparisonApproachIndicator = ""true"" and there is no instance of IMAGE with ImageCategoryType = ""SalesComparableMap"" in @ValuationUseType = ""SubjectProperty"""
277,UAD1284,1400.0967,required_structures,loaded_with_collected_tests,app/services/required_structure_required_data.py,evaluate_required_structure,1,data/uad36-test-suite/tests/fixtures/required_structures/required-structures-test-suite.ttl,tests/test_it_1_r3_s1_required_structure.py::test_it_1_r3_s1_detects_an_absent_required_structure[UAD1284],,"If @ValuationUseType = ""SubjectProperty"" and ManufacturedHomeHUDCertificateLabelIndicator = ""true"", and there is no instance of IMAGE with ImageCategoryType = ""ManufacturedHomeHUDCertificationLabel"""
278,UAD1285,1400.0975,required_structures,loaded_with_collected_tests,app/services/required_structure_required_data.py,evaluate_required_structure,1,data/uad36-test-suite/tests/fixtures/required_structures/required-structures-test-suite.ttl,tests/test_it_1_r3_s1_required_structure.py::test_it_1_r3_s1_detects_an_absent_required_structure[UAD1285],,"If @ValuationUseType = ""SubjectProperty"" and ManufacturedHomeHUDDataPlateAttachedIndicator = ""true"", and there is no instance of IMAGE with ImageCategoryType = ""ManufacturedHomeHUDDataPlate"""
279,UAD1287,1500.0002,required_structures,loaded_with_collected_tests,app/services/required_structure_required_data.py,evaluate_required_structure,1,data/uad36-test-suite/tests/fixtures/required_structures/required-structures-test-suite.ttl,tests/test_it_1_r3_s1_required_structure.py::test_it_1_r3_s1_detects_an_absent_required_structure[UAD1287],,"If EncumbranceType = ""ConditionsCovenantsRestrictions"" and (at least one instance of CONDITION_COVENANT_RESTRICTION is not provided or RestrictionType is not provided in a given instance of CONDITION_COVENANT_RESTRICTION)"
280,UAD1288,1500.0003,single_equality_conditional,loaded_with_collected_tests,app/services/single_equality_required_data.py,evaluate_single_equality,3,data/uad36-test-suite/tests/fixtures/single_equality/test-suite.ttl,"tests/test_it_1_r2_single_equality_behavior.py::test_it_1_r2_s1_single_equality_behavior[UAD1288-nonmatching-missing]
tests/test_it_1_r2_single_equality_behavior.py::test_it_1_r2_s1_single_equality_behavior[UAD1288-matching-missing]
tests/test_it_1_r2_single_equality_behavior.py::test_it_1_r2_s1_single_equality_behavior[UAD1288-matching-supplied]",,"If RestrictionType = ""Other"" and RestrictionTypeOtherDescription is not provided in a given instance of CONDITION_COVENANT_RESTRICTION"
281,UAD1289,1500.0004,required_structures,loaded_with_collected_tests,app/services/required_structure_required_data.py,evaluate_required_structure,1,data/uad36-test-suite/tests/fixtures/required_structures/required-structures-test-suite.ttl,tests/test_it_1_r3_s1_required_structure.py::test_it_1_r3_s1_detects_an_absent_required_structure[UAD1289],,"If EncumbranceType = ""Easement"" and (at least one instance of EASEMENT is not provided or EasementType is not provided in a given instance of EASEMENT)"
282,UAD1290,1500.0005,single_equality_conditional,loaded_with_collected_tests,app/services/single_equality_required_data.py,evaluate_single_equality,3,data/uad36-test-suite/tests/fixtures/single_equality/test-suite.ttl,"tests/test_it_1_r2_single_equality_behavior.py::test_it_1_r2_s1_single_equality_behavior[UAD1290-nonmatching-missing]
tests/test_it_1_r2_single_equality_behavior.py::test_it_1_r2_s1_single_equality_behavior[UAD1290-matching-missing]
tests/test_it_1_r2_single_equality_behavior.py::test_it_1_r2_s1_single_equality_behavior[UAD1290-matching-supplied]",,"If EasementType = ""Other"" and EasementTypeOtherDescription is not provided in a given instance of EASEMENT"
283,UAD1291,1500.0008,existing_context_required,loaded_with_collected_tests,app/services/existing_context_required_data.py,evaluate_existing_context_required,1,data/uad36-test-suite/tests/fixtures/existing_context_required/test-suite.ttl,tests/test_it_1_r8_s1_existing_context_required.py::test_it_1_r8_s1_detects_missing_data_inside_existing_context[UAD1291],,If EncroachmentDirectionType is not provided in a given instance of ENCROACHMENT
284,UAD1292,1500.0009,required_structures,loaded_with_collected_tests,app/services/required_structure_required_data.py,evaluate_required_structure,1,data/uad36-test-suite/tests/fixtures/required_structures/required-structures-test-suite.ttl,tests/test_it_1_r3_s1_required_structure.py::test_it_1_r3_s1_detects_an_absent_required_structure[UAD1292],,"If EncumbranceType = ""Encroachment"" and (at least one instance of ENCROACHMENT is not provided or EncroachmentType is not provided in a given instance of ENCROACHMENT)"
285,UAD1293,1500.0010,single_equality_conditional,loaded_with_collected_tests,app/services/single_equality_required_data.py,evaluate_single_equality,3,data/uad36-test-suite/tests/fixtures/single_equality/test-suite.ttl,"tests/test_it_1_r2_single_equality_behavior.py::test_it_1_r2_s1_single_equality_behavior[UAD1293-nonmatching-missing]
tests/test_it_1_r2_single_equality_behavior.py::test_it_1_r2_s1_single_equality_behavior[UAD1293-matching-missing]
tests/test_it_1_r2_single_equality_behavior.py::test_it_1_r2_s1_single_equality_behavior[UAD1293-matching-supplied]",,"If EncroachmentType = ""Other"" and EncroachmentTypeOtherDescription is not provided in a given instance of ENCROACHMENT"
286,UAD1294,1500.0015,other_conditional_scoped,loaded_with_collected_tests,app/services/scoped_required_data.py,evaluate_scoped_rule,12,tests/fixtures/it_1/r1/s1/manifest.ttl,"tests/test_it_1_r1_s1_conditional_scoped_requirements.py::test_it_1_r1_s1_conditional_scoped_requirement[slice-02-IT-1R1S1-UAD1294-Bordering-missing]
tests/test_it_1_r1_s1_conditional_scoped_requirements.py::test_it_1_r1_s1_conditional_scoped_requirement[slice-02-IT-1R1S1-UAD1294-Bordering-supplied]
tests/test_it_1_r1_s1_conditional_scoped_requirements.py::test_it_1_r1_s1_conditional_scoped_requirement[slice-02-IT-1R1S1-UAD1294-Offsite-missing]
tests/test_it_1_r1_s1_conditional_scoped_requirements.py::test_it_1_r1_s1_conditional_scoped_requirement[slice-02-IT-1R1S1-UAD1294-Offsite-supplied]
tests/test_it_1_r1_s1_conditional_scoped_requirements.py::test_it_1_r1_s1_conditional_scoped_requirement[slice-02-IT-1R1S1-UAD1294-conditions-split-between-instances]
tests/test_it_1_r1_s1_conditional_scoped_requirements.py::test_it_1_r1_s1_conditional_scoped_requirement[slice-02-IT-1R1S1-UAD1294-excluded-condition-not-applicable]
tests/test_it_1_r1_s1_conditional_scoped_requirements.py::test_it_1_r1_s1_conditional_scoped_requirement[slice-02-IT-1R1S1-UAD1294-first-missing-second-supplied]
tests/test_it_1_r1_s1_conditional_scoped_requirements.py::test_it_1_r1_s1_conditional_scoped_requirement[slice-02-IT-1R1S1-UAD1294-first-supplied-second-missing]
tests/test_it_1_r1_s1_conditional_scoped_requirements.py::test_it_1_r1_s1_conditional_scoped_requirement[slice-02-IT-1R1S1-UAD1294-neither-not-applicable]
tests/test_it_1_r1_s1_conditional_scoped_requirements.py::test_it_1_r1_s1_conditional_scoped_requirement[slice-02-IT-1R1S1-UAD1294-nonapplicable-with-compliant-neighbor]
tests/test_it_1_r1_s1_conditional_scoped_requirements.py::test_it_1_r1_s1_conditional_scoped_requirement[slice-02-IT-1R1S1-UAD1294-onsite-not-applicable]
tests/test_it_1_r1_s1_conditional_scoped_requirements.py::test_it_1_r1_s1_conditional_scoped_requirement[slice-02-IT-1R1S1-UAD1294-two-applicable-missing]",,"If EnvironmentalConditionType <> ""None"", and EnvironmentalConditionProximityType = ""Bordering"" or ""Offsite"", and DistanceFromPropertyLinearMeasure is not provided in a given instance of ENVIRONMENTAL_CONDITION"
287,UAD1296,1500.0016,required_structures,loaded_with_collected_tests,app/services/required_structure_required_data.py,evaluate_required_structure,1,data/uad36-test-suite/tests/fixtures/required_structures/required-structures-test-suite.ttl,tests/test_it_1_r3_s1_required_structure.py::test_it_1_r3_s1_detects_an_absent_required_structure[UAD1296],,If at least one instance of ENVIRONMENTAL_CONDITION is not provided or EnvironmentalConditionType is not provided in a given instance of ENVIRONMENTAL_CONDITION
288,UAD1297,1500.0017,single_equality_conditional,loaded_with_collected_tests,app/services/single_equality_required_data.py,evaluate_single_equality,3,data/uad36-test-suite/tests/fixtures/single_equality/test-suite.ttl,"tests/test_it_1_r2_single_equality_behavior.py::test_it_1_r2_s1_single_equality_behavior[UAD1297-nonmatching-missing]
tests/test_it_1_r2_single_equality_behavior.py::test_it_1_r2_s1_single_equality_behavior[UAD1297-matching-missing]
tests/test_it_1_r2_single_equality_behavior.py::test_it_1_r2_s1_single_equality_behavior[UAD1297-matching-supplied]",,"If EnvironmentalConditionType = ""Other"" and EnvironmentalConditionTypeOtherDescription is not provided in a given instance of ENVIRONMENTAL_CONDITION"
289,UAD1298,1500.0018,other_conditional_scoped,loaded_with_collected_tests,app/services/scoped_required_data.py,evaluate_scoped_rule,7,tests/fixtures/it_1/r1/s1/manifest.ttl,"tests/test_it_1_r1_s1_conditional_scoped_requirements.py::test_it_1_r1_s1_conditional_scoped_requirement[slice-02-IT-1R1S1-UAD1298-None-not-applicable]
tests/test_it_1_r1_s1_conditional_scoped_requirements.py::test_it_1_r1_s1_conditional_scoped_requirement[slice-02-IT-1R1S1-UAD1298-Radon-missing]
tests/test_it_1_r1_s1_conditional_scoped_requirements.py::test_it_1_r1_s1_conditional_scoped_requirement[slice-02-IT-1R1S1-UAD1298-Radon-supplied]
tests/test_it_1_r1_s1_conditional_scoped_requirements.py::test_it_1_r1_s1_conditional_scoped_requirement[slice-02-IT-1R1S1-UAD1298-first-missing-second-supplied]
tests/test_it_1_r1_s1_conditional_scoped_requirements.py::test_it_1_r1_s1_conditional_scoped_requirement[slice-02-IT-1R1S1-UAD1298-first-supplied-second-missing]
tests/test_it_1_r1_s1_conditional_scoped_requirements.py::test_it_1_r1_s1_conditional_scoped_requirement[slice-02-IT-1R1S1-UAD1298-nonapplicable-with-compliant-neighbor]
tests/test_it_1_r1_s1_conditional_scoped_requirements.py::test_it_1_r1_s1_conditional_scoped_requirement[slice-02-IT-1R1S1-UAD1298-two-applicable-missing]",,"If EnvironmentalConditionType <> ""None"" and EnvironmentalConditionProximityType is not provided in a given instance of ENVIRONMENTAL_CONDITION"
290,UAD1299,1500.0020,required_structures,loaded_with_collected_tests,app/services/required_structure_required_data.py,evaluate_required_structure,1,data/uad36-test-suite/tests/fixtures/required_structures/required-structures-test-suite.ttl,tests/test_it_1_r3_s1_required_structure.py::test_it_1_r3_s1_detects_an_absent_required_structure[UAD1299],,"If ParcelsContiguousIndicator = ""false"" and (at least one instance of NON_CONTIGUOUS_PARCEL_SEPARATOR is not provided or ParcelSeparatorType is not provided in a given instance of NON_CONTIGUOUS_PARCEL_SEPARATOR)"
291,UAD1300,1500.0021,single_equality_conditional,loaded_with_collected_tests,app/services/single_equality_required_data.py,evaluate_single_equality,3,data/uad36-test-suite/tests/fixtures/single_equality/test-suite.ttl,"tests/test_it_1_r2_single_equality_behavior.py::test_it_1_r2_s1_single_equality_behavior[UAD1300-nonmatching-missing]
tests/test_it_1_r2_single_equality_behavior.py::test_it_1_r2_s1_single_equality_behavior[UAD1300-matching-missing]
tests/test_it_1_r2_single_equality_behavior.py::test_it_1_r2_s1_single_equality_behavior[UAD1300-matching-supplied]",,"If ParcelSeparatorType = ""Other"" and ParcelSeparatorTypeOtherDescription is not provided in a given instance of NON_CONTIGUOUS_PARCEL_SEPARATOR"
292,UAD1301,1500.0022,other_conditional_scoped,not_loaded,,,0,,,,"If LandOwnedInCommonIndicator = ""false"", and (ParcelDescriptionClassificationType = ""VacantLand"" or ""LandWithDwelling"" or ""LandWithImprovement""), and ParcelAreaMeasure is not provided in a given instance of PARCEL_DETAIL"
293,UAD1302,1500.0023,required_structures,loaded_with_collected_tests,app/services/required_structure_required_data.py,evaluate_required_structure,1,data/uad36-test-suite/tests/fixtures/required_structures/required-structures-test-suite.ttl,tests/test_it_1_r3_s1_required_structure.py::test_it_1_r3_s1_detects_an_absent_required_structure[UAD1302],,"If PropertyInProjectIndicator = ""false"" or (PropertyInProjectIndicator = ""true"" and ProjectLegalStructureType = ""Condominium""), and (PARCEL_DETAIL is not provided or ParcelDescriptionClassificationType is not provided in a given instance of PARCEL)"
294,UAD1303,1500.0024,single_equality_conditional,loaded_with_collected_tests,app/services/single_equality_required_data.py,evaluate_single_equality,3,data/uad36-test-suite/tests/fixtures/single_equality/test-suite.ttl,"tests/test_it_1_r2_single_equality_behavior.py::test_it_1_r2_s1_single_equality_behavior[UAD1303-nonmatching-missing]
tests/test_it_1_r2_single_equality_behavior.py::test_it_1_r2_s1_single_equality_behavior[UAD1303-matching-missing]
tests/test_it_1_r2_single_equality_behavior.py::test_it_1_r2_s1_single_equality_behavior[UAD1303-matching-supplied]",,"If ParcelDescriptionClassificationType = ""Other"" and ParcelDescriptionClassificationTypeOtherDescription is not provided in a given instance of PARCEL_DETAIL"
295,UAD1304,1500.0026,required_structures,loaded_with_collected_tests,app/services/required_structure_required_data.py,evaluate_required_structure,1,data/uad36-test-suite/tests/fixtures/required_structures/required-structures-test-suite.ttl,tests/test_it_1_r3_s1_required_structure.py::test_it_1_r3_s1_detects_an_absent_required_structure[UAD1304],,"If PropertyInProjectIndicator = ""false"" or (PropertyInProjectIndicator = ""true"" and ProjectLegalStructureType = ""Condominium""), and at least one instance of PARCEL container with ParcelIdentificationType = ""AssessorUnformattedIdentifier"" is not provided or a given instance of PARCEL container does not include ParcelIdentificationType = ""AssessorUnformattedIdentifier"""
296,UAD1305,1500.0027,single_equality_conditional,loaded_with_collected_tests,app/services/single_equality_required_data.py,evaluate_single_equality,3,data/uad36-test-suite/tests/fixtures/single_equality/test-suite.ttl,"tests/test_it_1_r2_single_equality_behavior.py::test_it_1_r2_s1_single_equality_behavior[UAD1305-nonmatching-missing]
tests/test_it_1_r2_single_equality_behavior.py::test_it_1_r2_s1_single_equality_behavior[UAD1305-matching-missing]
tests/test_it_1_r2_single_equality_behavior.py::test_it_1_r2_s1_single_equality_behavior[UAD1305-matching-supplied]",,"If ParcelIdentificationType = ""AssessorUnformattedIdentifier"" and ParcelIdentifier is not provided"
297,UAD1306,1500.0031,other_conditional_scoped,not_loaded,,,0,,,,"If PropertyEstateType = ""Leasehold"" or ""Other"", and CommunityLandTrustIndicator is not provided"
298,UAD1307,1500.0032,other_conditional_scoped,not_loaded,,,0,,,,"If LandOwnedInCommonIndicator = ""false"", and PropertyMixedUsageIndicator = ""true"", and NonResidentialModificationIndicator is not provided"
299,UAD1308,1500.0034,single_equality_conditional,loaded_with_collected_tests,app/services/single_equality_required_data.py,evaluate_single_equality,3,data/uad36-test-suite/tests/fixtures/single_equality/test-suite.ttl,"tests/test_it_1_r2_single_equality_behavior.py::test_it_1_r2_s1_single_equality_behavior[UAD1308-nonmatching-missing]
tests/test_it_1_r2_single_equality_behavior.py::test_it_1_r2_s1_single_equality_behavior[UAD1308-matching-missing]
tests/test_it_1_r2_single_equality_behavior.py::test_it_1_r2_s1_single_equality_behavior[UAD1308-matching-supplied]",,"If LandOwnedInCommonIndicator = ""false"" and PropertyMixedUsageIndicator is not provided"
300,UAD1309,1500.0036,other_conditional_scoped,not_loaded,,,0,,,,"If LandOwnedInCommonIndicator = ""false"", and PropertyMixedUsageIndicator = ""true"", and PropertyPrimarilyResidentialUseIndicator is not provided"
301,UAD1310,1500.0039,required_structures,loaded_with_collected_tests,app/services/required_structure_required_data.py,evaluate_required_structure,1,data/uad36-test-suite/tests/fixtures/required_structures/required-structures-test-suite.ttl,tests/test_it_1_r3_s1_required_structure.py::test_it_1_r3_s1_detects_an_absent_required_structure[UAD1310],,"If LandOwnedInCommonIndicator = ""false"", and PropertyMixedUsageIndicator = ""true"", and ( at least one instance of PROPERTY_USE is not provided or NonResidentialUseType is not provided in a given instance of PROPERTY_USE)"
302,UAD1311,1500.0040,single_equality_conditional,loaded_with_collected_tests,app/services/single_equality_required_data.py,evaluate_single_equality,3,data/uad36-test-suite/tests/fixtures/single_equality/test-suite.ttl,"tests/test_it_1_r2_single_equality_behavior.py::test_it_1_r2_s1_single_equality_behavior[UAD1311-nonmatching-missing]
tests/test_it_1_r2_single_equality_behavior.py::test_it_1_r2_s1_single_equality_behavior[UAD1311-matching-missing]
tests/test_it_1_r2_single_equality_behavior.py::test_it_1_r2_s1_single_equality_behavior[UAD1311-matching-supplied]",,"If NonResidentialUseType = ""Other"" and NonResidentialUseTypeOtherDescription is not provided in a given instance of PROPERTY_USE"
303,UAD1313,1500.0042,required_structures,loaded_with_collected_tests,app/services/required_structure_required_data.py,evaluate_required_structure,1,data/uad36-test-suite/tests/fixtures/required_structures/required-structures-test-suite.ttl,tests/test_it_1_r3_s1_required_structure.py::test_it_1_r3_s1_detects_an_absent_required_structure[UAD1313],,If at least one instance of HAZARD_ZONE is not provided or HazardZoneType is not provided in a given instance of HAZARD_ZONE
304,UAD1314,1500.0043,single_equality_conditional,loaded_with_collected_tests,app/services/single_equality_required_data.py,evaluate_single_equality,3,data/uad36-test-suite/tests/fixtures/single_equality/test-suite.ttl,"tests/test_it_1_r2_single_equality_behavior.py::test_it_1_r2_s1_single_equality_behavior[UAD1314-nonmatching-missing]
tests/test_it_1_r2_single_equality_behavior.py::test_it_1_r2_s1_single_equality_behavior[UAD1314-matching-missing]
tests/test_it_1_r2_single_equality_behavior.py::test_it_1_r2_s1_single_equality_behavior[UAD1314-matching-supplied]",,"If HazardZoneType = ""Other"" and HazardZoneTypeOtherDescription is not provided in a given instance of HAZARD_ZONE"
305,UAD1315,1500.0045,single_equality_conditional,loaded_with_collected_tests,app/services/single_equality_required_data.py,evaluate_single_equality,3,data/uad36-test-suite/tests/fixtures/single_equality/test-suite.ttl,"tests/test_it_1_r2_single_equality_behavior.py::test_it_1_r2_s1_single_equality_behavior[UAD1315-nonmatching-missing]
tests/test_it_1_r2_single_equality_behavior.py::test_it_1_r2_s1_single_equality_behavior[UAD1315-matching-missing]
tests/test_it_1_r2_single_equality_behavior.py::test_it_1_r2_s1_single_equality_behavior[UAD1315-matching-supplied]",,"If HazardZoneType = ""USGSLavaFlowZone"" and LavaFlowZoneCode is not provided"
306,UAD1316,1500.0052,single_equality_conditional,loaded_with_collected_tests,app/services/single_equality_required_data.py,evaluate_single_equality,3,data/uad36-test-suite/tests/fixtures/single_equality/test-suite.ttl,"tests/test_it_1_r2_single_equality_behavior.py::test_it_1_r2_s1_single_equality_behavior[UAD1316-nonmatching-missing]
tests/test_it_1_r2_single_equality_behavior.py::test_it_1_r2_s1_single_equality_behavior[UAD1316-matching-missing]
tests/test_it_1_r2_single_equality_behavior.py::test_it_1_r2_s1_single_equality_behavior[UAD1316-matching-supplied]",,"If PropertyPrimaryEntryExitMethodType = ""PrivateStreet"" and PrivateStreetMaintenanceAgreementExistIndicator is not provided"
307,UAD1317,1500.0054,unconditional_required,loaded_with_collected_tests,app/services/required_data.py,evaluate_required_data (unconditional presence),3,data/uad36-test-suite/tests/fixtures/required_data/test-suite.ttl; data/uad36-test-suite/tests/fixtures/unconditional_required/test-suite.ttl,"tests/test_it_1_r4_s1_unconditional_required.py::test_it_1_r4_s1_detects_absent_required_data[UAD1317]
data/uad36-test-suite/tests/test_required_data_acceptance.py::test_production_detects_missing_required_data[1500.0054-UAD1317]
data/uad36-test-suite/tests/test_required_data_rdf.py::test_rdf_missing_element_produces_expected_finding[1500.0054-UAD1317]",,If PropertyAccessTypicalToMarketIndicator is not provided
308,UAD1318,1500.0055,unconditional_required,loaded_with_collected_tests,app/services/required_data.py,evaluate_required_data (unconditional presence),3,data/uad36-test-suite/tests/fixtures/required_data/test-suite.ttl; data/uad36-test-suite/tests/fixtures/unconditional_required/test-suite.ttl,"tests/test_it_1_r4_s1_unconditional_required.py::test_it_1_r4_s1_detects_absent_required_data[UAD1318]
data/uad36-test-suite/tests/test_required_data_acceptance.py::test_production_detects_missing_required_data[1500.0055-UAD1318]
data/uad36-test-suite/tests/test_required_data_rdf.py::test_rdf_missing_element_produces_expected_finding[1500.0055-UAD1318]",,If PropertyPrimaryEntryExitMethodType is not provided
309,UAD1319,1500.0056,single_equality_conditional,loaded_with_collected_tests,app/services/single_equality_required_data.py,evaluate_single_equality,3,data/uad36-test-suite/tests/fixtures/single_equality/test-suite.ttl,"tests/test_it_1_r2_single_equality_behavior.py::test_it_1_r2_s1_single_equality_behavior[UAD1319-nonmatching-missing]
tests/test_it_1_r2_single_equality_behavior.py::test_it_1_r2_s1_single_equality_behavior[UAD1319-matching-missing]
tests/test_it_1_r2_single_equality_behavior.py::test_it_1_r2_s1_single_equality_behavior[UAD1319-matching-supplied]",,"If PropertyPrimaryEntryExitMethodType = ""Other"" and PropertyPrimaryEntryExitMethodTypeOtherDescription is not provided"
310,UAD1320,1500.0060,required_structures,loaded_with_collected_tests,app/services/required_structure_required_data.py,evaluate_required_structure,1,data/uad36-test-suite/tests/fixtures/required_structures/required-structures-test-suite.ttl,tests/test_it_1_r3_s1_required_structure.py::test_it_1_r3_s1_detects_an_absent_required_structure[UAD1320],,"If SiteFeatureType = ""Drainage"" and (at least one instance of DRAINAGE_IMPACT_REASON is not provided or SiteDrainageReasonType is not provided in a given instance of DRAINAGE_IMPACT_REASON)"
311,UAD1321,1500.0061,single_equality_conditional,loaded_with_collected_tests,app/services/single_equality_required_data.py,evaluate_single_equality,3,data/uad36-test-suite/tests/fixtures/single_equality/test-suite.ttl,"tests/test_it_1_r2_single_equality_behavior.py::test_it_1_r2_s1_single_equality_behavior[UAD1321-nonmatching-missing]
tests/test_it_1_r2_single_equality_behavior.py::test_it_1_r2_s1_single_equality_behavior[UAD1321-matching-missing]
tests/test_it_1_r2_single_equality_behavior.py::test_it_1_r2_s1_single_equality_behavior[UAD1321-matching-supplied]",,"If SiteDrainageReasonType = ""Other"" and SiteDrainageReasonTypeOtherDescription is not provided in a given instance of DRAINAGE_IMPACT_REASON"
312,UAD1323,1500.0062,required_structures,loaded_with_collected_tests,app/services/required_structure_required_data.py,evaluate_required_structure,1,data/uad36-test-suite/tests/fixtures/required_structures/required-structures-test-suite.ttl,tests/test_it_1_r3_s1_required_structure.py::test_it_1_r3_s1_detects_an_absent_required_structure[UAD1323],,If at least one instance of SITE_FEATURE_DETAIL is not provided or SiteFeatureType is not provided in a given instance of SITE_FEATURE_DETAIL
313,UAD1324,1500.0063,single_equality_conditional,loaded_with_collected_tests,app/services/single_equality_required_data.py,evaluate_single_equality,3,data/uad36-test-suite/tests/fixtures/single_equality/test-suite.ttl,"tests/test_it_1_r2_single_equality_behavior.py::test_it_1_r2_s1_single_equality_behavior[UAD1324-nonmatching-missing]
tests/test_it_1_r2_single_equality_behavior.py::test_it_1_r2_s1_single_equality_behavior[UAD1324-matching-missing]
tests/test_it_1_r2_single_equality_behavior.py::test_it_1_r2_s1_single_equality_behavior[UAD1324-matching-supplied]",,"If SiteFeatureType = ""Other"" and SiteFeatureTypeOtherDescription is not provided in a given instance of SITE_FEATURE_DETAIL"
314,UAD1325,1500.0065,required_structures,loaded_with_collected_tests,app/services/required_structure_required_data.py,evaluate_required_structure,1,data/uad36-test-suite/tests/fixtures/required_structures/required-structures-test-suite.ttl,tests/test_it_1_r3_s1_required_structure.py::test_it_1_r3_s1_detects_an_absent_required_structure[UAD1325],,"If SiteFeatureType = ""Topography"" and (at least one instance of TOPOGRAPHY is not provided or TopographyType is not provided in a given instance of TOPOGRAPHY)"
315,UAD1326,1500.0066,single_equality_conditional,loaded_with_collected_tests,app/services/single_equality_required_data.py,evaluate_single_equality,3,data/uad36-test-suite/tests/fixtures/single_equality/test-suite.ttl,"tests/test_it_1_r2_single_equality_behavior.py::test_it_1_r2_s1_single_equality_behavior[UAD1326-nonmatching-missing]
tests/test_it_1_r2_single_equality_behavior.py::test_it_1_r2_s1_single_equality_behavior[UAD1326-matching-missing]
tests/test_it_1_r2_single_equality_behavior.py::test_it_1_r2_s1_single_equality_behavior[UAD1326-matching-supplied]",,"If TopographyType = ""Other"" and TopographyTypeOtherDescription is not provided in a given instance of TOPOGRAPHY"
316,UAD1328,1500.0087,required_structures,loaded_with_collected_tests,app/services/required_structure_required_data.py,evaluate_required_structure,1,data/uad36-test-suite/tests/fixtures/required_structures/required-structures-test-suite.ttl,tests/test_it_1_r3_s1_required_structure.py::test_it_1_r3_s1_detects_an_absent_required_structure[UAD1328],,If at least one instance of SITE_INFLUENCE_DETAIL is not provided or SiteInfluenceType is not provided in a given instance of SITE_INFLUENCE_DETAIL
317,UAD1329,1500.0088,single_equality_conditional,loaded_with_collected_tests,app/services/scoped_required_data.py,evaluate_scoped_rule,3,data/uad36-test-suite/tests/fixtures/single_equality/test-suite.ttl,"tests/test_it_1_r2_single_equality_behavior.py::test_it_1_r2_s1_single_equality_behavior[UAD1329-nonmatching-missing]
tests/test_it_1_r2_single_equality_behavior.py::test_it_1_r2_s1_single_equality_behavior[UAD1329-matching-missing]
tests/test_it_1_r2_single_equality_behavior.py::test_it_1_r2_s1_single_equality_behavior[UAD1329-matching-supplied]",,"If SiteInfluenceType = ""Other"" and SiteInfluenceTypeOtherDescription is not provided in a given instance of SITE_INFLUENCE_DETAIL"
318,UAD1330,1500.0086,other_conditional_scoped,loaded_with_collected_tests,app/services/scoped_required_data.py,evaluate_scoped_rule,7,tests/fixtures/it_1/r1/s1/manifest.ttl,"tests/test_it_1_r1_s1_conditional_scoped_requirements.py::test_it_1_r1_s1_conditional_scoped_requirement[slice-02-IT-1R1S1-UAD1330-BodyOfWater-not-applicable]
tests/test_it_1_r1_s1_conditional_scoped_requirements.py::test_it_1_r1_s1_conditional_scoped_requirement[slice-02-IT-1R1S1-UAD1330-BusyRoadway-missing]
tests/test_it_1_r1_s1_conditional_scoped_requirements.py::test_it_1_r1_s1_conditional_scoped_requirement[slice-02-IT-1R1S1-UAD1330-BusyRoadway-supplied]
tests/test_it_1_r1_s1_conditional_scoped_requirements.py::test_it_1_r1_s1_conditional_scoped_requirement[slice-02-IT-1R1S1-UAD1330-first-missing-second-supplied]
tests/test_it_1_r1_s1_conditional_scoped_requirements.py::test_it_1_r1_s1_conditional_scoped_requirement[slice-02-IT-1R1S1-UAD1330-first-supplied-second-missing]
tests/test_it_1_r1_s1_conditional_scoped_requirements.py::test_it_1_r1_s1_conditional_scoped_requirement[slice-02-IT-1R1S1-UAD1330-nonapplicable-with-compliant-neighbor]
tests/test_it_1_r1_s1_conditional_scoped_requirements.py::test_it_1_r1_s1_conditional_scoped_requirement[slice-02-IT-1R1S1-UAD1330-two-applicable-missing]",,"If SiteInfluenceProximityType is not provided in a given instance of SITE_INFLUENCE_DETAIL with SiteInfluenceType <> ""BodyOfWater"""
319,UAD1331,1500.0073,required_structures,loaded_with_collected_tests,app/services/required_structure_required_data.py,evaluate_required_structure,1,data/uad36-test-suite/tests/fixtures/required_structures/required-structures-test-suite.ttl,tests/test_it_1_r3_s1_required_structure.py::test_it_1_r3_s1_detects_an_absent_required_structure[UAD1331],,"If SiteInfluenceType = ""BodyOfWater"" and (at least one instance of BODY_OF_WATER is not provided or BodyOfWaterType is not provided in a given instance of BODY_OF_WATER)"
320,UAD1332,1500.0074,single_equality_conditional,loaded_with_collected_tests,app/services/single_equality_required_data.py,evaluate_single_equality,3,data/uad36-test-suite/tests/fixtures/single_equality/test-suite.ttl,"tests/test_it_1_r2_single_equality_behavior.py::test_it_1_r2_s1_single_equality_behavior[UAD1332-nonmatching-missing]
tests/test_it_1_r2_single_equality_behavior.py::test_it_1_r2_s1_single_equality_behavior[UAD1332-matching-missing]
tests/test_it_1_r2_single_equality_behavior.py::test_it_1_r2_s1_single_equality_behavior[UAD1332-matching-supplied]",,"If BodyOfWaterType = ""Other"" and BodyOfWaterTypeOtherDescription is not provided in a given instance of BODY_OF_WATER"
321,UAD1333,1500.0079,other_conditional_scoped,not_loaded,,,0,,,,"If SiteInfluenceType = ""BodyOfWater"" and PrivateAccessIndicator = ""true"", and WaterAccessRightType is not provided in a given instance of BODY_OF_WATER"
322,UAD1334,1500.0080,single_equality_conditional,loaded_with_collected_tests,app/services/single_equality_required_data.py,evaluate_single_equality,3,data/uad36-test-suite/tests/fixtures/single_equality/test-suite.ttl,"tests/test_it_1_r2_single_equality_behavior.py::test_it_1_r2_s1_single_equality_behavior[UAD1334-nonmatching-missing]
tests/test_it_1_r2_single_equality_behavior.py::test_it_1_r2_s1_single_equality_behavior[UAD1334-matching-missing]
tests/test_it_1_r2_single_equality_behavior.py::test_it_1_r2_s1_single_equality_behavior[UAD1334-matching-supplied]",,"If WaterAccessRightType = ""Other"" and WaterAccessRightTypeOtherDescription is not provided in a given instance of BODY_OF_WATER"
323,UAD1335,1500.0082,required_structures,loaded_with_collected_tests,app/services/required_structure_required_data.py,evaluate_required_structure,1,data/uad36-test-suite/tests/fixtures/required_structures/required-structures-test-suite.ttl,tests/test_it_1_r3_s1_required_structure.py::test_it_1_r3_s1_detects_an_absent_required_structure[UAD1335],,"If SiteInfluenceType = ""BodyOfWater"" and PrivateAccessIndicator = ""true"" for one or more BODY_OF_WATER, and (at least one instance of WATER_FRONT_FEATURE is not provided or WaterfrontFeatureType is not provided in a given instance of WATER_FRONT_FEATURE)"
324,UAD1336,1500.0083,single_equality_conditional,loaded_with_collected_tests,app/services/single_equality_required_data.py,evaluate_single_equality,3,data/uad36-test-suite/tests/fixtures/single_equality/test-suite.ttl,"tests/test_it_1_r2_single_equality_behavior.py::test_it_1_r2_s1_single_equality_behavior[UAD1336-nonmatching-missing]
tests/test_it_1_r2_single_equality_behavior.py::test_it_1_r2_s1_single_equality_behavior[UAD1336-matching-missing]
tests/test_it_1_r2_single_equality_behavior.py::test_it_1_r2_s1_single_equality_behavior[UAD1336-matching-supplied]",,"If WaterfrontFeatureType = ""Other"" and WaterfrontFeatureTypeOtherDescription is not provided in a given instance of WATER_FRONT_FEATURE"
325,UAD1337,1500.0197,other_conditional_scoped,not_loaded,,,0,,,,"If SiteInfluenceType = ""BodyOfWater"" and PrivateAccessIndicator = ""true"", and WaterAccessDepthType is not provided in a given instance of BODY_OF_WATER"
326,UAD1338,1500.0198,single_equality_conditional,loaded_with_collected_tests,app/services/single_equality_required_data.py,evaluate_single_equality,3,data/uad36-test-suite/tests/fixtures/single_equality/test-suite.ttl,"tests/test_it_1_r2_single_equality_behavior.py::test_it_1_r2_s1_single_equality_behavior[UAD1338-nonmatching-missing]
tests/test_it_1_r2_single_equality_behavior.py::test_it_1_r2_s1_single_equality_behavior[UAD1338-matching-missing]
tests/test_it_1_r2_single_equality_behavior.py::test_it_1_r2_s1_single_equality_behavior[UAD1338-matching-supplied]",,"If WaterAccessDepthType = ""Other"" and WaterAccessDepthTypeOtherDescription is not provided in a given instance of BODY_OF_WATER"
327,UAD1339,1500.0091,other_conditional_scoped,not_loaded,,,0,,,,"If PrivateAccessIndicator = ""true"" for one or more instances of BODY_OF_WATER and WaterFrontageTotalLengthLinearMeasure is not provided in a given instance of SITE_INFLUENCE_DETAIL with SiteInfluenceType = ""BodyOfWater"""
328,UAD1340,1500.0092,other_conditional_scoped,not_loaded,,,0,,,,"If WaterfrontFeatureType = ""None"" and WaterfrontDevelopmentRightsIndicator is not provided in a given instance of SITE_INFLUENCE_DETAIL with SiteInfluenceType = ""BodyOfWater"""
329,UAD1341,1500.0093,single_equality_conditional,loaded_with_collected_tests,app/services/single_equality_required_data.py,evaluate_single_equality,3,data/uad36-test-suite/tests/fixtures/single_equality/test-suite.ttl,"tests/test_it_1_r2_single_equality_behavior.py::test_it_1_r2_s1_single_equality_behavior[UAD1341-nonmatching-missing]
tests/test_it_1_r2_single_equality_behavior.py::test_it_1_r2_s1_single_equality_behavior[UAD1341-matching-missing]
tests/test_it_1_r2_single_equality_behavior.py::test_it_1_r2_s1_single_equality_behavior[UAD1341-matching-supplied]",,"If LandOwnedInCommonIndicator = ""false"" and LotSizeAreaMeasure is not provided"
330,UAD1342,1500.0094,single_equality_conditional,loaded_with_collected_tests,app/services/single_equality_required_data.py,evaluate_single_equality,3,data/uad36-test-suite/tests/fixtures/single_equality/test-suite.ttl,"tests/test_it_1_r2_single_equality_behavior.py::test_it_1_r2_s1_single_equality_behavior[UAD1342-nonmatching-missing]
tests/test_it_1_r2_single_equality_behavior.py::test_it_1_r2_s1_single_equality_behavior[UAD1342-matching-missing]
tests/test_it_1_r2_single_equality_behavior.py::test_it_1_r2_s1_single_equality_behavior[UAD1342-matching-supplied]",,"If LandOwnedInCommonIndicator = ""false"" and ParcelCount is not provided"
331,UAD1343,1500.0095,other_conditional_scoped,not_loaded,,,0,,,,"If LandOwnedInCommonIndicator = ""false"", and ParcelCount > 1, and ParcelsContiguousIndicator is not provided"
332,UAD1344,1500.0104,required_structures,loaded_with_collected_tests,app/services/required_structure_required_data.py,evaluate_required_structure,1,data/uad36-test-suite/tests/fixtures/required_structures/required-structures-test-suite.ttl,tests/test_it_1_r3_s1_required_structure.py::test_it_1_r3_s1_detects_an_absent_required_structure[UAD1344],,If UtilityType is not provided in a given instance of SITE_UTILITY_DETAIL or no instance of UtilityType is delivered
333,UAD1345,1500.0104,required_structures,loaded_with_collected_tests,app/services/required_structure_required_data.py,evaluate_required_structure,1,data/uad36-test-suite/tests/fixtures/required_structures/required-structures-test-suite.ttl,tests/test_it_1_r3_s1_required_structure.py::test_it_1_r3_s1_detects_an_absent_required_structure[UAD1345],,"If no instances of SITE_UTILITY_DETAIL with UtilityType = ""Electricity"" are provided"
334,UAD1346,1500.0104,required_structures,loaded_with_collected_tests,app/services/required_structure_required_data.py,evaluate_required_structure,1,data/uad36-test-suite/tests/fixtures/required_structures/required-structures-test-suite.ttl,tests/test_it_1_r3_s1_required_structure.py::test_it_1_r3_s1_detects_an_absent_required_structure[UAD1346],,"If no instances of SITE_UTILITY_DETAIL with UtilityType = ""Water"" are provided"
335,UAD1347,1500.0104,required_structures,loaded_with_collected_tests,app/services/required_structure_required_data.py,evaluate_required_structure,1,data/uad36-test-suite/tests/fixtures/required_structures/required-structures-test-suite.ttl,tests/test_it_1_r3_s1_required_structure.py::test_it_1_r3_s1_detects_an_absent_required_structure[UAD1347],,"If no instances of SITE_UTILITY_DETAIL with UtilityType = ""SanitarySewer"" are provided"
336,UAD1348,1500.0105,single_equality_conditional,loaded_with_collected_tests,app/services/single_equality_required_data.py,evaluate_single_equality,3,data/uad36-test-suite/tests/fixtures/single_equality/test-suite.ttl,"tests/test_it_1_r2_single_equality_behavior.py::test_it_1_r2_s1_single_equality_behavior[UAD1348-nonmatching-missing]
tests/test_it_1_r2_single_equality_behavior.py::test_it_1_r2_s1_single_equality_behavior[UAD1348-matching-missing]
tests/test_it_1_r2_single_equality_behavior.py::test_it_1_r2_s1_single_equality_behavior[UAD1348-matching-supplied]",,"If UtilityType = ""Other"" and UtilityTypeOtherDescription is not provided in a given instance of SITE_UTILITY_DETAIL"
337,UAD1349,1500.0102,existing_context_required,loaded_with_collected_tests,app/services/existing_context_required_data.py,evaluate_existing_context_required,1,data/uad36-test-suite/tests/fixtures/existing_context_required/test-suite.ttl,tests/test_it_1_r8_s1_existing_context_required.py::test_it_1_r8_s1_detects_missing_data_inside_existing_context[UAD1349],,If SiteUtilityOwnershipType is not provided in a given instance of SITE_UTILITY_DETAIL
338,UAD1350,1500.0103,single_equality_conditional,loaded_with_collected_tests,app/services/single_equality_required_data.py,evaluate_single_equality,3,data/uad36-test-suite/tests/fixtures/single_equality/test-suite.ttl,"tests/test_it_1_r2_single_equality_behavior.py::test_it_1_r2_s1_single_equality_behavior[UAD1350-nonmatching-missing]
tests/test_it_1_r2_single_equality_behavior.py::test_it_1_r2_s1_single_equality_behavior[UAD1350-matching-missing]
tests/test_it_1_r2_single_equality_behavior.py::test_it_1_r2_s1_single_equality_behavior[UAD1350-matching-supplied]",,"If SiteUtilityOwnershipType = ""NonPublic"" and UtilitySharedIndicator is not provided in a given instance of SITE_UTILITY_SERVICE"
339,UAD1351,1500.0183,single_equality_conditional,loaded_with_collected_tests,app/services/single_equality_required_data.py,evaluate_single_equality,3,data/uad36-test-suite/tests/fixtures/single_equality/test-suite.ttl,"tests/test_it_1_r2_single_equality_behavior.py::test_it_1_r2_s1_single_equality_behavior[UAD1351-nonmatching-missing]
tests/test_it_1_r2_single_equality_behavior.py::test_it_1_r2_s1_single_equality_behavior[UAD1351-matching-missing]
tests/test_it_1_r2_single_equality_behavior.py::test_it_1_r2_s1_single_equality_behavior[UAD1351-matching-supplied]",,"If SiteUtilityOwnershipType = ""NonPublic"" and ValueMarketabilityImpactType is not provided in a given instance of SITE_UTILITY_DETAIL"
340,UAD1352,1500.0106,required_structures,loaded_with_collected_tests,app/services/required_structure_required_data.py,evaluate_required_structure,1,data/uad36-test-suite/tests/fixtures/required_structures/required-structures-test-suite.ttl,tests/test_it_1_r3_s1_required_structure.py::test_it_1_r3_s1_detects_an_absent_required_structure[UAD1352],,"If UtilityType = ""Electricity"" and SiteUtilityOwnershipType = ""NonPublic"", and (at least one instance of SITE_UTILITY_SERVICE is not provided or ElectricitySourceType is not provided in a given instance of SITE_UTILITY_SERVICE)"
341,UAD1353,1500.0106,required_structures,loaded_with_collected_tests,app/services/required_structure_required_data.py,evaluate_required_structure,1,data/uad36-test-suite/tests/fixtures/required_structures/required-structures-test-suite.ttl,tests/test_it_1_r3_s1_required_structure.py::test_it_1_r3_s1_detects_an_absent_required_structure[UAD1353],,"If there are no instances of SITE_UTILITY_DETAIL with UtilityType = ""Electricity"" and SiteUtilityOwnershipType = ""Public"""
342,UAD1354,1500.0107,single_equality_conditional,loaded_with_collected_tests,app/services/single_equality_required_data.py,evaluate_single_equality,3,data/uad36-test-suite/tests/fixtures/single_equality/test-suite.ttl,"tests/test_it_1_r2_single_equality_behavior.py::test_it_1_r2_s1_single_equality_behavior[UAD1354-nonmatching-missing]
tests/test_it_1_r2_single_equality_behavior.py::test_it_1_r2_s1_single_equality_behavior[UAD1354-matching-missing]
tests/test_it_1_r2_single_equality_behavior.py::test_it_1_r2_s1_single_equality_behavior[UAD1354-matching-supplied]",,"If ElectricitySourceType = ""Other"" and ElectricitySourceTypeOtherDescription is not provided in a given instance of SITE_UTILITY_SERVICE"
343,UAD1355,1500.0108,required_structures,loaded_with_collected_tests,app/services/required_structure_required_data.py,evaluate_required_structure,1,data/uad36-test-suite/tests/fixtures/required_structures/required-structures-test-suite.ttl,tests/test_it_1_r3_s1_required_structure.py::test_it_1_r3_s1_detects_an_absent_required_structure[UAD1355],,"If UtilityType = ""SanitarySewer"" and SiteUtilityOwnershipType = ""NonPublic"", and (at least one instance of SITE_UTILITY_SERVICE is not provided or SewerSystemType is not provided in a given instance of SITE_UTILITY_SERVICE)"
344,UAD1356,1500.0109,single_equality_conditional,loaded_with_collected_tests,app/services/single_equality_required_data.py,evaluate_single_equality,3,data/uad36-test-suite/tests/fixtures/single_equality/test-suite.ttl,"tests/test_it_1_r2_single_equality_behavior.py::test_it_1_r2_s1_single_equality_behavior[UAD1356-nonmatching-missing]
tests/test_it_1_r2_single_equality_behavior.py::test_it_1_r2_s1_single_equality_behavior[UAD1356-matching-missing]
tests/test_it_1_r2_single_equality_behavior.py::test_it_1_r2_s1_single_equality_behavior[UAD1356-matching-supplied]",,"If SewerSystemType = ""Other"" and SewerSystemTypeOtherDescription is not provided in a given instance of SITE_UTILITY_SERVICE"
345,UAD1357,1500.0111,required_structures,loaded_with_collected_tests,app/services/required_structure_required_data.py,evaluate_required_structure,1,data/uad36-test-suite/tests/fixtures/required_structures/required-structures-test-suite.ttl,tests/test_it_1_r3_s1_required_structure.py::test_it_1_r3_s1_detects_an_absent_required_structure[UAD1357],,"If UtilityType = ""Water"" and SiteUtilityOwnershipType = ""NonPublic"", and (at least one instance of SITE_UTILITY_SERVICE is not provided or WaterSourceType is not provided in a given instance of SITE_UTILITY_SERVICE)"
346,UAD1358,1500.0112,single_equality_conditional,loaded_with_collected_tests,app/services/single_equality_required_data.py,evaluate_single_equality,3,data/uad36-test-suite/tests/fixtures/single_equality/test-suite.ttl,"tests/test_it_1_r2_single_equality_behavior.py::test_it_1_r2_s1_single_equality_behavior[UAD1358-nonmatching-missing]
tests/test_it_1_r2_single_equality_behavior.py::test_it_1_r2_s1_single_equality_behavior[UAD1358-matching-missing]
tests/test_it_1_r2_single_equality_behavior.py::test_it_1_r2_s1_single_equality_behavior[UAD1358-matching-supplied]",,"If WaterSourceType = ""Other"" and WaterSourceTypeOtherDescription is not provided in a given instance of SITE_UTILITY_SERVICE"
347,UAD1359,1500.0114,single_equality_conditional,loaded_with_collected_tests,app/services/single_equality_required_data.py,evaluate_single_equality,3,data/uad36-test-suite/tests/fixtures/single_equality/test-suite.ttl,"tests/test_it_1_r2_single_equality_behavior.py::test_it_1_r2_s1_single_equality_behavior[UAD1359-nonmatching-missing]
tests/test_it_1_r2_single_equality_behavior.py::test_it_1_r2_s1_single_equality_behavior[UAD1359-matching-missing]
tests/test_it_1_r2_single_equality_behavior.py::test_it_1_r2_s1_single_equality_behavior[UAD1359-matching-supplied]",,"If WaterWellType = ""Other"" and WaterWellTypeOtherDescription is not provided in a given instance of SITE_UTILITY_SERVICE"
348,UAD1361,1500.0120,required_structures,loaded_with_collected_tests,app/services/required_structure_required_data.py,evaluate_required_structure,1,data/uad36-test-suite/tests/fixtures/required_structures/required-structures-test-suite.ttl,tests/test_it_1_r3_s1_required_structure.py::test_it_1_r3_s1_detects_an_absent_required_structure[UAD1361],,If at least one instance of SITE_VIEW is not provided or ViewType is not provided in a given instance of SITE_VIEW
349,UAD1362,1500.0121,single_equality_conditional,loaded_with_collected_tests,app/services/scoped_required_data.py,evaluate_scoped_rule,3,data/uad36-test-suite/tests/fixtures/single_equality/test-suite.ttl,"tests/test_it_1_r2_single_equality_behavior.py::test_it_1_r2_s1_single_equality_behavior[UAD1362-nonmatching-missing]
tests/test_it_1_r2_single_equality_behavior.py::test_it_1_r2_s1_single_equality_behavior[UAD1362-matching-missing]
tests/test_it_1_r2_single_equality_behavior.py::test_it_1_r2_s1_single_equality_behavior[UAD1362-matching-supplied]",,"If ViewType = ""Other"" and ViewTypeOtherDescription is not provided in a given instance of SITE_VIEW"
350,UAD1363,1500.0117,existing_context_required,loaded_with_collected_tests,app/services/existing_context_required_data.py,evaluate_existing_context_required,1,data/uad36-test-suite/tests/fixtures/existing_context_required/test-suite.ttl,tests/test_it_1_r8_s1_existing_context_required.py::test_it_1_r8_s1_detects_missing_data_inside_existing_context[UAD1363],,If ViewPrimaryIndicator is not provided in a given instance of SITE_VIEW
351,UAD1364,1500.0118,existing_context_required,loaded_with_collected_tests,app/services/existing_context_required_data.py,evaluate_existing_context_required,1,data/uad36-test-suite/tests/fixtures/existing_context_required/test-suite.ttl,tests/test_it_1_r8_s1_existing_context_required.py::test_it_1_r8_s1_detects_missing_data_inside_existing_context[UAD1364],,If ViewRangeType is not provided in a given instance of SITE_VIEW
352,UAD1365,1500.0119,single_equality_conditional,loaded_with_collected_tests,app/services/single_equality_required_data.py,evaluate_single_equality,3,data/uad36-test-suite/tests/fixtures/single_equality/test-suite.ttl,"tests/test_it_1_r2_single_equality_behavior.py::test_it_1_r2_s1_single_equality_behavior[UAD1365-nonmatching-missing]
tests/test_it_1_r2_single_equality_behavior.py::test_it_1_r2_s1_single_equality_behavior[UAD1365-matching-missing]
tests/test_it_1_r2_single_equality_behavior.py::test_it_1_r2_s1_single_equality_behavior[UAD1365-matching-supplied]",,"If ViewRangeType = ""Other"" and ViewRangeTypeOtherDescription is not provided in a given instance of SITE_VIEW"
353,UAD1366,1500.0184,existing_context_required,loaded_with_collected_tests,app/services/existing_context_required_data.py,evaluate_existing_context_required,1,data/uad36-test-suite/tests/fixtures/existing_context_required/test-suite.ttl,tests/test_it_1_r8_s1_existing_context_required.py::test_it_1_r8_s1_detects_missing_data_inside_existing_context[UAD1366],,If ValueMarketabilityImpactType is not provided in a given instance of SITE_VIEW
354,UAD1367,1500.0122,other_conditional_scoped,not_loaded,,,0,,,,"If SiteZoningComplianceType <> ""NoZoning"" and SiteZoningClassificationIdentifier is not provided"
355,UAD1368,1500.0123,other_conditional_scoped,not_loaded,,,0,,,,"If SiteZoningComplianceType <> ""NoZoning"" and SiteZoningClassificationDescription is not provided"
356,UAD1369,1500.0125,unconditional_required,loaded_with_collected_tests,app/services/required_data.py,evaluate_required_data (unconditional presence),3,data/uad36-test-suite/tests/fixtures/required_data/test-suite.ttl; data/uad36-test-suite/tests/fixtures/unconditional_required/test-suite.ttl,"tests/test_it_1_r4_s1_unconditional_required.py::test_it_1_r4_s1_detects_absent_required_data[UAD1369]
data/uad36-test-suite/tests/test_required_data_acceptance.py::test_production_detects_missing_required_data[1500.0125-UAD1369]
data/uad36-test-suite/tests/test_required_data_rdf.py::test_rdf_missing_element_produces_expected_finding[1500.0125-UAD1369]",,If SiteZoningComplianceType is not provided
357,UAD1370,1500.0128,required_structures,loaded_with_collected_tests,app/services/required_structure_required_data.py,evaluate_required_structure,1,data/uad36-test-suite/tests/fixtures/required_structures/required-structures-test-suite.ttl,tests/test_it_1_r3_s1_required_structure.py::test_it_1_r3_s1_detects_an_absent_required_structure[UAD1370],,"If SiteZoningComplianceType = ""Illegal"" and (at least one instance of ZONING_ILLEGAL_REASON is not provided or SiteZoningComplianceIllegalReasonType is not provided in a given instance of ZONING_ILLEGAL_REASON)"
358,UAD1371,1500.0129,single_equality_conditional,loaded_with_collected_tests,app/services/single_equality_required_data.py,evaluate_single_equality,3,data/uad36-test-suite/tests/fixtures/single_equality/test-suite.ttl,"tests/test_it_1_r2_single_equality_behavior.py::test_it_1_r2_s1_single_equality_behavior[UAD1371-nonmatching-missing]
tests/test_it_1_r2_single_equality_behavior.py::test_it_1_r2_s1_single_equality_behavior[UAD1371-matching-missing]
tests/test_it_1_r2_single_equality_behavior.py::test_it_1_r2_s1_single_equality_behavior[UAD1371-matching-supplied]",,"If SiteZoningComplianceIllegalReasonType = ""Other"" and SiteZoningComplianceIllegalReasonTypeOtherDescription is not provided in a given instance of ZONING_ILLEGAL_REASON"
359,UAD1372,1500.0166,unconditional_required,loaded_with_collected_tests,app/services/required_data.py,evaluate_required_data (unconditional presence),1,data/uad36-test-suite/tests/fixtures/unconditional_required/test-suite.ttl,tests/test_it_1_r4_s1_unconditional_required.py::test_it_1_r4_s1_detects_absent_required_data[UAD1372],,If BroadbandInternetAvailableIndicator is not provided
360,UAD1373,1500.0178,unconditional_required,loaded_with_collected_tests,app/services/required_data.py,evaluate_required_data (unconditional presence),3,data/uad36-test-suite/tests/fixtures/required_data/test-suite.ttl; data/uad36-test-suite/tests/fixtures/unconditional_required/test-suite.ttl,"tests/test_it_1_r4_s1_unconditional_required.py::test_it_1_r4_s1_detects_absent_required_data[UAD1373]
data/uad36-test-suite/tests/test_required_data_acceptance.py::test_production_detects_missing_required_data[1500.0178-UAD1373]
data/uad36-test-suite/tests/test_required_data_rdf.py::test_rdf_missing_element_produces_expected_finding[1500.0178-UAD1373]",,If SiteDefectsExistIndicator is not provided
361,UAD1374,1500.0185,required_structures,loaded_with_collected_tests,app/services/required_structure_required_data.py,evaluate_required_structure,1,data/uad36-test-suite/tests/fixtures/required_structures/required-structures-test-suite.ttl,tests/test_it_1_r3_s1_required_structure.py::test_it_1_r3_s1_detects_an_absent_required_structure[UAD1374],,"If HazardZoneType <> ""None"" for @ValuationUseType = ""SubjectProperty"", and there is no instance of VALUATION_COMMENTARY with ValuationAnalysisCategoryType = ""HazardZones"""
362,UAD1375,1500.0187,required_structures,loaded_with_collected_tests,app/services/required_structure_required_data.py,evaluate_required_structure,1,data/uad36-test-suite/tests/fixtures/required_structures/required-structures-test-suite.ttl,tests/test_it_1_r3_s1_required_structure.py::test_it_1_r3_s1_detects_an_absent_required_structure[UAD1375],,"If HazardZoneType <> ""None"" for @ValuationUseType = ""SubjectProperty"", and (ValueMarketabilityImpactType is not provided in the instance of VALUATION_COMMENTARY with ValuationAnalysisCategoryType = ""HazardZones"" or there is no instance of VALUATION_COMMENTARY with ValuationAnalysisCategoryType = ""HazardZones"")"
363,UAD1377,1500.0191,required_structures,loaded_with_collected_tests,app/services/required_structure_required_data.py,evaluate_required_structure,1,data/uad36-test-suite/tests/fixtures/required_structures/required-structures-test-suite.ttl,tests/test_it_1_r3_s1_required_structure.py::test_it_1_r3_s1_detects_an_absent_required_structure[UAD1377],,"If SiteZoningComplianceType <> ""Legal"" for @ValuationUseType = ""SubjectProperty"", and there is no instance of VALUATION_COMMENTARY with ValuationAnalysisCategoryType = ""ZoningCompliance"""
364,UAD1378,1500.0193,required_structures,loaded_with_collected_tests,app/services/required_structure_required_data.py,evaluate_required_structure,1,data/uad36-test-suite/tests/fixtures/required_structures/required-structures-test-suite.ttl,tests/test_it_1_r3_s1_required_structure.py::test_it_1_r3_s1_detects_an_absent_required_structure[UAD1378],,"If SiteZoningComplianceType <> ""Legal"" for @ValuationUseType = ""SubjectProperty"", and (ValueMarketabilityImpactType is not provided in the instance of VALUATION_COMMENTARY with ValuationAnalysisCategoryType = ""ZoningCompliance"" or there is no instance of VALUATION_COMMENTARY with ValuationAnalysisCategoryType = ""ZoningCompliance"")"
365,UAD1380,1500.0199,single_equality_conditional,loaded_with_collected_tests,app/services/single_equality_required_data.py,evaluate_single_equality,3,data/uad36-test-suite/tests/fixtures/single_equality/test-suite.ttl,"tests/test_it_1_r2_single_equality_behavior.py::test_it_1_r2_s1_single_equality_behavior[UAD1380-nonmatching-missing]
tests/test_it_1_r2_single_equality_behavior.py::test_it_1_r2_s1_single_equality_behavior[UAD1380-matching-missing]
tests/test_it_1_r2_single_equality_behavior.py::test_it_1_r2_s1_single_equality_behavior[UAD1380-matching-supplied]",,"If NativeAmericanLandsIndicator = ""true"" and NativeAmericanLandsType is not provided"
366,UAD1381,1500.0200,single_equality_conditional,loaded_with_collected_tests,app/services/single_equality_required_data.py,evaluate_single_equality,3,data/uad36-test-suite/tests/fixtures/single_equality/test-suite.ttl,"tests/test_it_1_r2_single_equality_behavior.py::test_it_1_r2_s1_single_equality_behavior[UAD1381-nonmatching-missing]
tests/test_it_1_r2_single_equality_behavior.py::test_it_1_r2_s1_single_equality_behavior[UAD1381-matching-missing]
tests/test_it_1_r2_single_equality_behavior.py::test_it_1_r2_s1_single_equality_behavior[UAD1381-matching-supplied]",,"If NativeAmericanLandsType = ""Other"" and NativeAmericanLandsTypeOtherDescription is not provided"
367,UAD1382,1600.0004,other_conditional_scoped,not_loaded,,,0,,,,"If ImprovementType = ""Dwelling"" and HomeownerResponsibleForExteriorMaintenanceIndicator = ""true"" and ExteriorConditionRatingCode is not provided in a given instance of STRUCTURE_DETAIL"
368,UAD1383,1600.0005,other_conditional_scoped,not_loaded,,,0,,,,"If ImprovementType = ""Dwelling"" and HomeownerResponsibleForExteriorMaintenanceIndicator = ""true"" and ExteriorQualityRatingCode is not provided in a given instance of STRUCTURE_DETAIL"
369,UAD1384,1600.0006,unconditional_required,loaded_with_collected_tests,app/services/required_data.py,evaluate_required_data (unconditional presence),3,data/uad36-test-suite/tests/fixtures/required_data/test-suite.ttl; data/uad36-test-suite/tests/fixtures/unconditional_required/test-suite.ttl,"tests/test_it_1_r4_s1_unconditional_required.py::test_it_1_r4_s1_detects_absent_required_data[UAD1384]
data/uad36-test-suite/tests/test_required_data_acceptance.py::test_production_detects_missing_required_data[1600.0006-UAD1384]
data/uad36-test-suite/tests/test_required_data_rdf.py::test_rdf_missing_element_produces_expected_finding[1600.0006-UAD1384]",,If OverallConditionRatingCode is not provided
370,UAD1385,1600.0007,unconditional_required,loaded_with_collected_tests,app/services/required_data.py,evaluate_required_data (unconditional presence),3,data/uad36-test-suite/tests/fixtures/required_data/test-suite.ttl; data/uad36-test-suite/tests/fixtures/unconditional_required/test-suite.ttl,"tests/test_it_1_r4_s1_unconditional_required.py::test_it_1_r4_s1_detects_absent_required_data[UAD1385]
data/uad36-test-suite/tests/test_required_data_acceptance.py::test_production_detects_missing_required_data[1600.0007-UAD1385]
data/uad36-test-suite/tests/test_required_data_rdf.py::test_rdf_missing_element_produces_expected_finding[1600.0007-UAD1385]",,If OverallQualityRatingCode is not provided
371,UAD1386,1600.0009,required_structures,loaded_with_collected_tests,app/services/required_structure_required_data.py,evaluate_required_structure,1,data/uad36-test-suite/tests/fixtures/required_structures/required-structures-test-suite.ttl,tests/test_it_1_r3_s1_required_structure.py::test_it_1_r3_s1_detects_an_absent_required_structure[UAD1386],,"If an instance of VALUATION_COMMENTARY with ValuationAnalysisCategoryType = ""OverallQualityAndCondition"" is not provided"
372,UAD1387,1600.0008,other_conditional_scoped,not_loaded,,,0,,,,"If ValuationCommentText is not provided in the instance of VALUATION_COMMENTARY with ValuationAnalysisCategoryType = ""OverallQualityAndCondition"""
373,UAD1388,,existing_context_required,loaded_with_collected_tests,app/services/existing_context_required_data.py,evaluate_existing_context_required,1,data/uad36-test-suite/tests/fixtures/existing_context_required/test-suite.ttl,tests/test_it_1_r8_s1_existing_context_required.py::test_it_1_r8_s1_detects_missing_data_inside_existing_context[UAD1388],,If ValuationAnalysisCategoryType is not provided in a given instance of VALUATION_COMMENTARY
374,UAD1390,1800.0001,single_equality_conditional,loaded_with_collected_tests,app/services/single_equality_required_data.py,evaluate_single_equality,3,data/uad36-test-suite/tests/fixtures/single_equality/test-suite.ttl,"tests/test_it_1_r2_single_equality_behavior.py::test_it_1_r2_s1_single_equality_behavior[UAD1390-nonmatching-missing]
tests/test_it_1_r2_single_equality_behavior.py::test_it_1_r2_s1_single_equality_behavior[UAD1390-matching-missing]
tests/test_it_1_r2_single_equality_behavior.py::test_it_1_r2_s1_single_equality_behavior[UAD1390-matching-supplied]",,"If @ValuationUseType = ""SalesComparable"" and AddressLineText is not provided"
375,UAD1391,1800.0003,single_equality_conditional,loaded_with_collected_tests,app/services/single_equality_required_data.py,evaluate_single_equality,3,data/uad36-test-suite/tests/fixtures/single_equality/test-suite.ttl,"tests/test_it_1_r2_single_equality_behavior.py::test_it_1_r2_s1_single_equality_behavior[UAD1391-nonmatching-missing]
tests/test_it_1_r2_single_equality_behavior.py::test_it_1_r2_s1_single_equality_behavior[UAD1391-matching-missing]
tests/test_it_1_r2_single_equality_behavior.py::test_it_1_r2_s1_single_equality_behavior[UAD1391-matching-supplied]",,"If @ValuationUseType = ""SalesComparable"" and CityName is not provided"
376,UAD1392,1800.0004,single_equality_conditional,loaded_with_collected_tests,app/services/single_equality_required_data.py,evaluate_single_equality,3,data/uad36-test-suite/tests/fixtures/single_equality/test-suite.ttl,"tests/test_it_1_r2_single_equality_behavior.py::test_it_1_r2_s1_single_equality_behavior[UAD1392-nonmatching-missing]
tests/test_it_1_r2_single_equality_behavior.py::test_it_1_r2_s1_single_equality_behavior[UAD1392-matching-missing]
tests/test_it_1_r2_single_equality_behavior.py::test_it_1_r2_s1_single_equality_behavior[UAD1392-matching-supplied]",,"If @ValuationUseType = ""SalesComparable"" and PostalCode is not provided"
377,UAD1393,1800.0005,single_equality_conditional,loaded_with_collected_tests,app/services/single_equality_required_data.py,evaluate_single_equality,3,data/uad36-test-suite/tests/fixtures/single_equality/test-suite.ttl,"tests/test_it_1_r2_single_equality_behavior.py::test_it_1_r2_s1_single_equality_behavior[UAD1393-nonmatching-missing]
tests/test_it_1_r2_single_equality_behavior.py::test_it_1_r2_s1_single_equality_behavior[UAD1393-matching-missing]
tests/test_it_1_r2_single_equality_behavior.py::test_it_1_r2_s1_single_equality_behavior[UAD1393-matching-supplied]",,"If @ValuationUseType = ""SalesComparable"" and StateCode is not provided"
378,UAD1394,1800.0063,other_conditional_scoped,not_loaded,,,0,,,,"If @ValuationUseType = ""SalesComparable"" and NoFinancingTransactionIndicator = ""false"" and MortgageType is not provided"
379,UAD1395,1800.0064,other_conditional_scoped,not_loaded,,,0,,,,"If @ValuationUseType = ""SalesComparable"" and MortgageType = ""Other"", and MortgageTypeOtherDescription is not provided"
380,UAD1396,1800.0065,single_equality_conditional,loaded_with_collected_tests,app/services/single_equality_required_data.py,evaluate_single_equality,3,data/uad36-test-suite/tests/fixtures/single_equality/test-suite.ttl,"tests/test_it_1_r2_single_equality_behavior.py::test_it_1_r2_s1_single_equality_behavior[UAD1396-nonmatching-missing]
tests/test_it_1_r2_single_equality_behavior.py::test_it_1_r2_s1_single_equality_behavior[UAD1396-matching-missing]
tests/test_it_1_r2_single_equality_behavior.py::test_it_1_r2_s1_single_equality_behavior[UAD1396-matching-supplied]",,"If @ValuationUseType = ""SalesComparable"" and ProximityToSubjectDistanceLinearMeasure is not provided"
381,UAD1397,1800.0066,other_conditional_scoped,not_loaded,,,0,,,,"If @ValuationUseType = ""SalesComparable"" and ProximityToSubjectDistanceLinearMeasure > 0, and ComparableToSubjectDirectionType is not provided"
382,UAD1398,1800.0068,required_structures,loaded_with_collected_tests,app/services/required_structure_required_data.py,evaluate_required_structure,1,data/uad36-test-suite/tests/fixtures/required_structures/required-structures-test-suite.ttl,tests/test_it_1_r3_s1_required_structure.py::test_it_1_r3_s1_detects_an_absent_required_structure[UAD1398],,"If @ValuationUseType = ""SalesComparable"" and EncumbranceType = ""ConditionsCovenantsRestrictions"", and (at least one instance of CONDITION_COVENANT_RESTRICTION is not provided or RestrictionType is not provided in a given instance of CONDITION_COVENANT_RESTRICTION)"
383,UAD1399,1800.0069,other_conditional_scoped,not_loaded,,,0,,,,"If @ValuationUseType = ""SalesComparable"" and RestrictionType = ""Other"" and RestrictionTypeOtherDescription is not provided in a given instance of CONDITION_COVENANT_RESTRICTION"
384,UAD1400,1800.0070,required_structures,loaded_with_collected_tests,app/services/required_structure_required_data.py,evaluate_required_structure,1,data/uad36-test-suite/tests/fixtures/required_structures/required-structures-test-suite.ttl,tests/test_it_1_r3_s1_required_structure.py::test_it_1_r3_s1_detects_an_absent_required_structure[UAD1400],,"If @ValuationUseType = ""SalesComparable"" and EncumbranceType = ""Easement"", and (at least one instance of EASEMENT is not provided or EasementType is not provided in a given instance of EASEMENT)"
385,UAD1401,1800.0071,other_conditional_scoped,not_loaded,,,0,,,,"If @ValuationUseType = ""SalesComparable"" and EasementType = ""Other"" and EasementTypeOtherDescription is not provided in a given instance of EASEMENT"
386,UAD1402,1800.0075,single_equality_conditional,loaded_with_collected_tests,app/services/single_equality_required_data.py,evaluate_single_equality,3,data/uad36-test-suite/tests/fixtures/single_equality/test-suite.ttl,"tests/test_it_1_r2_single_equality_behavior.py::test_it_1_r2_s1_single_equality_behavior[UAD1402-nonmatching-missing]
tests/test_it_1_r2_single_equality_behavior.py::test_it_1_r2_s1_single_equality_behavior[UAD1402-matching-missing]
tests/test_it_1_r2_single_equality_behavior.py::test_it_1_r2_s1_single_equality_behavior[UAD1402-matching-supplied]",,"If @ValuationUseType = ""SalesComparable"" and ListingStatusType is not provided"
387,UAD1403,1800.0075,uniqueness_cardinality,loaded_with_collected_tests,app/services/uniqueness_cardinality_required_data.py,evaluate_uniqueness_cardinality,1,data/uad36-test-suite/tests/fixtures/uniqueness_cardinality/test-suite.ttl,tests/test_it_1_r5_s1_uniqueness_cardinality.py::test_it_1_r5_s1_rejects_prohibited_duplicate_or_occurrence_count[UAD1403],,"If @ValuationUseType = ""SalesComparable"" and there is more than one instance of LISTING_INFORMATION"
388,UAD1404,1000.0032,required_structures,loaded_with_collected_tests,app/services/required_structure_required_data.py,evaluate_required_structure,1,data/uad36-test-suite/tests/fixtures/required_structures/required-structures-test-suite.ttl,tests/test_it_1_r3_s1_required_structure.py::test_it_1_r3_s1_detects_an_absent_required_structure[UAD1404],,"If SalesComparisonApproachIndicator = ""true"" and there are no instances of PROPERTY with @ValuationUseType = ""SalesComparable"""
389,UAD1405,1800.0095,required_structures,loaded_with_collected_tests,app/services/required_structure_required_data.py,evaluate_required_structure,1,data/uad36-test-suite/tests/fixtures/required_structures/required-structures-test-suite.ttl,tests/test_it_1_r3_s1_required_structure.py::test_it_1_r3_s1_detects_an_absent_required_structure[UAD1405],,"If @ValuationUseType = ""SalesComparable"" and (at least one instance of CAR_STORAGE_DETAIL is not provided or CarStorageType is not provided in a given instance of CAR_STORAGE_DETAIL)"
390,UAD1407,1800.0096,other_conditional_scoped,not_loaded,,,0,,,,"If @ValuationUseType = ""SalesComparable"" and CarStorageType = ""Other"" and CarStorageTypeOtherDescription is not provided in a given instance of CAR_STORAGE_DETAIL"
391,UAD1408,1800.0094,other_conditional_scoped,not_loaded,,,0,,,,"If @ValuationUseType = ""SalesComparable"" and CarStorageType = ""Garage"" or ""Carport"", and CarStorageAttachmentType is not provided in a given instance of CAR_STORAGE_DETAIL"
392,UAD1409,1800.0097,other_conditional_scoped,not_loaded,,,0,,,,"If @ValuationUseType = ""SalesComparable"" and CarStorageType = ""Driveway"" or ""SharedDriveway"", and ImprovedSurfaceMaterialType is not provided in a given instance of CAR_STORAGE_DETAIL"
393,UAD1410,1800.0098,other_conditional_scoped,not_loaded,,,0,,,,"If @ValuationUseType = ""SalesComparable"" and ImprovedSurfaceMaterialType = ""Other"" and ImprovedSurfaceMaterialTypeOtherDescription is not provided in a given instance of CAR_STORAGE_DETAIL"
394,UAD1411,1800.0099,other_conditional_scoped,not_loaded,,,0,,,,"If @ValuationUseType = ""SalesComparable"" and (CarStorageType = ""Driveway"" or ""SharedDriveway"" and TenOrMoreParkingSpacesIndicator = ""false"") or (CarStorageType = ""Carport"" or ""CommonCarport"" or ""Garage"" or ""OpenLot"" or ""Other"" or ""ParkingGarage""), and ParkingSpacesCount is not provided in a given instance of CAR_STORAGE_DETAIL"
395,UAD1412,1800.0100,other_conditional_scoped,not_loaded,,,0,,,,"If @ValuationUseType = ""SalesComparable"", and CarStorageType = ""CommonCarport"" or ""OpenLot"" or ""ParkingGarage"", and ProjectParkingSpaceAssignmentType is not provided in a given instance of CAR_STORAGE_DETAIL"
396,UAD1414,1800.0103,other_conditional_scoped,not_loaded,,,0,,,,"If @ValuationUseType = ""SalesComparable"", and CarStorageType = ""Driveway"" or ""SharedDriveway"", and TenOrMoreParkingSpacesIndicator is not provided in a given instance of CAR_STORAGE_DETAIL"
397,UAD1415,1800.0125,single_equality_conditional,loaded_with_collected_tests,app/services/single_equality_required_data.py,evaluate_single_equality,3,data/uad36-test-suite/tests/fixtures/single_equality/test-suite.ttl,"tests/test_it_1_r2_single_equality_behavior.py::test_it_1_r2_s1_single_equality_behavior[UAD1415-nonmatching-missing]
tests/test_it_1_r2_single_equality_behavior.py::test_it_1_r2_s1_single_equality_behavior[UAD1415-matching-missing]
tests/test_it_1_r2_single_equality_behavior.py::test_it_1_r2_s1_single_equality_behavior[UAD1415-matching-supplied]",,"If @ValuationUseType = ""SalesComparable"" and ImprovementType is not provided in a given instance of IMPROVEMENT_DETAIL"
398,UAD1416,1800.0128,other_conditional_scoped,not_loaded,,,0,,,,"If @ValuationUseType = ""SalesComparable"" and ImprovementType = ""Dwelling"" and PropertyStructureBuiltYear is not provided in a given instance of IMPROVEMENT_DETAIL"
399,UAD1418,1800.0128,numeric_bounds,loaded_with_collected_tests,app/services/numeric_bound_required_data.py,evaluate_numeric_bound,1,data/uad36-test-suite/tests/fixtures/numeric_bounds/test-suite.ttl,tests/test_it_1_r6_s1_numeric_bounds.py::test_it_1_r6_s1_rejects_numeric_value_outside_governed_bounds[UAD1418],,"If @ValuationUseType = ""SalesComparable"" and PropertyStructureBuiltYear < 1800 in a given instance of IMPROVEMENT_DETAIL with ImprovementType = ""Dwelling"""
400,UAD1419,1800.0157,other_conditional_scoped,not_loaded,,,0,,,Rule Logic,"If @ValuationUseType = ""SalesComparable"" and (ImprovementType = ""Dwelling""
or (ImprovementType = ""Outbuilding"" and OutbuildingRealPropertyIndicator = ""true"" and AccessoryDwellingUnitIndicator = ""true"")), and InteriorConditionRatingCode is not provided in a given instance of PROPERTY_UNIT_DETAIL"
401,UAD1420,1800.0158,other_conditional_scoped,not_loaded,,,0,,,Rule Logic,"If @ValuationUseType = ""SalesComparable"" and (ImprovementType = ""Dwelling""
OR (ImprovementType = ""Outbuilding"" and OutbuildingRealPropertyIndicator = ""true"" and AccessoryDwellingUnitIndicator = ""true"")), and InteriorQualityRatingCode is not provided in a given instance of PROPERTY_UNIT_DETAIL"
402,UAD1421,1800.0165,required_structures,loaded_with_collected_tests,app/services/required_structure_required_data.py,evaluate_required_structure,1,data/uad36-test-suite/tests/fixtures/required_structures/required-structures-test-suite.ttl,tests/test_it_1_r3_s1_required_structure.py::test_it_1_r3_s1_detects_an_absent_required_structure[UAD1421],,"If @ValuationUseType = ""SalesComparable"" AND ImprovementType = ""Dwelling"" and (at least one instance of HEATING_SYSTEM is not provided or HeatingSystemType is not provided in a given instance of HEATING_SYSTEM)"
403,UAD1422,1800.0166,other_conditional_scoped,not_loaded,,,0,,,,"If @ValuationUseType = ""SalesComparable"" and HeatingSystemType = ""Other"" and HeatingSystemTypeOtherDescription is not provided in a given instance of HEATING_SYSTEM"
404,UAD1423,1800.0169,other_conditional_scoped,not_loaded,,,0,,,,"If @ValuationUseType = ""SalesComparable"" and ImprovementType = ""Dwelling"" and AttachmentType = ""Attached"" and StructuralDesignType is not provided in a given instance of ARCHITECTURAL_DESIGN"
405,UAD1424,1800.0170,other_conditional_scoped,not_loaded,,,0,,,,"If @ValuationUseType = ""SalesComparable"" and StructuralDesignType = ""Other"" and StructuralDesignTypeOtherDescription is not provided in a given instance of ARCHITECTURAL_DESIGN"
406,UAD1425,1800.0184,other_conditional_scoped,not_loaded,,,0,,,,"If SalesComparisonApproachIndicator = ""true"" and LivingUnitExcludingADUCount > 1 and TotalFinishedAreaOfAllLivingUnitsIncludingADUAreaMeasure is not provided"
407,UAD1426,1800.0185,other_conditional_scoped,not_loaded,,,0,,,,"If (@ValuationUseType = ""SalesComparable"" and ImprovementType = ""Dwelling"" and HomeownerResponsibleForExteriorMaintenanceIndicator = ""true""), and (@ValuationUseType = ""SubjectProperty"" and HomeownerResponsibleForExteriorMaintenanceIndicator = ""true"") and ExteriorConditionRatingCode is not provided in a given instance of STRUCTURE_DETAIL"
408,UAD1427,1800.0186,other_conditional_scoped,not_loaded,,,0,,,,"If (@ValuationUseType = ""SalesComparable"" and ImprovementType = ""Dwelling"" and HomeownerResponsibleForExteriorMaintenanceIndicator = ""true""), and (@ValuationUseType = ""SubjectProperty"" and HomeownerResponsibleForExteriorMaintenanceIndicator = ""true"") and ExteriorQualityRatingCode is not provided in a given instance of STRUCTURE_DETAIL"
409,UAD1428,1800.0189,single_equality_conditional,loaded_with_collected_tests,app/services/single_equality_required_data.py,evaluate_single_equality,3,data/uad36-test-suite/tests/fixtures/single_equality/test-suite.ttl,"tests/test_it_1_r2_single_equality_behavior.py::test_it_1_r2_s1_single_equality_behavior[UAD1428-nonmatching-missing]
tests/test_it_1_r2_single_equality_behavior.py::test_it_1_r2_s1_single_equality_behavior[UAD1428-matching-missing]
tests/test_it_1_r2_single_equality_behavior.py::test_it_1_r2_s1_single_equality_behavior[UAD1428-matching-supplied]",,"If @ValuationUseType = ""SalesComparable"" and DaysOnMarketCount is not provided"
410,UAD1429,1800.0190,single_equality_conditional,loaded_with_collected_tests,app/services/single_equality_required_data.py,evaluate_single_equality,3,data/uad36-test-suite/tests/fixtures/single_equality/test-suite.ttl,"tests/test_it_1_r2_single_equality_behavior.py::test_it_1_r2_s1_single_equality_behavior[UAD1429-nonmatching-missing]
tests/test_it_1_r2_single_equality_behavior.py::test_it_1_r2_s1_single_equality_behavior[UAD1429-matching-missing]
tests/test_it_1_r2_single_equality_behavior.py::test_it_1_r2_s1_single_equality_behavior[UAD1429-matching-supplied]",,"If @ValuationUseType = ""SalesComparable"" and LatitudeIdentifier is not provided"
411,UAD1430,1800.0191,single_equality_conditional,loaded_with_collected_tests,app/services/single_equality_required_data.py,evaluate_single_equality,3,data/uad36-test-suite/tests/fixtures/single_equality/test-suite.ttl,"tests/test_it_1_r2_single_equality_behavior.py::test_it_1_r2_s1_single_equality_behavior[UAD1430-nonmatching-missing]
tests/test_it_1_r2_single_equality_behavior.py::test_it_1_r2_s1_single_equality_behavior[UAD1430-matching-missing]
tests/test_it_1_r2_single_equality_behavior.py::test_it_1_r2_s1_single_equality_behavior[UAD1430-matching-supplied]",,"If @ValuationUseType = ""SalesComparable"" and LongitudeIdentifier is not provided"
412,UAD1431,1800.0192,single_equality_conditional,loaded_with_collected_tests,app/services/single_equality_required_data.py,evaluate_single_equality,3,data/uad36-test-suite/tests/fixtures/single_equality/test-suite.ttl,"tests/test_it_1_r2_single_equality_behavior.py::test_it_1_r2_s1_single_equality_behavior[UAD1431-nonmatching-missing]
tests/test_it_1_r2_single_equality_behavior.py::test_it_1_r2_s1_single_equality_behavior[UAD1431-matching-missing]
tests/test_it_1_r2_single_equality_behavior.py::test_it_1_r2_s1_single_equality_behavior[UAD1431-matching-supplied]",,"If @ValuationUseType = ""SalesComparable"" and PropertyOrdinalNumber is not provided"
413,UAD1432,1800.0192,uniqueness_cardinality,loaded_with_collected_tests,app/services/uniqueness_cardinality_required_data.py,evaluate_uniqueness_cardinality,1,data/uad36-test-suite/tests/fixtures/uniqueness_cardinality/test-suite.ttl,tests/test_it_1_r5_s1_uniqueness_cardinality.py::test_it_1_r5_s1_rejects_prohibited_duplicate_or_occurrence_count[UAD1432],,"if PropertyOrdinalNumber is not unique across all instances of PROPERTY with @ValuationUseType = ""SalesComparable"""
414,UAD1433,1800.0195,single_equality_conditional,loaded_with_collected_tests,app/services/single_equality_required_data.py,evaluate_single_equality,3,data/uad36-test-suite/tests/fixtures/single_equality/test-suite.ttl,"tests/test_it_1_r2_single_equality_behavior.py::test_it_1_r2_s1_single_equality_behavior[UAD1433-nonmatching-missing]
tests/test_it_1_r2_single_equality_behavior.py::test_it_1_r2_s1_single_equality_behavior[UAD1433-matching-missing]
tests/test_it_1_r2_single_equality_behavior.py::test_it_1_r2_s1_single_equality_behavior[UAD1433-matching-supplied]",,"If @ValuationUseType = ""SalesComparable"" and AttachmentType is not provided"
415,UAD1434,1800.0196,single_equality_conditional,loaded_with_collected_tests,app/services/single_equality_required_data.py,evaluate_single_equality,3,data/uad36-test-suite/tests/fixtures/single_equality/test-suite.ttl,"tests/test_it_1_r2_single_equality_behavior.py::test_it_1_r2_s1_single_equality_behavior[UAD1434-nonmatching-missing]
tests/test_it_1_r2_single_equality_behavior.py::test_it_1_r2_s1_single_equality_behavior[UAD1434-matching-missing]
tests/test_it_1_r2_single_equality_behavior.py::test_it_1_r2_s1_single_equality_behavior[UAD1434-matching-supplied]",,"If @ValuationUseType = ""SalesComparable"" and OverallConditionRatingCode is not provided"
416,UAD1435,1800.0197,single_equality_conditional,loaded_with_collected_tests,app/services/single_equality_required_data.py,evaluate_single_equality,3,data/uad36-test-suite/tests/fixtures/single_equality/test-suite.ttl,"tests/test_it_1_r2_single_equality_behavior.py::test_it_1_r2_s1_single_equality_behavior[UAD1435-nonmatching-missing]
tests/test_it_1_r2_single_equality_behavior.py::test_it_1_r2_s1_single_equality_behavior[UAD1435-matching-missing]
tests/test_it_1_r2_single_equality_behavior.py::test_it_1_r2_s1_single_equality_behavior[UAD1435-matching-supplied]",,"If @ValuationUseType = ""SalesComparable"" and OverallQualityRatingCode is not provided"
417,UAD1436,1800.0198,single_equality_conditional,loaded_with_collected_tests,app/services/single_equality_required_data.py,evaluate_single_equality,3,data/uad36-test-suite/tests/fixtures/single_equality/test-suite.ttl,"tests/test_it_1_r2_single_equality_behavior.py::test_it_1_r2_s1_single_equality_behavior[UAD1436-nonmatching-missing]
tests/test_it_1_r2_single_equality_behavior.py::test_it_1_r2_s1_single_equality_behavior[UAD1436-matching-missing]
tests/test_it_1_r2_single_equality_behavior.py::test_it_1_r2_s1_single_equality_behavior[UAD1436-matching-supplied]",,"If @ValuationUseType = ""SalesComparable"" and PriorSalesOrTransfersIndicator is not provided"
418,UAD1438,1800.0273,,not_loaded,,,0,,,,"If @ValuationUseType = ""SalesComparable"" and ListingStatusType = ""SettledSale"" and OwnershipTransferTransactionType is not provided as ""Sale"" for the most recent OwnershipTransferDate"
419,UAD1439,1800.0208; 1800.0272,alternative_mutually_exclusive,not_loaded,,,0,,,,"If @ValuationUseType = ""SalesComparable"" and (OwnershipTransferTransactionAmount and OwnershipTransferAmountNotAvailableReasonType) is not provided in a given instance of SALES_HISTORY"
420,UAD1440,1800.0206,other_conditional_scoped,not_loaded,,,0,,,,"If @ValuationUseType = ""SalesComparable"" and OwnershipTransferAmountNotAvailableReasonType = ""Other"" and OwnershipTransferAmountNotAvailableReasonTypeOtherDescription is not provided in a given instance of SALES_HISTORY"
421,UAD1442,1800.0208; 1800.0272,numeric_bounds,loaded_with_collected_tests,app/services/numeric_bound_required_data.py,evaluate_numeric_bound,1,data/uad36-test-suite/tests/fixtures/numeric_bounds/test-suite.ttl,tests/test_it_1_r6_s1_numeric_bounds.py::test_it_1_r6_s1_rejects_numeric_value_outside_governed_bounds[UAD1442],,"If @ValuationUseType = ""SalesComparable"" and OwnershipTransferTransactionAmount < 0 in a given instance of SALES_HISTORY"
422,UAD1443,1800.0210,,not_loaded,,,0,,,,"If @ValuationUseType = ""SalesComparable"" and PriorSalesOrTransfersIndicator = ""true"" and OwnershipTransferTransactionType = ""Sale"", and SaleType is not provided in a given instance of SALES_HISTORY that is not the most recent sale based on the OwnershipTransferDate"
423,UAD1444,1800.0211,other_conditional_scoped,not_loaded,,,0,,,,"If @ValuationUseType = ""SalesComparable"" and SaleType = ""Other"" and SaleTypeOtherDescription is not provided in a given instance of SALES_HISTORY"
424,UAD1445,1800.0212,required_structures,loaded_with_collected_tests,app/services/required_structure_required_data.py,evaluate_required_structure,1,data/uad36-test-suite/tests/fixtures/required_structures/required-structures-test-suite.ttl,tests/test_it_1_r3_s1_required_structure.py::test_it_1_r3_s1_detects_an_absent_required_structure[UAD1445],,"If @ValuationUseType = ""SalesComparable"" and (at least one instance of HAZARD_ZONE is not provided or HazardZoneType is not provided in a given instance of HAZARD_ZONE)"
425,UAD1446,1800.0213,other_conditional_scoped,not_loaded,,,0,,,,"If @ValuationUseType = ""SalesComparable"" and HazardZoneType = ""Other"" and HazardZoneTypeOtherDescription is not provided in a given instance of HAZARD_ZONE"
426,UAD1447,1800.0215,other_conditional_scoped,not_loaded,,,0,,,,"If @ValuationUseType = ""SalesComparable"" and ImprovedSurfaceMaterialType = ""Other"", and ImprovedSurfaceMaterialTypeOtherDescription is not provided in a given instance of ACCESS_STREET"
427,UAD1448,1800.0221,other_conditional_scoped,not_loaded,,,0,,,,"If @ValuationUseType = ""SalesComparable"" and SiteDrainageReasonType = ""Other"" and SiteDrainageReasonTypeOtherDescription is not provided in a given instance of DRAINAGE_IMPACT_REASON"
428,UAD1449,1800.0239,other_conditional_scoped,not_loaded,,,0,,,,"If @ValuationUseType = ""SalesComparable"" and LandOwnedInCommonIndicator = ""false"" and LotSizeAreaMeasure is not provided"
429,UAD1450,1800.0243,required_structures,loaded_with_collected_tests,app/services/required_structure_required_data.py,evaluate_required_structure,1,data/uad36-test-suite/tests/fixtures/required_structures/required-structures-test-suite.ttl,tests/test_it_1_r3_s1_required_structure.py::test_it_1_r3_s1_detects_an_absent_required_structure[UAD1450],,"If @ValuationUseType = ""SalesComparable"" and (at least one instance of SITE_VIEW is not provided or ViewType is not provided in a given instance of SITE_VIEW)"
430,UAD1451,1800.0244,other_conditional_scoped,not_loaded,,,0,,,,"If @ValuationUseType = ""SalesComparable"" and ViewType = ""Other"" and ViewTypeOtherDescription is not provided in a given instance of SITE_VIEW"
431,UAD1452,1800.0277,single_equality_conditional,loaded_with_collected_tests,app/services/single_equality_required_data.py,evaluate_single_equality,3,data/uad36-test-suite/tests/fixtures/single_equality/test-suite.ttl,"tests/test_it_1_r2_single_equality_behavior.py::test_it_1_r2_s1_single_equality_behavior[UAD1452-nonmatching-missing]
tests/test_it_1_r2_single_equality_behavior.py::test_it_1_r2_s1_single_equality_behavior[UAD1452-matching-missing]
tests/test_it_1_r2_single_equality_behavior.py::test_it_1_r2_s1_single_equality_behavior[UAD1452-matching-supplied]",,"If @ValuationUseType = ""SalesComparable"" and LandOwnedInCommonIndicator is not provided"
432,UAD1453,1800.0287,other_conditional_scoped,not_loaded,,,0,,,,"If @ValuationUseType = ""SalesComparable"" and LivingUnitCount > 0, and AccessoryDwellingUnitIndicator is not provided in a given instance of PROPERTY_UNIT_DETAIL"
433,UAD1455,1800.0319,aggregate_cross_record_consistency,loaded_with_collected_tests,app/services/aggregate_cross_record_required_data.py,evaluate_aggregate_cross_record,8,tests/fixtures/it_1/r13/s1/manifest.ttl,"tests/test_it_1_r13_s1_aggregate_cross_record_consistency.py::test_it_1_r13_s1_aggregate_cross_record_consistency[UAD1455:extra-comparable-row]
tests/test_it_1_r13_s1_aggregate_cross_record_consistency.py::test_it_1_r13_s1_aggregate_cross_record_consistency[UAD1455:identifier-mismatch]
tests/test_it_1_r13_s1_aggregate_cross_record_consistency.py::test_it_1_r13_s1_aggregate_cross_record_consistency[UAD1455:missing-comparable-row]
tests/test_it_1_r13_s1_aggregate_cross_record_consistency.py::test_it_1_r13_s1_aggregate_cross_record_consistency[UAD1455:missing-subject-row]
tests/test_it_1_r13_s1_aggregate_cross_record_consistency.py::test_it_1_r13_s1_aggregate_cross_record_consistency[UAD1455:nonadjustable-identifier-mismatch]
tests/test_it_1_r13_s1_aggregate_cross_record_consistency.py::test_it_1_r13_s1_aggregate_cross_record_consistency[UAD1455:other-property-control]
tests/test_it_1_r13_s1_aggregate_cross_record_consistency.py::test_it_1_r13_s1_aggregate_cross_record_consistency[UAD1455:separate-analysis-groups]
tests/test_it_1_r13_s1_aggregate_cross_record_consistency.py::test_it_1_r13_s1_aggregate_cross_record_consistency[UAD1455:type-and-identifier-key]",Rule Logic,"For each combination of ComparableAdjustmentType = (""SalesComparableAdditionalAdjustableComparisonItem"" or ""SalesComparableAdditionalNonAdjustableComparisonItem"") and AdditionalComparisonLineItemIdentifier, if there are not matching occurrences of COMPARABLE_ADJUSTMENT across all instances of PROPERTY with @ValuationUseType = ""SalesComparable"", and the instance of PROPERTY with @ValuationUseType = ""SubjectProperty"". Example: In Appendix D-1: Sample Scenario SF1, an additional row was added with the Report Label ""Basement Access"". AdditionalComparisonLineItemIdentifier = ""Basement Access"" must be provided for the Subject and all Comps along with the associated data points."
434,UAD1456,1800.0309,single_equality_conditional,loaded_with_collected_tests,app/services/single_equality_required_data.py,evaluate_single_equality,3,data/uad36-test-suite/tests/fixtures/single_equality/test-suite.ttl,"tests/test_it_1_r2_single_equality_behavior.py::test_it_1_r2_s1_single_equality_behavior[UAD1456-nonmatching-missing]
tests/test_it_1_r2_single_equality_behavior.py::test_it_1_r2_s1_single_equality_behavior[UAD1456-matching-missing]
tests/test_it_1_r2_single_equality_behavior.py::test_it_1_r2_s1_single_equality_behavior[UAD1456-matching-supplied]",,"If @ValuationUseType = ""SalesComparable"" and AdjustedSalesPriceAmount is not provided"
435,UAD1457,1800.0310,other_conditional_scoped,not_loaded,,,0,,,,"If @ValuationUseType = ""SalesComparable"" and LivingUnitExcludingADUCount > 1 and AdjustedSalesPricePerBedroomAmount is not provided"
436,UAD1458,1800.0311,other_conditional_scoped,not_loaded,,,0,,,,"If @ValuationUseType = ""SalesComparable"" and LivingUnitExcludingADUCount > 1, and AdjustedSalesPricePerUnitAmount is not provided"
437,UAD1459,1800.0312,single_equality_conditional,loaded_with_collected_tests,app/services/single_equality_required_data.py,evaluate_single_equality,3,data/uad36-test-suite/tests/fixtures/single_equality/test-suite.ttl,"tests/test_it_1_r2_single_equality_behavior.py::test_it_1_r2_s1_single_equality_behavior[UAD1459-nonmatching-missing]
tests/test_it_1_r2_single_equality_behavior.py::test_it_1_r2_s1_single_equality_behavior[UAD1459-matching-missing]
tests/test_it_1_r2_single_equality_behavior.py::test_it_1_r2_s1_single_equality_behavior[UAD1459-matching-supplied]",,"If @ValuationUseType = ""SalesComparable"" and ComparableWeightType is not provided"
438,UAD1460,1800.0313,single_equality_conditional,loaded_with_collected_tests,app/services/single_equality_required_data.py,evaluate_single_equality,3,data/uad36-test-suite/tests/fixtures/single_equality/test-suite.ttl,"tests/test_it_1_r2_single_equality_behavior.py::test_it_1_r2_s1_single_equality_behavior[UAD1460-nonmatching-missing]
tests/test_it_1_r2_single_equality_behavior.py::test_it_1_r2_s1_single_equality_behavior[UAD1460-matching-missing]
tests/test_it_1_r2_single_equality_behavior.py::test_it_1_r2_s1_single_equality_behavior[UAD1460-matching-supplied]",,"If @ValuationUseType = ""SalesComparable"" and SalePriceNetTotalAdjustmentAmount is not provided"
439,UAD1461,1800.0313,aggregate_cross_record_consistency,loaded_with_collected_tests,app/services/aggregate_cross_record_required_data.py,evaluate_aggregate_cross_record,4,tests/fixtures/it_1/r13/s1/manifest.ttl,"tests/test_it_1_r13_s1_aggregate_cross_record_consistency.py::test_it_1_r13_s1_aggregate_cross_record_consistency[UAD1461:decimal-mixed-sign]
tests/test_it_1_r13_s1_aggregate_cross_record_consistency.py::test_it_1_r13_s1_aggregate_cross_record_consistency[UAD1461:negative-total]
tests/test_it_1_r13_s1_aggregate_cross_record_consistency.py::test_it_1_r13_s1_aggregate_cross_record_consistency[UAD1461:subject-adjustment-control]
tests/test_it_1_r13_s1_aggregate_cross_record_consistency.py::test_it_1_r13_s1_aggregate_cross_record_consistency[UAD1461:zero-total]",,"If @ValuationUseType = ""SalesComparable"" and SalePriceNetTotalAdjustmentAmount does not equal the sum of ComparableAdjustmentAmount across all instances of COMPARABLE_ADJUSTMENT"
440,UAD1462,1800.0322,other_conditional_scoped,not_loaded,,,0,,,,"If @ValuationUseType = ""SalesComparable"" and WaterAccessDepthType = ""Other"" and WaterAccessDepthTypeOtherDescription is not provided in a given instance of BODY_OF_WATER"
441,UAD1463,1800.0330,other_conditional_scoped,not_loaded,,,0,,,,"If @ValuationUseType = ""SalesComparable"" and (ImprovementType = ""Dwelling"" or (ImprovementType = ""Outbuilding"" AND OutbuildingRealPropertyIndicator = ""true"" AND AccessoryDwellingUnitIndicator = ""true"")), and BedroomCount is not provided in a given instance of PROPERTY_UNIT_DETAIL"
442,UAD1464,1800.0331,other_conditional_scoped,not_loaded,,,0,,,,"If @ValuationUseType = ""SalesComparable"" and (ImprovementType = ""Dwelling"" or (ImprovementType = ""Outbuilding"" AND OutbuildingRealPropertyIndicator = ""true"" AND AccessoryDwellingUnitIndicator = ""true"")), and FullBathroomCount is not provided in a given instance of PROPERTY_UNIT_DETAIL"
443,UAD1465,1800.0332,other_conditional_scoped,not_loaded,,,0,,,,"If @ValuationUseType = ""SalesComparable"" and (ImprovementType = ""Dwelling"" or (ImprovementType = ""Outbuilding"" AND OutbuildingRealPropertyIndicator = ""true"" AND AccessoryDwellingUnitIndicator = ""true"")), and HalfBathroomCount is not provided in a given instance of PROPERTY_UNIT_DETAIL"
444,UAD1467,1800.0345,other_conditional_scoped,not_loaded,,,0,,,,"If (@ValuationUseType = ""SalesComparable"") and (@ValuationUseType = ""SubjectProperty"" and LivingUnitExcludingADUCount > 1), and TotalFinishedAreaOfAllLivingUnitsIncludingADUAreaMeasure is not provided"
445,UAD1468,1800.0347,other_conditional_scoped,not_loaded,,,0,,,,"If DataSourceIdentifier is not provided in a given instance of DATA_SOURCE with DataSourceType = ""MLS"" that has arc role to PROPERTY container with @ValuationUseType <> (""SubjectProperty"" or ""PropertyAnalyzedNotUsed"")"
446,UAD1469,1800.0359,other_conditional_scoped,not_loaded,,,0,,,,"If @ValuationUseType = ""SalesComparable"" and NativeAmericanLandsType = ""Other"" and NativeAmericanLandsTypeOtherDescription is not provided"
447,UAD1470,1800.0360,relationship_reference_integrity,loaded_with_collected_tests,app/services/relationship_reference_required_data.py,evaluate_relationship_reference,1,data/uad36-test-suite/tests/fixtures/relationship_reference_integrity/test-suite.ttl,tests/test_it_1_r9_s1_relationship_reference_integrity.py::test_it_1_r9_s1_rejects_invalid_relationship_or_reference[UAD1470],Rule Logic,"If (@ValuationUseType = ""SubjectProperty"" and (LivingUnitExcludingADUCount > 1 or AccessoryDwellingUnitTotalCount > 0)) and
(@ValuationUseType = ""SalesComparable"" and (LivingUnitExcludingADUCount > 1 or AccessoryDwellingUnitTotalCount > 0)), and there is not an instance of RELATIONSHIP with @xlink:arcrole = urn:fdc:mismo.org:2009:residential/PROPERTY_UNIT_IsComparableFor_PROPERTY_UNIT"
448,UAD1471,1800.0363,single_equality_conditional,loaded_with_collected_tests,app/services/single_equality_required_data.py,evaluate_single_equality,3,data/uad36-test-suite/tests/fixtures/single_equality/test-suite.ttl,"tests/test_it_1_r2_single_equality_behavior.py::test_it_1_r2_s1_single_equality_behavior[UAD1471-nonmatching-missing]
tests/test_it_1_r2_single_equality_behavior.py::test_it_1_r2_s1_single_equality_behavior[UAD1471-matching-missing]
tests/test_it_1_r2_single_equality_behavior.py::test_it_1_r2_s1_single_equality_behavior[UAD1471-matching-supplied]",,"If @ValuationUseType = ""SalesComparable"" and DwellingCount is not provided"
449,UAD1472,1800.0363,numeric_bounds,loaded_with_collected_tests,app/services/numeric_bound_required_data.py,evaluate_numeric_bound,1,data/uad36-test-suite/tests/fixtures/numeric_bounds/test-suite.ttl,tests/test_it_1_r6_s1_numeric_bounds.py::test_it_1_r6_s1_rejects_numeric_value_outside_governed_bounds[UAD1472],,"If @ValuationUseType = ""SalesComparable"" and DwellingCount < 1"
450,UAD1473,1800.0364,single_equality_conditional,loaded_with_collected_tests,app/services/single_equality_required_data.py,evaluate_single_equality,3,data/uad36-test-suite/tests/fixtures/single_equality/test-suite.ttl,"tests/test_it_1_r2_single_equality_behavior.py::test_it_1_r2_s1_single_equality_behavior[UAD1473-nonmatching-missing]
tests/test_it_1_r2_single_equality_behavior.py::test_it_1_r2_s1_single_equality_behavior[UAD1473-matching-missing]
tests/test_it_1_r2_single_equality_behavior.py::test_it_1_r2_s1_single_equality_behavior[UAD1473-matching-supplied]",,"If @ValuationUseType = ""SalesComparable"" and HomeownerResponsibleForExteriorMaintenanceIndicator is not provided"
451,UAD1474,1800.0365,single_equality_conditional,loaded_with_collected_tests,app/services/single_equality_required_data.py,evaluate_single_equality,3,data/uad36-test-suite/tests/fixtures/single_equality/test-suite.ttl,"tests/test_it_1_r2_single_equality_behavior.py::test_it_1_r2_s1_single_equality_behavior[UAD1474-nonmatching-missing]
tests/test_it_1_r2_single_equality_behavior.py::test_it_1_r2_s1_single_equality_behavior[UAD1474-matching-missing]
tests/test_it_1_r2_single_equality_behavior.py::test_it_1_r2_s1_single_equality_behavior[UAD1474-matching-supplied]",,"If @ValuationUseType = ""SalesComparable"" and LivingUnitExcludingADUCount is not provided"
452,UAD1475,1800.0365,numeric_bounds,loaded_with_collected_tests,app/services/numeric_bound_required_data.py,evaluate_numeric_bound,1,data/uad36-test-suite/tests/fixtures/numeric_bounds/test-suite.ttl,tests/test_it_1_r6_s1_numeric_bounds.py::test_it_1_r6_s1_rejects_numeric_value_outside_governed_bounds[UAD1475],,"If @ValuationUseType = ""SalesComparable"" and LivingUnitExcludingADUCount < 1"
453,UAD1476,1800.0367,other_conditional_scoped,not_loaded,,,0,,,,"If @ValuationUseType = ""SalesComparable"" and HazardZoneType = ""USGSLavaFlowZone"", and LavaFlowZoneCode is not provided"
454,UAD1477,1800.0374,relationship_reference_integrity,loaded_with_collected_tests,app/services/relationship_reference_required_data.py,evaluate_relationship_reference,1,data/uad36-test-suite/tests/fixtures/relationship_reference_integrity/test-suite.ttl,tests/test_it_1_r9_s1_relationship_reference_integrity.py::test_it_1_r9_s1_rejects_invalid_relationship_or_reference[UAD1477],,"If SalesComparisonApproachIndicator = ""true"" and there is no instance of RELATIONSHIP with @xlink:arcrole = ""urn:fdc:mismo.org:2009:residential/DATA_SOURCE_IsDataSourceFor_PROPERTY"" that links DATA_SOURCE to PROPERTY where @ValuationUseType = ""SalesComparable"""
455,UAD1478,1800.0377,other_conditional_scoped,not_loaded,,,0,,,,"If @ValuationUseType = ""SalesComparable"" and PropertyInProjectIndicator = ""true"" and ProjectLegalStructureType is not provided"
456,UAD1479,1800.0378,single_equality_conditional,loaded_with_collected_tests,app/services/single_equality_required_data.py,evaluate_single_equality,3,data/uad36-test-suite/tests/fixtures/single_equality/test-suite.ttl,"tests/test_it_1_r2_single_equality_behavior.py::test_it_1_r2_s1_single_equality_behavior[UAD1479-nonmatching-missing]
tests/test_it_1_r2_single_equality_behavior.py::test_it_1_r2_s1_single_equality_behavior[UAD1479-matching-missing]
tests/test_it_1_r2_single_equality_behavior.py::test_it_1_r2_s1_single_equality_behavior[UAD1479-matching-supplied]",,"If @ValuationUseType = ""SalesComparable"" and PropertyInProjectIndicator is not provided"
457,UAD1480,1800.0383,single_equality_conditional,loaded_with_collected_tests,app/services/single_equality_required_data.py,evaluate_single_equality,3,data/uad36-test-suite/tests/fixtures/single_equality/test-suite.ttl,"tests/test_it_1_r2_single_equality_behavior.py::test_it_1_r2_s1_single_equality_behavior[UAD1480-nonmatching-missing]
tests/test_it_1_r2_single_equality_behavior.py::test_it_1_r2_s1_single_equality_behavior[UAD1480-matching-missing]
tests/test_it_1_r2_single_equality_behavior.py::test_it_1_r2_s1_single_equality_behavior[UAD1480-matching-supplied]",,"If @ValuationUseType = ""SalesComparable"" and PUDIndicator is not provided"
458,UAD1481,1800.0385,other_conditional_scoped,not_loaded,,,0,,,,"If @ValuationUseType = ""SalesComparable"" and ListingStatusType = ""Pending"" or ""SettledSale"" and ContractDateUnknownIndicator is not provided"
459,UAD1482,1800.0390,other_conditional_scoped,not_loaded,,,0,,,,"If @ValuationUseType = ""SalesComparable"" and (ImprovementType = ""Dwelling"" or (ImprovementType = ""Outbuilding"" and OutbuildingRealPropertyIndicator = ""true"" and AccessoryDwellingUnitIndicator = ""true"")), and UnitStandardAboveGradeFinishedAreaMeasure is not provided in a given instance of PROPERTY_UNIT_AREA"
460,UAD1483,1800.0393,other_conditional_scoped,not_loaded,,,0,,,,"If @ValuationUseType = ""SalesComparable"" and (ImprovementType = ""Dwelling"" or (ImprovementType = ""Outbuilding"" and OutbuildingRealPropertyIndicator = ""true"" and AccessoryDwellingUnitIndicator = ""true"")), and UnitStandardBelowGradeFinishedAreaMeasure is not provided in a given instance of PROPERTY_UNIT_AREA"
461,UAD1484,1800.0398,other_conditional_scoped,not_loaded,,,0,,,,"If ImprovementType = ""Dwelling"" or (ImprovementType = ""Outbuilding"" and OutbuildingRealPropertyIndicator = ""true"" and AccessoryDwellingUnitIndicator = ""true""), and UnitNonStandardBelowGradeFinishedAreaMeasure is not provided in a given instance of PROPERTY_UNIT_AREA"
462,UAD1485,1900.0017,uniqueness_cardinality,loaded_with_collected_tests,app/services/uniqueness_cardinality_required_data.py,evaluate_uniqueness_cardinality,1,data/uad36-test-suite/tests/fixtures/uniqueness_cardinality/test-suite.ttl,tests/test_it_1_r5_s1_uniqueness_cardinality.py::test_it_1_r5_s1_rejects_prohibited_duplicate_or_occurrence_count[UAD1485],,"if PropertyOrdinalNumber is not unique across all instances of PROPERTY with @ValuationUseType = ""PropertyAnalyzedNotUsed"""
463,UAD1486,2000.0012,single_equality_conditional,loaded_with_collected_tests,app/services/single_equality_required_data.py,evaluate_single_equality,3,data/uad36-test-suite/tests/fixtures/single_equality/test-suite.ttl,"tests/test_it_1_r2_single_equality_behavior.py::test_it_1_r2_s1_single_equality_behavior[UAD1486-nonmatching-missing]
tests/test_it_1_r2_single_equality_behavior.py::test_it_1_r2_s1_single_equality_behavior[UAD1486-matching-missing]
tests/test_it_1_r2_single_equality_behavior.py::test_it_1_r2_s1_single_equality_behavior[UAD1486-matching-supplied]",,"If @ValuationUseType = ""RentalComparable"" and RentalUnitAdjustedRentAmount is not provided in a given instance of RENTAL_COMPARISON_DETAIL"
464,UAD1487,2000.0021,other_conditional_scoped,not_loaded,,,0,,,,"If @ValuationUseType = ""RentalComparable"" and UnitTotalFinishedAreaMeasure is not provided in PROPERTY_UNIT_AREA"
465,UAD1488,2000.0032,other_conditional_scoped,not_loaded,,,0,,,,"If (RentScheduleIndicator = ""true"" or IncomeApproachIndicator = ""true""), and TotalMonthlyActualRentAmount is not provided"
466,UAD1489,2000.0035,other_conditional_scoped,not_loaded,,,0,,,,"If (RentScheduleIndicator = ""true"" or IncomeApproachIndicator = ""true""), and TotalMonthlyMarketRentAmount is not provided"
467,UAD1490,2000.0041,other_conditional_scoped,not_loaded,,,0,,,,"If @ValuationUseType = ""RentalComparable"" and UnitMonthlyActualRentAmount is not provided in UNIT_RENT_SCHEDULE"
468,UAD1491,2000.0050,other_conditional_scoped,not_loaded,,,0,,,,"If RentScheduleIndicator = ""true"", and UnitIncludedInRentScheduleIndicator = ""true"", and UnitTotalFinishedAreaMeasure is not provided in a given instance of PROPERTY_UNIT_AREA"
469,UAD1492,2000.0066,other_conditional_scoped,not_loaded,,,0,,,,"If @ValuationUseType = ""RentalComparable"" and ProximityToSubjectDistanceLinearMeasure > 0, and ComparableToSubjectDirectionType is not provided"
470,UAD1493,2000.0067,single_equality_conditional,loaded_with_collected_tests,app/services/single_equality_required_data.py,evaluate_single_equality,3,data/uad36-test-suite/tests/fixtures/single_equality/test-suite.ttl,"tests/test_it_1_r2_single_equality_behavior.py::test_it_1_r2_s1_single_equality_behavior[UAD1493-nonmatching-missing]
tests/test_it_1_r2_single_equality_behavior.py::test_it_1_r2_s1_single_equality_behavior[UAD1493-matching-missing]
tests/test_it_1_r2_single_equality_behavior.py::test_it_1_r2_s1_single_equality_behavior[UAD1493-matching-supplied]",,"If @ValuationUseType = ""RentalComparable"" and ProximityToSubjectDistanceLinearMeasure is not provided"
471,UAD1494,2000.0078,single_equality_conditional,loaded_with_collected_tests,app/services/single_equality_required_data.py,evaluate_single_equality,3,data/uad36-test-suite/tests/fixtures/single_equality/test-suite.ttl,"tests/test_it_1_r2_single_equality_behavior.py::test_it_1_r2_s1_single_equality_behavior[UAD1494-nonmatching-missing]
tests/test_it_1_r2_single_equality_behavior.py::test_it_1_r2_s1_single_equality_behavior[UAD1494-matching-missing]
tests/test_it_1_r2_single_equality_behavior.py::test_it_1_r2_s1_single_equality_behavior[UAD1494-matching-supplied]",,"If @ValuationUseType = ""RentalComparable"" and PropertyOrdinalNumber is not provided"
472,UAD1495,2000.0078,uniqueness_cardinality,loaded_with_collected_tests,app/services/uniqueness_cardinality_required_data.py,evaluate_uniqueness_cardinality,1,data/uad36-test-suite/tests/fixtures/uniqueness_cardinality/test-suite.ttl,tests/test_it_1_r5_s1_uniqueness_cardinality.py::test_it_1_r5_s1_rejects_prohibited_duplicate_or_occurrence_count[UAD1495],,"if PropertyOrdinalNumber is not unique across all instances of PROPERTY with @ValuationUseType = ""RentalComparable"""
473,UAD1496,2000.0088,other_conditional_scoped,not_loaded,,,0,,,,"If RentScheduleIndicator = ""true"", and UnitIncludedInRentScheduleIndicator = ""true"", and RentControlStatusType is not provided in a given instance of UNIT_RENT_SCHEDULE"
474,UAD1497,2000.0089,other_conditional_scoped,not_loaded,,,0,,,,"If RentScheduleIndicator = ""true"", and UnitIncludedInRentScheduleIndicator = ""true"", and UnitMonthlyActualRentAmount is not provided in a given instance of UNIT_RENT_SCHEDULE"
475,UAD1498,2000.0092,other_conditional_scoped,not_loaded,,,0,,,,"If RentScheduleIndicator = ""true"", and UnitIncludedInRentScheduleIndicator = ""true"", and UnitMonthlyMarketRentAmount is not provided in a given instance of UNIT_RENT_SCHEDULE"
476,UAD1499,2000.0101,other_conditional_scoped,not_loaded,,,0,,,,"If @ValuationUseType = ""RentalComparable"" and BedroomCount is not provided in PROPERTY_UNIT_DETAIL"
477,UAD1500,2000.0102,other_conditional_scoped,not_loaded,,,0,,,,"If @ValuationUseType = ""RentalComparable"" and FullBathroomCount is not provided in PROPERTY_UNIT_DETAIL"
478,UAD1501,2000.0103,other_conditional_scoped,not_loaded,,,0,,,,"If @ValuationUseType = ""RentalComparable"" and HalfBathroomCount is not provided in PROPERTY_UNIT_DETAIL"
479,UAD1502,2100.0045,unconditional_required,loaded_with_collected_tests,app/services/required_data.py,evaluate_required_data (unconditional presence),1,data/uad36-test-suite/tests/fixtures/unconditional_required/test-suite.ttl,tests/test_it_1_r4_s1_unconditional_required.py::test_it_1_r4_s1_detects_absent_required_data[UAD1502],Message Text,If ValuationReportContentIdentifier is not provided
480,UAD1505,2200.0154; 2200.0002,date_chronology,loaded_with_collected_tests,app/services/date_chronology_required_data.py,evaluate_date_chronology,1,tests/fixtures/it_1/r11/s1/manifest.ttl,tests/test_it_1_r11_s1_date_chronology.py::test_it_1_r11_s1_rejects_prohibited_date_relationship[UAD1505-today-boundary],,If ExecutionDate is in the future
481,UAD1506,2200.0154; 2200.0002,date_chronology,loaded_with_collected_tests,app/services/date_chronology_required_data.py,evaluate_date_chronology,1,tests/fixtures/it_1/r11/s1/manifest.ttl,tests/test_it_1_r11_s1_date_chronology.py::test_it_1_r11_s1_rejects_prohibited_date_relationship[UAD1506-367-day-boundary],,If ExecutionDate is more than 367 days before the current date.
482,UAD1507,2200.0154; 2200.0002,format_precision_length,loaded_with_collected_tests,app/services/representation_restriction_required_data.py,evaluate_representation_restriction,1,data/uad36-test-suite/tests/fixtures/representation_restrictions/test-suite.ttl,tests/test_it_1_r7_s1_representation_restrictions.py::test_it_1_r7_s1_rejects_value_violating_representation_restriction[UAD1507],,"If ExecutionDate does not include year, month and day (YYYY-MM-DD format) in a given instance of SIGNATORY"
483,UAD1508,2200.0017,unconditional_required,loaded_with_collected_tests,app/services/required_data.py,evaluate_required_data (unconditional presence),3,data/uad36-test-suite/tests/fixtures/required_data/test-suite.ttl; data/uad36-test-suite/tests/fixtures/unconditional_required/test-suite.ttl,"tests/test_it_1_r4_s1_unconditional_required.py::test_it_1_r4_s1_detects_absent_required_data[UAD1508]
data/uad36-test-suite/tests/test_required_data_acceptance.py::test_production_detects_missing_required_data[2200.0017-UAD1508]
data/uad36-test-suite/tests/test_required_data_rdf.py::test_rdf_missing_element_produces_expected_finding[2200.0017-UAD1508]",,If AppraiserPriorServicesPerformedIndicator is not provided
484,UAD1509,2200.0034,unconditional_required,loaded_with_collected_tests,app/services/required_data.py,evaluate_required_data (unconditional presence),1,data/uad36-test-suite/tests/fixtures/unconditional_required/test-suite.ttl,tests/test_it_1_r4_s1_unconditional_required.py::test_it_1_r4_s1_detects_absent_required_data[UAD1509],,If AppraiserAdditionalCertificationIndicator is not provided
485,UAD1510,2200.0037,unconditional_required,loaded_with_collected_tests,app/services/required_data.py,evaluate_required_data (unconditional presence),1,data/uad36-test-suite/tests/fixtures/unconditional_required/test-suite.ttl,tests/test_it_1_r4_s1_unconditional_required.py::test_it_1_r4_s1_detects_absent_required_data[UAD1510],,If ValuationAdditionalIntendedUserIndicator is not provided
486,UAD1511,2200.0038,unconditional_required,loaded_with_collected_tests,app/services/required_data.py,evaluate_required_data (unconditional presence),3,data/uad36-test-suite/tests/fixtures/required_data/test-suite.ttl; data/uad36-test-suite/tests/fixtures/unconditional_required/test-suite.ttl,"tests/test_it_1_r4_s1_unconditional_required.py::test_it_1_r4_s1_detects_absent_required_data[UAD1511]
data/uad36-test-suite/tests/test_required_data_acceptance.py::test_production_detects_missing_required_data[2200.0038-UAD1511]
data/uad36-test-suite/tests/test_required_data_rdf.py::test_rdf_missing_element_produces_expected_finding[2200.0038-UAD1511]",,If ValuationReportInspectionCertificationType is not provided
487,UAD1512,1000.0158,value_cross_field_consistency,loaded_with_collected_tests,app/services/value_consistency_required_data.py,evaluate_value_consistency,1,tests/fixtures/it_1/r10/s1/test-suite.ttl,tests/test_it_1_r10_s1_value_cross_field_consistency.py::test_it_1_r10_s1_rejects_inconsistent_field_values[UAD1512],,"If PropertyValuationMethodType = ""TraditionalAppraisal"" and ValuationReportInspectionCertificationType <> ""InteriorAndExterior"""
488,UAD1513,1000.0158,value_cross_field_consistency,loaded_with_collected_tests,app/services/value_consistency_required_data.py,evaluate_value_consistency,1,tests/fixtures/it_1/r10/s1/test-suite.ttl,tests/test_it_1_r10_s1_value_cross_field_consistency.py::test_it_1_r10_s1_rejects_inconsistent_field_values[UAD1513],,"If PropertyValuationMethodType = ""ExteriorAppraisal"" and ValuationReportInspectionCertificationType <> ""Exterior"""
489,UAD1514,1000.0158,value_cross_field_consistency,loaded_with_collected_tests,app/services/value_consistency_required_data.py,evaluate_value_consistency,1,tests/fixtures/it_1/r10/s1/test-suite.ttl,tests/test_it_1_r10_s1_value_cross_field_consistency.py::test_it_1_r10_s1_rejects_inconsistent_field_values[UAD1514],,"If PropertyValuationMethodType = ""DesktopAppraisal"" and ValuationReportInspectionCertificationType <> ""NoPhysicalInspection"""
490,UAD1515,1000.0158,value_cross_field_consistency,loaded_with_collected_tests,app/services/value_consistency_required_data.py,evaluate_value_consistency,1,tests/fixtures/it_1/r10/s1/test-suite.ttl,tests/test_it_1_r10_s1_value_cross_field_consistency.py::test_it_1_r10_s1_rejects_inconsistent_field_values[UAD1515],,"If PropertyValuationMethodType = ""HybridAppraisal"" and ValuationReportInspectionCertificationType <> ""NoPhysicalInspection"""
491,UAD1516,2200.0038,value_cross_field_consistency,loaded_with_collected_tests,app/services/value_consistency_required_data.py,evaluate_value_consistency,1,tests/fixtures/it_1/r10/s1/test-suite.ttl,tests/test_it_1_r10_s1_value_cross_field_consistency.py::test_it_1_r10_s1_rejects_inconsistent_field_values[UAD1516],,"If PropertyInteriorInspectionMethodType = ""Physical"" and PropertyExteriorInspectionMethodType = ""Physical"" for PartyRoleType = ""Appraiser"", and ValuationReportInspectionCertificationType <> ""InteriorAndExterior"""
492,UAD1517,2200.0038,value_cross_field_consistency,loaded_with_collected_tests,app/services/value_consistency_required_data.py,evaluate_value_consistency,1,tests/fixtures/it_1/r10/s1/test-suite.ttl,tests/test_it_1_r10_s1_value_cross_field_consistency.py::test_it_1_r10_s1_rejects_inconsistent_field_values[UAD1517],,"If (PropertyInteriorInspectionMethodType = ""Virtual"" or ""NoInspection"" and PropertyExteriorInspectionMethodType = ""Virtual"" or ""NoInspection"" for PartyRoleType = ""Appraiser""), and ValuationReportInspectionCertificationType <> ""NoPhysicalInspection"""
493,UAD1518,2200.0038,value_cross_field_consistency,loaded_with_collected_tests,app/services/value_consistency_required_data.py,evaluate_value_consistency,1,tests/fixtures/it_1/r10/s1/test-suite.ttl,tests/test_it_1_r10_s1_value_cross_field_consistency.py::test_it_1_r10_s1_rejects_inconsistent_field_values[UAD1518],,"If (PropertyInteriorInspectionMethodType = ""Virtual"" or ""NoInspection"" and PropertyExteriorInspectionMethodType = ""Physical"" for PartyRoleType = ""Appraiser""), and ValuationReportInspectionCertificationType <> ""Exterior"""
494,UAD1519,1000.0043,unconditional_required,loaded_with_collected_tests,app/services/required_data.py,evaluate_required_data (unconditional presence),3,data/uad36-test-suite/tests/fixtures/required_data/test-suite.ttl; data/uad36-test-suite/tests/fixtures/unconditional_required/test-suite.ttl,"tests/test_it_1_r4_s1_unconditional_required.py::test_it_1_r4_s1_detects_absent_required_data[UAD1519]
data/uad36-test-suite/tests/test_required_data_acceptance.py::test_production_detects_missing_required_data[1000.0043-UAD1519]
data/uad36-test-suite/tests/test_required_data_rdf.py::test_rdf_missing_element_produces_expected_finding[1000.0043-UAD1519]",,If PropertyDataReportIndicator is not provided
495,UAD1520,2400.0513,required_structures,loaded_with_collected_tests,app/services/required_structure_required_data.py,evaluate_required_structure,1,data/uad36-test-suite/tests/fixtures/required_structures/required-structures-test-suite.ttl,tests/test_it_1_r3_s1_required_structure.py::test_it_1_r3_s1_detects_an_absent_required_structure[UAD1520],,"If PropertyDataReportIndicator = ""true"" and there is no instance of ROLE_DETAIL with PartyRoleType = ""PropertyDataCollector"" in SERVICE container with ServiceType = ""Inspection"""
496,UAD1521,1000.0132,other_conditional_scoped,not_loaded,,,0,,,,"If PropertyDataReportIndicator = ""true"" and PropertyExteriorInspectionMethodType is not provided in SERVICE container with ServiceType = ""Inspection"""
497,UAD1522,1000.0133,other_conditional_scoped,not_loaded,,,0,,,,"If PropertyDataReportIndicator = ""true"" and PropertyInteriorInspectionMethodType is not provided in SERVICE container with ServiceType = ""Inspection"""
498,UAD1523,2200.0062,unconditional_required,loaded_with_collected_tests,app/services/required_data.py,evaluate_required_data (unconditional presence),1,data/uad36-test-suite/tests/fixtures/unconditional_required/test-suite.ttl,tests/test_it_1_r4_s1_unconditional_required.py::test_it_1_r4_s1_detects_absent_required_data[UAD1523],,If ValuationAdditionalScopeOfWorkIndicator is not provided
499,UAD1524,2200.0075,other_conditional_scoped,not_loaded,,,0,,,,"If FirstName is not provided for PartyRoleType = ""AppraiserSupervisor"""
500,UAD1525,2200.0076,other_conditional_scoped,not_loaded,,,0,,,,"If LastName is not provided for PartyRoleType = ""AppraiserSupervisor"""
501,UAD1526,2200.0080,other_conditional_scoped,not_loaded,,,0,,,,"If AppraiserLicenseType is not provided for PartyRoleType = ""AppraiserSupervisor"""
502,UAD1527,2200.0081; 2400.0052,single_equality_conditional,loaded_with_collected_tests,app/services/single_equality_required_data.py,evaluate_single_equality,3,data/uad36-test-suite/tests/fixtures/single_equality/test-suite.ttl,"tests/test_it_1_r2_single_equality_behavior.py::test_it_1_r2_s1_single_equality_behavior[UAD1527-nonmatching-missing]
tests/test_it_1_r2_single_equality_behavior.py::test_it_1_r2_s1_single_equality_behavior[UAD1527-matching-missing]
tests/test_it_1_r2_single_equality_behavior.py::test_it_1_r2_s1_single_equality_behavior[UAD1527-matching-supplied]",,"If AppraiserLicenseType = ""Other"" and AppraiserLicenseTypeOtherDescription is not provided in a given instance of APPRAISER_LICENSE"
503,UAD1528,2200.0082,other_conditional_scoped,not_loaded,,,0,,,,"If LicenseExpirationDate is not provided for PartyRoleType = ""AppraiserSupervisor"""
504,UAD1529,2200.0082,date_chronology,loaded_with_collected_tests,app/services/date_chronology_required_data.py,evaluate_date_chronology,3,tests/fixtures/it_1/r11/s1/manifest.ttl,"tests/test_it_1_r11_s1_date_chronology.py::test_it_1_r11_s1_rejects_prohibited_date_relationship[UAD1529-appraiser-equal-effective-date]
tests/test_it_1_r11_s1_date_chronology.py::test_it_1_r11_s1_rejects_prohibited_date_relationship[UAD1529-other-role-control]
tests/test_it_1_r11_s1_date_chronology.py::test_it_1_r11_s1_rejects_prohibited_date_relationship[UAD1529-supervisor-equal-effective-date]",,"If LicenseExpirationDate for PartyRoleType = ""Appraiser"" and/or ""AppraiserSupervisor"" < AppraisalReportEffectiveDate"
505,UAD1530,2400.0053; 2200.0082,format_precision_length,loaded_with_collected_tests,app/services/representation_restriction_required_data.py,evaluate_representation_restriction,1,data/uad36-test-suite/tests/fixtures/representation_restrictions/test-suite.ttl,tests/test_it_1_r7_s1_representation_restrictions.py::test_it_1_r7_s1_rejects_value_violating_representation_restriction[UAD1530],,"If LicenseExpirationDate does not include year, month and day (YYYY-MM-DD format)"
506,UAD1531,2200.0083,other_conditional_scoped,not_loaded,,,0,,,,"If LicenseIdentifier is not provided for PartyRoleType = ""AppraiserSupervisor"""
507,UAD1532,2200.0084,other_conditional_scoped,not_loaded,,,0,,,,"If LicenseIssuingAuthorityStateCode is not provided for PartyRoleType = ""AppraiserSupervisor"""
508,UAD1533,2200.0084; 2400.0055,value_cross_field_consistency,loaded_with_collected_tests,app/services/value_consistency_required_data.py,evaluate_value_consistency,1,tests/fixtures/it_1/r10/s1/test-suite.ttl,tests/test_it_1_r10_s1_value_cross_field_consistency.py::test_it_1_r10_s1_rejects_inconsistent_field_values[UAD1533],,"If LicenseIssuingAuthorityStateCode for PartyRoleType = ""Appraiser"" or ""AppraiserSupervisor"" <> StateCode (PROPERTY/ADDRESS with @ValuationUseType = ""SubjectProperty"")"
509,UAD1534,2200.0085,required_structures,loaded_with_collected_tests,app/services/required_structure_required_data.py,evaluate_required_structure,1,data/uad36-test-suite/tests/fixtures/required_structures/required-structures-test-suite.ttl,tests/test_it_1_r3_s1_required_structure.py::test_it_1_r3_s1_detects_an_absent_required_structure[UAD1534],,"If (PartyRoleType = ""Appraiser"" and (AppraiserLicenseType = ""None"" or AppraiserLicenseType = ""TraineeAppraiser"")) and there is no instance of PARTY with PartyRoleType = ""AppraiserSupervisor"""
510,UAD1535,2200.0154; 2200.0002,uniqueness_cardinality,loaded_with_collected_tests,app/services/uniqueness_cardinality_required_data.py,evaluate_uniqueness_cardinality,1,data/uad36-test-suite/tests/fixtures/uniqueness_cardinality/test-suite.ttl,tests/test_it_1_r5_s1_uniqueness_cardinality.py::test_it_1_r5_s1_rejects_prohibited_duplicate_or_occurrence_count[UAD1535],Message Text,"If ExecutionDate is not provided for PartyRoleType = (""AppraiserSupervisor"" or ""Appraiser"") or more than one instance of ExecutionDate is provided for PartyRoleType = (""AppraiserSupervisor"" or ""Appraiser"")"
511,UAD1536,2200.0154; 2200.0002,date_chronology,loaded_with_collected_tests,app/services/date_chronology_required_data.py,evaluate_date_chronology,1,tests/fixtures/it_1/r11/s1/manifest.ttl,tests/test_it_1_r11_s1_date_chronology.py::test_it_1_r11_s1_rejects_prohibited_date_relationship[UAD1536-equal-effective-date],,If ExecutionDate < AppraisalReportEffectiveDate in a given instance of SIGNATORY
512,UAD1537,2400.0001,other_conditional_scoped,not_loaded,,,0,,,,"If AddressLineText is not provided for PartyRoleType = ""Client"""
513,UAD1538,2400.0002,other_conditional_scoped,not_loaded,,,0,,,,"If CityName is not provided for PartyRoleType = ""Client"""
514,UAD1539,2400.0003,other_conditional_scoped,not_loaded,,,0,,,,"If PostalCode is not provided for PartyRoleType = ""Client"""
515,UAD1540,2400.0004,other_conditional_scoped,not_loaded,,,0,,,,"If StateCode is not provided for PartyRoleType = ""Client"""
516,UAD1541,2400.0013,other_conditional_scoped,not_loaded,,,0,,,,"If FullName is not provided for PartyRoleType = ""Client"""
517,UAD1542,2400.0018,required_structures,loaded_with_collected_tests,app/services/required_structure_required_data.py,evaluate_required_structure,1,data/uad36-test-suite/tests/fixtures/required_structures/required-structures-test-suite.ttl,tests/test_it_1_r3_s1_required_structure.py::test_it_1_r3_s1_detects_an_absent_required_structure[UAD1542],,"If no instances of PARTY with PartyRoleType = ""Client"" are provided"
518,UAD1543,2400.0017,required_structures,loaded_with_collected_tests,app/services/required_structure_required_data.py,evaluate_required_structure,1,data/uad36-test-suite/tests/fixtures/required_structures/required-structures-test-suite.ttl,tests/test_it_1_r3_s1_required_structure.py::test_it_1_r3_s1_detects_an_absent_required_structure[UAD1543],,"If PartyRoleType = ""Client"" and there is not a second instance of ROLE_DETAIL in the Client instance of PARTY with PartyRoleType = ""Attorney"" or ""Investor"" or ""Lender"" or ""ManagementCompany"" or ""Other"""
519,UAD1544,2400.0041,other_conditional_scoped,not_loaded,,,0,,,,"If FirstName is not provided for PartyRoleType = ""Appraiser"""
520,UAD1545,2400.0042,other_conditional_scoped,not_loaded,,,0,,,,"If LastName is not provided for PartyRoleType = ""Appraiser"""
521,UAD1546,2400.0051,other_conditional_scoped,not_loaded,,,0,,,,"If AppraiserLicenseType is not provided for PartyRoleType = ""Appraiser"""
522,UAD1548,2400.0053,other_conditional_scoped,not_loaded,,,0,,,,"If AppraiserLicenseType <> ""None"" and LicenseExpirationDate is not provided for PartyRoleType = ""Appraiser"""
523,UAD1551,2400.0054,other_conditional_scoped,not_loaded,,,0,,,,"If AppraiserLicenseType <> ""None"" and LicenseIdentifier is not provided for PartyRoleType = ""Appraiser"""
524,UAD1552,2400.0055,other_conditional_scoped,not_loaded,,,0,,,,"If AppraiserLicenseType <> ""None"" and LicenseIssuingAuthorityStateCode is not provided for PartyRoleType = ""Appraiser"""
525,UAD1554,2400.0056,required_structures,loaded_with_collected_tests,app/services/required_structure_required_data.py,evaluate_required_structure,1,data/uad36-test-suite/tests/fixtures/required_structures/required-structures-test-suite.ttl,tests/test_it_1_r3_s1_required_structure.py::test_it_1_r3_s1_detects_an_absent_required_structure[UAD1554],,"If no instances of PARTY with PartyRoleType = ""Appraiser"" are provided"
526,UAD1555,,single_equality_conditional,loaded_with_collected_tests,app/services/single_equality_required_data.py,evaluate_single_equality,3,data/uad36-test-suite/tests/fixtures/single_equality/test-suite.ttl,"tests/test_it_1_r2_single_equality_behavior.py::test_it_1_r2_s1_single_equality_behavior[UAD1555-nonmatching-missing]
tests/test_it_1_r2_single_equality_behavior.py::test_it_1_r2_s1_single_equality_behavior[UAD1555-matching-missing]
tests/test_it_1_r2_single_equality_behavior.py::test_it_1_r2_s1_single_equality_behavior[UAD1555-matching-supplied]",,"If PartyRoleType = ""Other"" and PartyRoleTypeOtherDescription is not provided in a given instance of ROLE_DETAIL"
527,UAD1556,2400.0080; 2400.0502,other_conditional_scoped,loaded_with_collected_tests,app/services/scoped_required_data.py,evaluate_scoped_rule,21,tests/fixtures/it_1/r1/s1/manifest.ttl,"tests/test_it_1_r1_s1_conditional_scoped_requirements.py::test_it_1_r1_s1_conditional_scoped_requirement[slice-02-IT-1R1S1-UAD1556-NoInspection-Physical-missing]
tests/test_it_1_r1_s1_conditional_scoped_requirements.py::test_it_1_r1_s1_conditional_scoped_requirement[slice-02-IT-1R1S1-UAD1556-NoInspection-Physical-supplied]
tests/test_it_1_r1_s1_conditional_scoped_requirements.py::test_it_1_r1_s1_conditional_scoped_requirement[slice-02-IT-1R1S1-UAD1556-NoInspection-Virtual-missing]
tests/test_it_1_r1_s1_conditional_scoped_requirements.py::test_it_1_r1_s1_conditional_scoped_requirement[slice-02-IT-1R1S1-UAD1556-NoInspection-Virtual-supplied]
tests/test_it_1_r1_s1_conditional_scoped_requirements.py::test_it_1_r1_s1_conditional_scoped_requirement[slice-02-IT-1R1S1-UAD1556-Physical-NoInspection-missing]
tests/test_it_1_r1_s1_conditional_scoped_requirements.py::test_it_1_r1_s1_conditional_scoped_requirement[slice-02-IT-1R1S1-UAD1556-Physical-NoInspection-supplied]
tests/test_it_1_r1_s1_conditional_scoped_requirements.py::test_it_1_r1_s1_conditional_scoped_requirement[slice-02-IT-1R1S1-UAD1556-Physical-Physical-missing]
tests/test_it_1_r1_s1_conditional_scoped_requirements.py::test_it_1_r1_s1_conditional_scoped_requirement[slice-02-IT-1R1S1-UAD1556-Physical-Physical-supplied]
tests/test_it_1_r1_s1_conditional_scoped_requirements.py::test_it_1_r1_s1_conditional_scoped_requirement[slice-02-IT-1R1S1-UAD1556-Physical-Virtual-missing]
tests/test_it_1_r1_s1_conditional_scoped_requirements.py::test_it_1_r1_s1_conditional_scoped_requirement[slice-02-IT-1R1S1-UAD1556-Physical-Virtual-supplied]
tests/test_it_1_r1_s1_conditional_scoped_requirements.py::test_it_1_r1_s1_conditional_scoped_requirement[slice-02-IT-1R1S1-UAD1556-Virtual-NoInspection-missing]
tests/test_it_1_r1_s1_conditional_scoped_requirements.py::test_it_1_r1_s1_conditional_scoped_requirement[slice-02-IT-1R1S1-UAD1556-Virtual-NoInspection-supplied]
tests/test_it_1_r1_s1_conditional_scoped_requirements.py::test_it_1_r1_s1_conditional_scoped_requirement[slice-02-IT-1R1S1-UAD1556-Virtual-Physical-missing]
tests/test_it_1_r1_s1_conditional_scoped_requirements.py::test_it_1_r1_s1_conditional_scoped_requirement[slice-02-IT-1R1S1-UAD1556-Virtual-Physical-supplied]
tests/test_it_1_r1_s1_conditional_scoped_requirements.py::test_it_1_r1_s1_conditional_scoped_requirement[slice-02-IT-1R1S1-UAD1556-Virtual-Virtual-missing]
tests/test_it_1_r1_s1_conditional_scoped_requirements.py::test_it_1_r1_s1_conditional_scoped_requirement[slice-02-IT-1R1S1-UAD1556-Virtual-Virtual-supplied]
tests/test_it_1_r1_s1_conditional_scoped_requirements.py::test_it_1_r1_s1_conditional_scoped_requirement[slice-02-IT-1R1S1-UAD1556-first-missing-second-supplied]
tests/test_it_1_r1_s1_conditional_scoped_requirements.py::test_it_1_r1_s1_conditional_scoped_requirement[slice-02-IT-1R1S1-UAD1556-first-supplied-second-missing]
tests/test_it_1_r1_s1_conditional_scoped_requirements.py::test_it_1_r1_s1_conditional_scoped_requirement[slice-02-IT-1R1S1-UAD1556-neither-not-applicable]
tests/test_it_1_r1_s1_conditional_scoped_requirements.py::test_it_1_r1_s1_conditional_scoped_requirement[slice-02-IT-1R1S1-UAD1556-nonapplicable-with-compliant-neighbor]
tests/test_it_1_r1_s1_conditional_scoped_requirements.py::test_it_1_r1_s1_conditional_scoped_requirement[slice-02-IT-1R1S1-UAD1556-two-applicable-missing]",,"If (PropertyExteriorInspectionMethodType = ""Physical"" or ""Virtual""), or (PropertyInteriorInspectionMethodType = ""Physical"" or ""Virtual""), and InspectionDate is not provided in a given instance of INSPECTION_DETAIL"
528,UAD1557,2400.0080; 2400.0502,date_chronology,loaded_with_collected_tests,app/services/date_chronology_required_data.py,evaluate_date_chronology,1,tests/fixtures/it_1/r11/s1/manifest.ttl,tests/test_it_1_r11_s1_date_chronology.py::test_it_1_r11_s1_rejects_prohibited_date_relationship[UAD1557-equal-effective-date],,If InspectionDate > AppraisalReportEffectiveDate
529,UAD1558,2400.0081; 2400.0503,existing_context_required,loaded_with_collected_tests,app/services/existing_context_required_data.py,evaluate_existing_context_required,1,data/uad36-test-suite/tests/fixtures/existing_context_required/test-suite.ttl,tests/test_it_1_r8_s1_existing_context_required.py::test_it_1_r8_s1_detects_missing_data_inside_existing_context[UAD1558],,If PropertyExteriorInspectionMethodType is not provided in a given instance of INSPECTION_DETAIL
530,UAD1559,2400.0082; 2400.0504,existing_context_required,loaded_with_collected_tests,app/services/existing_context_required_data.py,evaluate_existing_context_required,1,data/uad36-test-suite/tests/fixtures/existing_context_required/test-suite.ttl,tests/test_it_1_r8_s1_existing_context_required.py::test_it_1_r8_s1_detects_missing_data_inside_existing_context[UAD1559],,If PropertyInteriorInspectionMethodType is not provided in a given instance of INSPECTION_DETAIL
531,UAD1560,2400.0295,other_conditional_scoped,not_loaded,,,0,,,,"If PartyRoleType = ""Lender"" or ""ManagementCompany"" and FullName is not provided"
532,UAD1561,2400.0405,single_equality_conditional,loaded_with_collected_tests,app/services/single_equality_required_data.py,evaluate_single_equality,3,data/uad36-test-suite/tests/fixtures/single_equality/test-suite.ttl,"tests/test_it_1_r2_single_equality_behavior.py::test_it_1_r2_s1_single_equality_behavior[UAD1561-nonmatching-missing]
tests/test_it_1_r2_single_equality_behavior.py::test_it_1_r2_s1_single_equality_behavior[UAD1561-matching-missing]
tests/test_it_1_r2_single_equality_behavior.py::test_it_1_r2_s1_single_equality_behavior[UAD1561-matching-supplied]",,"If PartyRoleType = ""SignificantRealPropertyAppraisalAssistance"" and FirstName is not provided"
533,UAD1562,2400.0406,single_equality_conditional,loaded_with_collected_tests,app/services/single_equality_required_data.py,evaluate_single_equality,3,data/uad36-test-suite/tests/fixtures/single_equality/test-suite.ttl,"tests/test_it_1_r2_single_equality_behavior.py::test_it_1_r2_s1_single_equality_behavior[UAD1562-nonmatching-missing]
tests/test_it_1_r2_single_equality_behavior.py::test_it_1_r2_s1_single_equality_behavior[UAD1562-matching-missing]
tests/test_it_1_r2_single_equality_behavior.py::test_it_1_r2_s1_single_equality_behavior[UAD1562-matching-supplied]",,"If PartyRoleType = ""SignificantRealPropertyAppraisalAssistance"" and LastName is not provided"
534,UAD1563,2400.0413,single_equality_conditional,loaded_with_collected_tests,app/services/single_equality_required_data.py,evaluate_single_equality,3,data/uad36-test-suite/tests/fixtures/single_equality/test-suite.ttl,"tests/test_it_1_r2_single_equality_behavior.py::test_it_1_r2_s1_single_equality_behavior[UAD1563-nonmatching-missing]
tests/test_it_1_r2_single_equality_behavior.py::test_it_1_r2_s1_single_equality_behavior[UAD1563-matching-missing]
tests/test_it_1_r2_single_equality_behavior.py::test_it_1_r2_s1_single_equality_behavior[UAD1563-matching-supplied]",,"If PartyRoleType = ""SignificantRealPropertyAppraisalAssistance"" and PartyRoleTypeAdditionalDescription is not provided"
535,UAD1568,2500.0002,other_conditional_scoped,loaded_with_collected_tests,app/services/scoped_required_data.py,evaluate_scoped_rule,9,tests/fixtures/it_1/r1/s1/manifest.ttl,"tests/test_it_1_r1_s1_conditional_scoped_requirements.py::test_it_1_r1_s1_conditional_scoped_requirement[slice-02-IT-1R1S1-UAD1568-BoatSlip-missing]
tests/test_it_1_r1_s1_conditional_scoped_requirements.py::test_it_1_r1_s1_conditional_scoped_requirement[slice-02-IT-1R1S1-UAD1568-BoatSlip-supplied]
tests/test_it_1_r1_s1_conditional_scoped_requirements.py::test_it_1_r1_s1_conditional_scoped_requirement[slice-02-IT-1R1S1-UAD1568-Clubhouse-not-applicable]
tests/test_it_1_r1_s1_conditional_scoped_requirements.py::test_it_1_r1_s1_conditional_scoped_requirement[slice-02-IT-1R1S1-UAD1568-UnitStorage-missing]
tests/test_it_1_r1_s1_conditional_scoped_requirements.py::test_it_1_r1_s1_conditional_scoped_requirement[slice-02-IT-1R1S1-UAD1568-UnitStorage-supplied]
tests/test_it_1_r1_s1_conditional_scoped_requirements.py::test_it_1_r1_s1_conditional_scoped_requirement[slice-02-IT-1R1S1-UAD1568-first-missing-second-supplied]
tests/test_it_1_r1_s1_conditional_scoped_requirements.py::test_it_1_r1_s1_conditional_scoped_requirement[slice-02-IT-1R1S1-UAD1568-first-supplied-second-missing]
tests/test_it_1_r1_s1_conditional_scoped_requirements.py::test_it_1_r1_s1_conditional_scoped_requirement[slice-02-IT-1R1S1-UAD1568-nonapplicable-with-compliant-neighbor]
tests/test_it_1_r1_s1_conditional_scoped_requirements.py::test_it_1_r1_s1_conditional_scoped_requirement[slice-02-IT-1R1S1-UAD1568-two-applicable-missing]",,"If AmenityType = ""BoatSlip"" or ""UnitStorage"", and AmenityOwnershipType is not provided in a given instance of PROJECT_AMENITY"
536,UAD1569,2500.0003,single_equality_conditional,loaded_with_collected_tests,app/services/single_equality_required_data.py,evaluate_single_equality,3,data/uad36-test-suite/tests/fixtures/single_equality/test-suite.ttl,"tests/test_it_1_r2_single_equality_behavior.py::test_it_1_r2_s1_single_equality_behavior[UAD1569-nonmatching-missing]
tests/test_it_1_r2_single_equality_behavior.py::test_it_1_r2_s1_single_equality_behavior[UAD1569-matching-missing]
tests/test_it_1_r2_single_equality_behavior.py::test_it_1_r2_s1_single_equality_behavior[UAD1569-matching-supplied]",,"If AmenityOwnershipType = ""Other"" and AmenityOwnershipTypeOtherDescription is not provided in a given instance of PROJECT_AMENITY"
537,UAD1570,,required_structures,loaded_with_collected_tests,app/services/required_structure_required_data.py,evaluate_required_structure,1,data/uad36-test-suite/tests/fixtures/required_structures/required-structures-test-suite.ttl,tests/test_it_1_r3_s1_required_structure.py::test_it_1_r3_s1_detects_an_absent_required_structure[UAD1570],,"If (PUDIndicator = ""true"" or PropertyInProjectIndicator = ""true""), and (at least one instance of PROJECT_AMENITY is not provided or AmenityType is not provided in a given instance of PROJECT_AMENITY)"
538,UAD1571,2500.0005,single_equality_conditional,loaded_with_collected_tests,app/services/single_equality_required_data.py,evaluate_single_equality,3,data/uad36-test-suite/tests/fixtures/single_equality/test-suite.ttl,"tests/test_it_1_r2_single_equality_behavior.py::test_it_1_r2_s1_single_equality_behavior[UAD1571-nonmatching-missing]
tests/test_it_1_r2_single_equality_behavior.py::test_it_1_r2_s1_single_equality_behavior[UAD1571-matching-missing]
tests/test_it_1_r2_single_equality_behavior.py::test_it_1_r2_s1_single_equality_behavior[UAD1571-matching-supplied]",,"If AmenityType = ""Other"" and AmenityTypeOtherDescription is not provided in a given instance of PROJECT_AMENITY"
539,UAD1572,2500.0006,required_structures,loaded_with_collected_tests,app/services/required_structure_required_data.py,evaluate_required_structure,1,data/uad36-test-suite/tests/fixtures/required_structures/required-structures-test-suite.ttl,tests/test_it_1_r3_s1_required_structure.py::test_it_1_r3_s1_detects_an_absent_required_structure[UAD1572],,"IF PropertyInProjectIndicator = ""true"" or PUDIndicator = ""true"", and there is no instance of ASSOCIATION_CHARGE with AssociationChargeType = ""AssociationDues"""
540,UAD1573,2500.0007,other_conditional_scoped,loaded_with_collected_tests,app/services/scoped_required_data.py,evaluate_scoped_rule,7,tests/fixtures/it_1/r1/s1/manifest.ttl,"tests/test_it_1_r1_s1_conditional_scoped_requirements.py::test_it_1_r1_s1_conditional_scoped_requirement[slice-02-IT-1R1S1-UAD1573-AssociationDues-missing]
tests/test_it_1_r1_s1_conditional_scoped_requirements.py::test_it_1_r1_s1_conditional_scoped_requirement[slice-02-IT-1R1S1-UAD1573-AssociationDues-supplied]
tests/test_it_1_r1_s1_conditional_scoped_requirements.py::test_it_1_r1_s1_conditional_scoped_requirement[slice-02-IT-1R1S1-UAD1573-OwnershipTransferFee-not-applicable]
tests/test_it_1_r1_s1_conditional_scoped_requirements.py::test_it_1_r1_s1_conditional_scoped_requirement[slice-02-IT-1R1S1-UAD1573-first-missing-second-supplied]
tests/test_it_1_r1_s1_conditional_scoped_requirements.py::test_it_1_r1_s1_conditional_scoped_requirement[slice-02-IT-1R1S1-UAD1573-first-supplied-second-missing]
tests/test_it_1_r1_s1_conditional_scoped_requirements.py::test_it_1_r1_s1_conditional_scoped_requirement[slice-02-IT-1R1S1-UAD1573-nonapplicable-with-compliant-neighbor]
tests/test_it_1_r1_s1_conditional_scoped_requirements.py::test_it_1_r1_s1_conditional_scoped_requirement[slice-02-IT-1R1S1-UAD1573-two-applicable-missing]",,"If AssociationChargeType = ""AssociationDues"" and AssociationChargeAmount is not provided in the given instance of ASSOCIATION_CHARGE"
541,UAD1574,2500.0008,value_cross_field_consistency,loaded_with_collected_tests,app/services/value_consistency_required_data.py,evaluate_value_consistency,1,tests/fixtures/it_1/r10/s1/test-suite.ttl,tests/test_it_1_r10_s1_value_cross_field_consistency.py::test_it_1_r10_s1_rejects_inconsistent_field_values[UAD1574],,"If AssociationChargeType = ""AssociationDues"", and AssociationChargePeriodType is either not provided, or not = ""Monthly"" in the given instance of ASSOCIATION_CHARGE"
542,UAD1575,2500.0009,required_structures,loaded_with_collected_tests,app/services/required_structure_required_data.py,evaluate_required_structure,1,data/uad36-test-suite/tests/fixtures/required_structures/required-structures-test-suite.ttl,tests/test_it_1_r3_s1_required_structure.py::test_it_1_r3_s1_detects_an_absent_required_structure[UAD1575],,"If AssociationChargeType = ""AssociationDues"" and (at least one instance of ASSOCIATION_CHARGE_INCLUDES_UTILITY is not provided or AssociationChargeIncludesUtilityType is not provided in the given instance of ASSOCIATION_CHARGE_INCLUDES_UTILITY)"
543,UAD1576,2500.0010,single_equality_conditional,loaded_with_collected_tests,app/services/single_equality_required_data.py,evaluate_single_equality,3,data/uad36-test-suite/tests/fixtures/single_equality/test-suite.ttl,"tests/test_it_1_r2_single_equality_behavior.py::test_it_1_r2_s1_single_equality_behavior[UAD1576-nonmatching-missing]
tests/test_it_1_r2_single_equality_behavior.py::test_it_1_r2_s1_single_equality_behavior[UAD1576-matching-missing]
tests/test_it_1_r2_single_equality_behavior.py::test_it_1_r2_s1_single_equality_behavior[UAD1576-matching-supplied]",,"If AssociationChargeIncludesUtilityType = ""Other"" and AssociationChargeIncludesUtilityTypeOtherDescription is not provided in a given instance of ASSOCIATION_CHARGE_INCLUDES_UTILITY"
544,UAD1577,2500.0012,required_structures,loaded_with_collected_tests,app/services/required_structure_required_data.py,evaluate_required_structure,1,data/uad36-test-suite/tests/fixtures/required_structures/required-structures-test-suite.ttl,tests/test_it_1_r3_s1_required_structure.py::test_it_1_r3_s1_detects_an_absent_required_structure[UAD1577],,"If PropertyInProjectIndicator = ""true"" or PUDIndicator = ""true"", and there is no instance of ASSOCIATION_CHARGE with AssociationChargeType = ""AssociationSpecialAssessment"""
545,UAD1578,2500.0013,other_conditional_scoped,loaded_with_collected_tests,app/services/scoped_required_data.py,evaluate_scoped_rule,10,tests/fixtures/it_1/r1/s1/manifest.ttl,"tests/test_it_1_r1_s1_conditional_scoped_requirements.py::test_it_1_r1_s1_conditional_scoped_requirement[slice-02-IT-1R1S1-UAD1578-conditions-split-between-instances]
tests/test_it_1_r1_s1_conditional_scoped_requirements.py::test_it_1_r1_s1_conditional_scoped_requirement[slice-02-IT-1R1S1-UAD1578-existing-assessment-missing]
tests/test_it_1_r1_s1_conditional_scoped_requirements.py::test_it_1_r1_s1_conditional_scoped_requirement[slice-02-IT-1R1S1-UAD1578-existing-assessment-supplied]
tests/test_it_1_r1_s1_conditional_scoped_requirements.py::test_it_1_r1_s1_conditional_scoped_requirement[slice-02-IT-1R1S1-UAD1578-first-missing-second-supplied]
tests/test_it_1_r1_s1_conditional_scoped_requirements.py::test_it_1_r1_s1_conditional_scoped_requirement[slice-02-IT-1R1S1-UAD1578-first-supplied-second-missing]
tests/test_it_1_r1_s1_conditional_scoped_requirements.py::test_it_1_r1_s1_conditional_scoped_requirement[slice-02-IT-1R1S1-UAD1578-neither-not-applicable]
tests/test_it_1_r1_s1_conditional_scoped_requirements.py::test_it_1_r1_s1_conditional_scoped_requirement[slice-02-IT-1R1S1-UAD1578-nonapplicable-with-compliant-neighbor]
tests/test_it_1_r1_s1_conditional_scoped_requirements.py::test_it_1_r1_s1_conditional_scoped_requirement[slice-02-IT-1R1S1-UAD1578-proposed-assessment-not-applicable]
tests/test_it_1_r1_s1_conditional_scoped_requirements.py::test_it_1_r1_s1_conditional_scoped_requirement[slice-02-IT-1R1S1-UAD1578-two-applicable-missing]
tests/test_it_1_r1_s1_conditional_scoped_requirements.py::test_it_1_r1_s1_conditional_scoped_requirement[slice-02-IT-1R1S1-UAD1578-wrong-charge-not-applicable]",,"If AssociationChargeType = ""AssociationSpecialAssessment"" and AssociationSpecialAssessmentStatusType = ""Existing"", and AssociationChargeBalanceAmount is not provided"
546,UAD1579,2500.0019,single_equality_conditional,loaded_with_collected_tests,app/services/single_equality_required_data.py,evaluate_single_equality,3,data/uad36-test-suite/tests/fixtures/single_equality/test-suite.ttl,"tests/test_it_1_r2_single_equality_behavior.py::test_it_1_r2_s1_single_equality_behavior[UAD1579-nonmatching-missing]
tests/test_it_1_r2_single_equality_behavior.py::test_it_1_r2_s1_single_equality_behavior[UAD1579-matching-missing]
tests/test_it_1_r2_single_equality_behavior.py::test_it_1_r2_s1_single_equality_behavior[UAD1579-matching-supplied]",,"If PropertyInProjectIndicator = ""true"" and OwnershipTransferFeeIndicator is not provided"
547,UAD1580,2500.0023,other_conditional_scoped,not_loaded,,,0,,,,"If ProjectLegalStructureType = ""Cooperative"" or ""Condop"", and CooperativeProprietaryLeaseExpirationDate is not provided"
548,UAD1581,2500.0024,other_conditional_scoped,not_loaded,,,0,,,,"If ProjectLegalStructureType = ""Cooperative"" or ""Condop"", and PropertyCooperativeSharesCount is not provided"
549,UAD1582,2500.0025,single_equality_conditional,loaded_with_collected_tests,app/services/single_equality_required_data.py,evaluate_single_equality,3,data/uad36-test-suite/tests/fixtures/single_equality/test-suite.ttl,"tests/test_it_1_r2_single_equality_behavior.py::test_it_1_r2_s1_single_equality_behavior[UAD1582-nonmatching-missing]
tests/test_it_1_r2_single_equality_behavior.py::test_it_1_r2_s1_single_equality_behavior[UAD1582-matching-missing]
tests/test_it_1_r2_single_equality_behavior.py::test_it_1_r2_s1_single_equality_behavior[UAD1582-matching-supplied]",,"If ProjectBlanketFinancingIndicator = ""true"" and ProRataSharePercent is not provided"
550,UAD1583,2500.0031,single_equality_conditional,loaded_with_collected_tests,app/services/required_data.py,evaluate_required_data (ConditionalRule),3,data/uad36-test-suite/tests/fixtures/single_equality/test-suite.ttl,"tests/test_it_1_r2_single_equality_behavior.py::test_it_1_r2_s1_single_equality_behavior[UAD1583-nonmatching-missing]
tests/test_it_1_r2_single_equality_behavior.py::test_it_1_r2_s1_single_equality_behavior[UAD1583-matching-missing]
tests/test_it_1_r2_single_equality_behavior.py::test_it_1_r2_s1_single_equality_behavior[UAD1583-matching-supplied]",,"If PropertyInProjectIndicator = ""true"" and ProjectAnalysisGroundRentIndicator is not provided"
551,UAD1584,2500.0032,single_equality_conditional,loaded_with_collected_tests,app/services/required_data.py,evaluate_required_data (ConditionalRule),3,data/uad36-test-suite/tests/fixtures/single_equality/test-suite.ttl,"tests/test_it_1_r2_single_equality_behavior.py::test_it_1_r2_s1_single_equality_behavior[UAD1584-nonmatching-missing]
tests/test_it_1_r2_single_equality_behavior.py::test_it_1_r2_s1_single_equality_behavior[UAD1584-matching-missing]
tests/test_it_1_r2_single_equality_behavior.py::test_it_1_r2_s1_single_equality_behavior[UAD1584-matching-supplied]",,"If ProjectDeficiencyObservedIndicator = ""true"" and ProjectConditionAndQualityDescription is not provided"
552,UAD1585,2500.0033,single_equality_conditional,loaded_with_collected_tests,app/services/required_data.py,evaluate_required_data (ConditionalRule),3,data/uad36-test-suite/tests/fixtures/single_equality/test-suite.ttl,"tests/test_it_1_r2_single_equality_behavior.py::test_it_1_r2_s1_single_equality_behavior[UAD1585-nonmatching-missing]
tests/test_it_1_r2_single_equality_behavior.py::test_it_1_r2_s1_single_equality_behavior[UAD1585-matching-missing]
tests/test_it_1_r2_single_equality_behavior.py::test_it_1_r2_s1_single_equality_behavior[UAD1585-matching-supplied]",,"If PropertyInProjectIndicator = ""true"" and ProjectDeficiencyObservedIndicator is not provided"
553,UAD1586,2500.0036,single_equality_conditional,loaded_with_collected_tests,app/services/single_equality_required_data.py,evaluate_single_equality,3,data/uad36-test-suite/tests/fixtures/single_equality/test-suite.ttl,"tests/test_it_1_r2_single_equality_behavior.py::test_it_1_r2_s1_single_equality_behavior[UAD1586-nonmatching-missing]
tests/test_it_1_r2_single_equality_behavior.py::test_it_1_r2_s1_single_equality_behavior[UAD1586-matching-missing]
tests/test_it_1_r2_single_equality_behavior.py::test_it_1_r2_s1_single_equality_behavior[UAD1586-matching-supplied]",,"If ProjectBlanketFinancingIndicator = ""true"" and BalloonIndicator is not provided in a given instance of PROJECT_BLANKET_FINANCING"
554,UAD1587,2500.0041,single_equality_conditional,loaded_with_collected_tests,app/services/single_equality_required_data.py,evaluate_single_equality,3,data/uad36-test-suite/tests/fixtures/single_equality/test-suite.ttl,"tests/test_it_1_r2_single_equality_behavior.py::test_it_1_r2_s1_single_equality_behavior[UAD1587-nonmatching-missing]
tests/test_it_1_r2_single_equality_behavior.py::test_it_1_r2_s1_single_equality_behavior[UAD1587-matching-missing]
tests/test_it_1_r2_single_equality_behavior.py::test_it_1_r2_s1_single_equality_behavior[UAD1587-matching-supplied]",,"If ProjectBlanketFinancingIndicator = ""true"" and LoanRemainingMaturityTermMonthsCount is not provided in a given instance of PROJECT_BLANKET_FINANCING"
555,UAD1588,2500.0044,other_conditional_scoped,not_loaded,,,0,,,,"If ProjectBlanketFinancingIndicator = ""true"", and LineOfCreditIndicator = ""false"", and UPBProRataShareAttributableToUnitAmount is not provided in a given instance of PROJECT_BLANKET_FINANCING"
556,UAD1589,2500.0046,other_conditional_scoped,not_loaded,,,0,,,,"If ProjectBlanketFinancingIndicator = ""true"", and LineOfCreditIndicator = ""false"", and UPBAmount is not provided in a given instance of PROJECT_BLANKET_FINANCING"
557,UAD1590,2500.0048,single_equality_conditional,loaded_with_collected_tests,app/services/required_data.py,evaluate_required_data (ConditionalRule),3,data/uad36-test-suite/tests/fixtures/single_equality/test-suite.ttl,"tests/test_it_1_r2_single_equality_behavior.py::test_it_1_r2_s1_single_equality_behavior[UAD1590-nonmatching-missing]
tests/test_it_1_r2_single_equality_behavior.py::test_it_1_r2_s1_single_equality_behavior[UAD1590-matching-missing]
tests/test_it_1_r2_single_equality_behavior.py::test_it_1_r2_s1_single_equality_behavior[UAD1590-matching-supplied]",,"If PropertyInProjectIndicator = ""true"" and ProjectConversionIndicator is not provided"
558,UAD1591,2500.0049,other_conditional_scoped,not_loaded,,,0,,,,"If (PropertyInProjectIndicator = ""true"" and ProjectConversionIndicator = ""true""), and ProjectConversionOriginalUseType is not provided"
559,UAD1592,2500.0050,single_equality_conditional,loaded_with_collected_tests,app/services/single_equality_required_data.py,evaluate_single_equality,3,data/uad36-test-suite/tests/fixtures/single_equality/test-suite.ttl,"tests/test_it_1_r2_single_equality_behavior.py::test_it_1_r2_s1_single_equality_behavior[UAD1592-nonmatching-missing]
tests/test_it_1_r2_single_equality_behavior.py::test_it_1_r2_s1_single_equality_behavior[UAD1592-matching-missing]
tests/test_it_1_r2_single_equality_behavior.py::test_it_1_r2_s1_single_equality_behavior[UAD1592-matching-supplied]",,"If ProjectConversionOriginalUseType = ""Other"" and ProjectConversionOriginalUseTypeOtherDescription is not provided"
560,UAD1593,2500.0051,other_conditional_scoped,not_loaded,,,0,,,,"If (PropertyInProjectIndicator = ""true"" or PUDIndicator = ""true"") and LegalActionIndicator is not provided"
561,UAD1594,2500.0055,single_equality_conditional,loaded_with_collected_tests,app/services/required_data.py,evaluate_required_data (ConditionalRule),3,data/uad36-test-suite/tests/fixtures/single_equality/test-suite.ttl,"tests/test_it_1_r2_single_equality_behavior.py::test_it_1_r2_s1_single_equality_behavior[UAD1594-nonmatching-missing]
tests/test_it_1_r2_single_equality_behavior.py::test_it_1_r2_s1_single_equality_behavior[UAD1594-matching-missing]
tests/test_it_1_r2_single_equality_behavior.py::test_it_1_r2_s1_single_equality_behavior[UAD1594-matching-supplied]",,"If PropertyInProjectIndicator = ""true"" and ProjectCommercialSpaceIndicator is not provided"
562,UAD1595,2500.0057,other_conditional_scoped,not_loaded,,,0,,,,"If PropertyInProjectIndicator = ""true"", and ProjectCommercialSpaceIndicator = ""true"", and ProjectCommercialSpacePercent is not provided"
563,UAD1596,2500.0058,single_equality_conditional,loaded_with_collected_tests,app/services/required_data.py,evaluate_required_data (ConditionalRule),3,data/uad36-test-suite/tests/fixtures/single_equality/test-suite.ttl,"tests/test_it_1_r2_single_equality_behavior.py::test_it_1_r2_s1_single_equality_behavior[UAD1596-nonmatching-missing]
tests/test_it_1_r2_single_equality_behavior.py::test_it_1_r2_s1_single_equality_behavior[UAD1596-matching-missing]
tests/test_it_1_r2_single_equality_behavior.py::test_it_1_r2_s1_single_equality_behavior[UAD1596-matching-supplied]",,"If PropertyInProjectIndicator = ""true"" and ProjectCompletedIndicator is not provided"
564,UAD1597,2500.0060,single_equality_conditional,loaded_with_collected_tests,app/services/required_data.py,evaluate_required_data (ConditionalRule),3,data/uad36-test-suite/tests/fixtures/single_equality/test-suite.ttl,"tests/test_it_1_r2_single_equality_behavior.py::test_it_1_r2_s1_single_equality_behavior[UAD1597-nonmatching-missing]
tests/test_it_1_r2_single_equality_behavior.py::test_it_1_r2_s1_single_equality_behavior[UAD1597-matching-missing]
tests/test_it_1_r2_single_equality_behavior.py::test_it_1_r2_s1_single_equality_behavior[UAD1597-matching-supplied]",,"If PropertyInProjectIndicator = ""true"" and ProjectDwellingUnitCount is not provided"
565,UAD1598,2500.0061,single_equality_conditional,loaded_with_collected_tests,app/services/required_data.py,evaluate_required_data (ConditionalRule),3,data/uad36-test-suite/tests/fixtures/single_equality/test-suite.ttl,"tests/test_it_1_r2_single_equality_behavior.py::test_it_1_r2_s1_single_equality_behavior[UAD1598-nonmatching-missing]
tests/test_it_1_r2_single_equality_behavior.py::test_it_1_r2_s1_single_equality_behavior[UAD1598-matching-missing]
tests/test_it_1_r2_single_equality_behavior.py::test_it_1_r2_s1_single_equality_behavior[UAD1598-matching-supplied]",,"If PropertyInProjectIndicator = ""true"" and ProjectDwellingUnitsForSaleCount is not provided"
566,UAD1599,2500.0062,single_equality_conditional,loaded_with_collected_tests,app/services/required_data.py,evaluate_required_data (ConditionalRule),3,data/uad36-test-suite/tests/fixtures/single_equality/test-suite.ttl,"tests/test_it_1_r2_single_equality_behavior.py::test_it_1_r2_s1_single_equality_behavior[UAD1599-nonmatching-missing]
tests/test_it_1_r2_single_equality_behavior.py::test_it_1_r2_s1_single_equality_behavior[UAD1599-matching-missing]
tests/test_it_1_r2_single_equality_behavior.py::test_it_1_r2_s1_single_equality_behavior[UAD1599-matching-supplied]",,"If PropertyInProjectIndicator = ""true"" and ProjectDwellingUnitsRentedCount is not provided"
567,UAD1600,2500.0064,single_equality_conditional,loaded_with_collected_tests,app/services/required_data.py,evaluate_required_data (ConditionalRule),3,data/uad36-test-suite/tests/fixtures/single_equality/test-suite.ttl,"tests/test_it_1_r2_single_equality_behavior.py::test_it_1_r2_s1_single_equality_behavior[UAD1600-nonmatching-missing]
tests/test_it_1_r2_single_equality_behavior.py::test_it_1_r2_s1_single_equality_behavior[UAD1600-matching-missing]
tests/test_it_1_r2_single_equality_behavior.py::test_it_1_r2_s1_single_equality_behavior[UAD1600-matching-supplied]",,"If PropertyInProjectIndicator = ""true"" and ProjectDwellingUnitsSoldCount is not provided"
568,UAD1601,2500.0066,other_conditional_scoped,not_loaded,,,0,,,,"If (PropertyInProjectIndicator = ""true"" and ProjectCompletedIndicator = ""false"") and SubjectBuildingCompletedIndicator is not provided"
569,UAD1602,2500.0067,other_conditional_scoped,not_loaded,,,0,,,,"If (PropertyInProjectIndicator = ""true"" or PUDIndicator = ""true"") and ProjectDeveloperOrSponsorControlsProjectManagementIndicator is not provided"
570,UAD1603,2500.0071,required_structures,loaded_with_collected_tests,app/services/required_structure_required_data.py,evaluate_required_structure,1,data/uad36-test-suite/tests/fixtures/required_structures/required-structures-test-suite.ttl,tests/test_it_1_r3_s1_required_structure.py::test_it_1_r3_s1_detects_an_absent_required_structure[UAD1603],,"If ProjectCompletedIndicator = ""false"" and (at least one instance of PROJECT_COMPONENT is not provided or ProjectComponentCategoryType is not provided in a given instance of PROJECT_COMPONENT)"
571,UAD1604,2500.0072,single_equality_conditional,loaded_with_collected_tests,app/services/single_equality_required_data.py,evaluate_single_equality,3,data/uad36-test-suite/tests/fixtures/single_equality/test-suite.ttl,"tests/test_it_1_r2_single_equality_behavior.py::test_it_1_r2_s1_single_equality_behavior[UAD1604-nonmatching-missing]
tests/test_it_1_r2_single_equality_behavior.py::test_it_1_r2_s1_single_equality_behavior[UAD1604-matching-missing]
tests/test_it_1_r2_single_equality_behavior.py::test_it_1_r2_s1_single_equality_behavior[UAD1604-matching-supplied]",,"If ProjectComponentCategoryType = ""Other"" and ProjectComponentCategoryTypeOtherDescription is not provided in a given instance of PROJECT_COMPONENT"
572,UAD1605,2500.0073,value_cross_field_consistency,loaded_with_collected_tests,app/services/value_consistency_required_data.py,evaluate_value_consistency,1,tests/fixtures/it_1/r10/s1/test-suite.ttl,tests/test_it_1_r10_s1_value_cross_field_consistency.py::test_it_1_r10_s1_rejects_inconsistent_field_values[UAD1605],,"If ProjectCompletedIndicator = ""false"" and ProjectComponentCompletedIndicator is not = ""false"" in a given instance of PROJECT_COMPONENT"
573,UAD1606,2500.0074,other_conditional_scoped,not_loaded,,,0,,,,"If ProjectLegalStructureType = ""Cooperative"" or ""Condop"", and ProjectBlanketFinancingIndicator is not provided"
574,UAD1607,2500.0075,other_conditional_scoped,not_loaded,,,0,,,,"If ProjectLegalStructureType = ""Cooperative"" or ""Condop"", and ProjectTotalSharesIssuedAndOutstandingCount is not provided"
575,UAD1608,2500.0076,other_conditional_scoped,not_loaded,,,0,,,,"If ProjectLegalStructureType = ""Cooperative"" or ""Condop"", and SingleEntityGreatestNumberOfSharesCount is not provided"
576,UAD1609,2500.0078,single_equality_conditional,loaded_with_collected_tests,app/services/single_equality_required_data.py,evaluate_single_equality,3,data/uad36-test-suite/tests/fixtures/single_equality/test-suite.ttl,"tests/test_it_1_r2_single_equality_behavior.py::test_it_1_r2_s1_single_equality_behavior[UAD1609-nonmatching-missing]
tests/test_it_1_r2_single_equality_behavior.py::test_it_1_r2_s1_single_equality_behavior[UAD1609-matching-missing]
tests/test_it_1_r2_single_equality_behavior.py::test_it_1_r2_s1_single_equality_behavior[UAD1609-matching-supplied]",,"If ProjectLegalStructureType = ""Condominium"" and SingleEntityGreatestNumberOfUnitsCount is not provided"
577,UAD1610,2500.0081,other_conditional_scoped,not_loaded,,,0,,,,"If (PropertyInProjectIndicator = ""true"" or PUDIndicator = ""true"") and PropertyTaxAbatementsOrExemptionsIndicator is not provided"
578,UAD1611,2500.0084,date_chronology,loaded_with_collected_tests,app/services/date_chronology_required_data.py,evaluate_date_chronology,2,tests/fixtures/it_1/r11/s1/manifest.ttl,"tests/test_it_1_r11_s1_date_chronology.py::test_it_1_r11_s1_rejects_prohibited_date_relationship[UAD1611-equal-effective-month]
tests/test_it_1_r11_s1_date_chronology.py::test_it_1_r11_s1_rejects_prohibited_date_relationship[UAD1611-same-month-earlier-day]",,If TaxAbatementsOrExemptionsExpirationDate < YYYY-MM of AppraisalReportEffectiveDate
579,UAD1612,2500.0151,single_equality_conditional,loaded_with_collected_tests,app/services/single_equality_required_data.py,evaluate_single_equality,3,data/uad36-test-suite/tests/fixtures/single_equality/test-suite.ttl,"tests/test_it_1_r2_single_equality_behavior.py::test_it_1_r2_s1_single_equality_behavior[UAD1612-nonmatching-missing]
tests/test_it_1_r2_single_equality_behavior.py::test_it_1_r2_s1_single_equality_behavior[UAD1612-matching-missing]
tests/test_it_1_r2_single_equality_behavior.py::test_it_1_r2_s1_single_equality_behavior[UAD1612-matching-supplied]",,"If ProjectBlanketFinancingIndicator = ""true"" and LineOfCreditIndicator is not provided in a given instance of PROJECT_BLANKET_FINANCING"
580,UAD1613,2500.0163,other_conditional_scoped,loaded_with_collected_tests,app/services/scoped_required_data.py,evaluate_scoped_rule,7,tests/fixtures/it_1/r1/s1/manifest.ttl,"tests/test_it_1_r1_s1_conditional_scoped_requirements.py::test_it_1_r1_s1_conditional_scoped_requirement[slice-02-IT-1R1S1-UAD1613-AssociationDues-not-applicable]
tests/test_it_1_r1_s1_conditional_scoped_requirements.py::test_it_1_r1_s1_conditional_scoped_requirement[slice-02-IT-1R1S1-UAD1613-AssociationSpecialAssessment-missing]
tests/test_it_1_r1_s1_conditional_scoped_requirements.py::test_it_1_r1_s1_conditional_scoped_requirement[slice-02-IT-1R1S1-UAD1613-AssociationSpecialAssessment-supplied]
tests/test_it_1_r1_s1_conditional_scoped_requirements.py::test_it_1_r1_s1_conditional_scoped_requirement[slice-02-IT-1R1S1-UAD1613-first-missing-second-supplied]
tests/test_it_1_r1_s1_conditional_scoped_requirements.py::test_it_1_r1_s1_conditional_scoped_requirement[slice-02-IT-1R1S1-UAD1613-first-supplied-second-missing]
tests/test_it_1_r1_s1_conditional_scoped_requirements.py::test_it_1_r1_s1_conditional_scoped_requirement[slice-02-IT-1R1S1-UAD1613-nonapplicable-with-compliant-neighbor]
tests/test_it_1_r1_s1_conditional_scoped_requirements.py::test_it_1_r1_s1_conditional_scoped_requirement[slice-02-IT-1R1S1-UAD1613-two-applicable-missing]",,"If AssociationChargeType = ""AssociationSpecialAssessment"" and AssociationSpecialAssessmentStatusType is not provided in the given instance of ASSOCIATION_CHARGE"
581,UAD1614,2500.0165,relationship_reference_integrity,loaded_with_collected_tests,app/services/relationship_reference_required_data.py,evaluate_relationship_reference,1,data/uad36-test-suite/tests/fixtures/relationship_reference_integrity/test-suite.ttl,tests/test_it_1_r9_s1_relationship_reference_integrity.py::test_it_1_r9_s1_rejects_invalid_relationship_or_reference[UAD1614],,"If @ValuationUseType = ""SubjectProperty"" and (PropertyInProjectIndicator = ""true"" or PUDIndicator = ""true""), and there is no instance of RELATIONSHIP with @xlink:arcrole = ""urn:fdc:mismo.org:2009:residential/DATA_SOURCE_IsDataSourceFor_PROJECT"" that links DATA_SOURCE to PROJECT"
582,UAD1615,2500.0168,single_equality_conditional,loaded_with_collected_tests,app/services/required_data.py,evaluate_required_data (ConditionalRule),3,data/uad36-test-suite/tests/fixtures/single_equality/test-suite.ttl,"tests/test_it_1_r2_single_equality_behavior.py::test_it_1_r2_s1_single_equality_behavior[UAD1615-nonmatching-missing]
tests/test_it_1_r2_single_equality_behavior.py::test_it_1_r2_s1_single_equality_behavior[UAD1615-matching-missing]
tests/test_it_1_r2_single_equality_behavior.py::test_it_1_r2_s1_single_equality_behavior[UAD1615-matching-supplied]",,"If PropertyInProjectIndicator = ""true"" and ProjectLegalStructureType is not provided"
583,UAD1616,2600.0003,unconditional_required,loaded_with_collected_tests,app/services/required_data.py,evaluate_required_data (unconditional presence),3,data/uad36-test-suite/tests/fixtures/required_data/test-suite.ttl; data/uad36-test-suite/tests/fixtures/unconditional_required/test-suite.ttl,"tests/test_it_1_r4_s1_unconditional_required.py::test_it_1_r4_s1_detects_absent_required_data[UAD1616]
data/uad36-test-suite/tests/test_required_data_acceptance.py::test_production_detects_missing_required_data[2600.0003-UAD1616]
data/uad36-test-suite/tests/test_required_data_rdf.py::test_rdf_missing_element_produces_expected_finding[2600.0003-UAD1616]",,If EfficiencyRatingExistsIndicator is not provided
584,UAD1617,2600.0004,unconditional_required,loaded_with_collected_tests,app/services/required_data.py,evaluate_required_data (unconditional presence),3,data/uad36-test-suite/tests/fixtures/required_data/test-suite.ttl; data/uad36-test-suite/tests/fixtures/unconditional_required/test-suite.ttl,"tests/test_it_1_r4_s1_unconditional_required.py::test_it_1_r4_s1_detects_absent_required_data[UAD1617]
data/uad36-test-suite/tests/test_required_data_acceptance.py::test_production_detects_missing_required_data[2600.0004-UAD1617]
data/uad36-test-suite/tests/test_required_data_rdf.py::test_rdf_missing_element_produces_expected_finding[2600.0004-UAD1617]",,If GreenCertificationExistsIndicator is not provided
585,UAD1618,2600.0005,unconditional_required,loaded_with_collected_tests,app/services/required_data.py,evaluate_required_data (unconditional presence),3,data/uad36-test-suite/tests/fixtures/required_data/test-suite.ttl; data/uad36-test-suite/tests/fixtures/unconditional_required/test-suite.ttl,"tests/test_it_1_r4_s1_unconditional_required.py::test_it_1_r4_s1_detects_absent_required_data[UAD1618]
data/uad36-test-suite/tests/test_required_data_acceptance.py::test_production_detects_missing_required_data[2600.0005-UAD1618]
data/uad36-test-suite/tests/test_required_data_rdf.py::test_rdf_missing_element_produces_expected_finding[2600.0005-UAD1618]",,If RenewableEnergyComponentExistsIndicator is not provided
586,UAD1619,2600.0016,single_equality_conditional,loaded_with_collected_tests,app/services/single_equality_required_data.py,evaluate_single_equality,3,data/uad36-test-suite/tests/fixtures/single_equality/test-suite.ttl,"tests/test_it_1_r2_single_equality_behavior.py::test_it_1_r2_s1_single_equality_behavior[UAD1619-nonmatching-missing]
tests/test_it_1_r2_single_equality_behavior.py::test_it_1_r2_s1_single_equality_behavior[UAD1619-matching-missing]
tests/test_it_1_r2_single_equality_behavior.py::test_it_1_r2_s1_single_equality_behavior[UAD1619-matching-supplied]",,"If RenewableEnergyComponentOwnershipType = ""Owned"" and RenewableEnergyComponentFinancedIndicator is not provided in a given instance of RENEWABLE_ENERGY_COMPONENT"
587,UAD1620,2600.0018,single_equality_conditional,loaded_with_collected_tests,app/services/single_equality_required_data.py,evaluate_single_equality,3,data/uad36-test-suite/tests/fixtures/single_equality/test-suite.ttl,"tests/test_it_1_r2_single_equality_behavior.py::test_it_1_r2_s1_single_equality_behavior[UAD1620-nonmatching-missing]
tests/test_it_1_r2_single_equality_behavior.py::test_it_1_r2_s1_single_equality_behavior[UAD1620-matching-missing]
tests/test_it_1_r2_single_equality_behavior.py::test_it_1_r2_s1_single_equality_behavior[UAD1620-matching-supplied]",,"If RenewableEnergyComponentOwnershipType = ""Other"" and RenewableEnergyComponentOwnershipTypeOtherDescription is not provided in a given instance of RENEWABLE_ENERGY_COMPONENT"
588,UAD1622,2600.0019,required_structures,loaded_with_collected_tests,app/services/required_structure_required_data.py,evaluate_required_structure,1,data/uad36-test-suite/tests/fixtures/required_structures/required-structures-test-suite.ttl,tests/test_it_1_r3_s1_required_structure.py::test_it_1_r3_s1_detects_an_absent_required_structure[UAD1622],,"If RenewableEnergyComponentExistsIndicator = ""true"" and (at least one instance of RENEWABLE_ENERGY_COMPONENT is not provided or RenewableEnergyComponentType is not provided in a given instance of RENEWABLE_ENERGY_COMPONENT)"
589,UAD1623,2600.0020,single_equality_conditional,loaded_with_collected_tests,app/services/single_equality_required_data.py,evaluate_single_equality,3,data/uad36-test-suite/tests/fixtures/single_equality/test-suite.ttl,"tests/test_it_1_r2_single_equality_behavior.py::test_it_1_r2_s1_single_equality_behavior[UAD1623-nonmatching-missing]
tests/test_it_1_r2_single_equality_behavior.py::test_it_1_r2_s1_single_equality_behavior[UAD1623-matching-missing]
tests/test_it_1_r2_single_equality_behavior.py::test_it_1_r2_s1_single_equality_behavior[UAD1623-matching-supplied]",,"If RenewableEnergyComponentType = ""Other"" and RenewableEnergyComponentTypeOtherDescription is not provided in a given instance of RENEWABLE_ENERGY_COMPONENT"
590,UAD1624,1300.0010,required_structures,loaded_with_collected_tests,app/services/required_structure_required_data.py,evaluate_required_structure,1,data/uad36-test-suite/tests/fixtures/required_structures/required-structures-test-suite.ttl,tests/test_it_1_r3_s1_required_structure.py::test_it_1_r3_s1_detects_an_absent_required_structure[UAD1624],,"If PropertyValuationConditionalConclusionType = ""SubjectToRepair"" and there are no instances of DEFECT_DETAIL with DefectItemRecommendedActionType = ""Repair"""
591,UAD1625,1300.0010,,not_loaded,,,0,,,,"If PropertyValuationConditionalConclusionType = ""AsIs"" and DefectItemRecommendedActionType = ""Inspection"" or ""Repair"" for one or more instances of DEFECT_DETAIL"
592,UAD1626,3000.0008,unconditional_required,loaded_with_collected_tests,app/services/required_data.py,evaluate_required_data (unconditional presence),3,data/uad36-test-suite/tests/fixtures/required_data/test-suite.ttl; data/uad36-test-suite/tests/fixtures/unconditional_required/test-suite.ttl,"tests/test_it_1_r4_s1_unconditional_required.py::test_it_1_r4_s1_detects_absent_required_data[UAD1626]
data/uad36-test-suite/tests/test_required_data_acceptance.py::test_production_detects_missing_required_data[3000.0008-UAD1626]
data/uad36-test-suite/tests/test_required_data_rdf.py::test_rdf_missing_element_produces_expected_finding[3000.0008-UAD1626]",,If MarketBoundariesDescription is not provided
593,UAD1627,3000.0009,unconditional_required,loaded_with_collected_tests,app/services/required_data.py,evaluate_required_data (unconditional presence),3,data/uad36-test-suite/tests/fixtures/required_data/test-suite.ttl; data/uad36-test-suite/tests/fixtures/unconditional_required/test-suite.ttl,"tests/test_it_1_r4_s1_unconditional_required.py::test_it_1_r4_s1_detects_absent_required_data[UAD1627]
data/uad36-test-suite/tests/test_required_data_acceptance.py::test_production_detects_missing_required_data[3000.0009-UAD1627]
data/uad36-test-suite/tests/test_required_data_rdf.py::test_rdf_missing_element_produces_expected_finding[3000.0009-UAD1627]",,If MarketInventoryLookbackMonthsCount is not provided
594,UAD1629,3000.0018,other_conditional_scoped,loaded_with_collected_tests,app/services/scoped_required_data.py,evaluate_scoped_rule,7,tests/fixtures/it_1/r1/s1/manifest.ttl,"tests/test_it_1_r1_s1_conditional_scoped_requirements.py::test_it_1_r1_s1_conditional_scoped_requirement[slice-02-IT-1R1S1-UAD1629-ActiveListings-missing]
tests/test_it_1_r1_s1_conditional_scoped_requirements.py::test_it_1_r1_s1_conditional_scoped_requirement[slice-02-IT-1R1S1-UAD1629-ActiveListings-supplied]
tests/test_it_1_r1_s1_conditional_scoped_requirements.py::test_it_1_r1_s1_conditional_scoped_requirement[slice-02-IT-1R1S1-UAD1629-TotalSales-not-applicable]
tests/test_it_1_r1_s1_conditional_scoped_requirements.py::test_it_1_r1_s1_conditional_scoped_requirement[slice-02-IT-1R1S1-UAD1629-first-missing-second-supplied]
tests/test_it_1_r1_s1_conditional_scoped_requirements.py::test_it_1_r1_s1_conditional_scoped_requirement[slice-02-IT-1R1S1-UAD1629-first-supplied-second-missing]
tests/test_it_1_r1_s1_conditional_scoped_requirements.py::test_it_1_r1_s1_conditional_scoped_requirement[slice-02-IT-1R1S1-UAD1629-nonapplicable-with-compliant-neighbor]
tests/test_it_1_r1_s1_conditional_scoped_requirements.py::test_it_1_r1_s1_conditional_scoped_requirement[slice-02-IT-1R1S1-UAD1629-two-applicable-missing]",,"If MarketInventoryCount is not provided for the instance of MARKET_INVENTORY with MarketInventoryType = ""ActiveListings"""
595,UAD1630,3000.0019,other_conditional_scoped,loaded_with_collected_tests,app/services/scoped_required_data.py,evaluate_scoped_rule,12,tests/fixtures/it_1/r1/s1/manifest.ttl,"tests/test_it_1_r1_s1_conditional_scoped_requirements.py::test_it_1_r1_s1_conditional_scoped_requirement[slice-02-IT-1R1S1-UAD1630-conditions-split-between-instances]
tests/test_it_1_r1_s1_conditional_scoped_requirements.py::test_it_1_r1_s1_conditional_scoped_requirement[slice-02-IT-1R1S1-UAD1630-first-missing-second-supplied]
tests/test_it_1_r1_s1_conditional_scoped_requirements.py::test_it_1_r1_s1_conditional_scoped_requirement[slice-02-IT-1R1S1-UAD1630-first-supplied-second-missing]
tests/test_it_1_r1_s1_conditional_scoped_requirements.py::test_it_1_r1_s1_conditional_scoped_requirement[slice-02-IT-1R1S1-UAD1630-nonapplicable-with-compliant-neighbor]
tests/test_it_1_r1_s1_conditional_scoped_requirements.py::test_it_1_r1_s1_conditional_scoped_requirement[slice-02-IT-1R1S1-UAD1630-one-missing]
tests/test_it_1_r1_s1_conditional_scoped_requirements.py::test_it_1_r1_s1_conditional_scoped_requirement[slice-02-IT-1R1S1-UAD1630-one-supplied]
tests/test_it_1_r1_s1_conditional_scoped_requirements.py::test_it_1_r1_s1_conditional_scoped_requirement[slice-02-IT-1R1S1-UAD1630-ten-missing]
tests/test_it_1_r1_s1_conditional_scoped_requirements.py::test_it_1_r1_s1_conditional_scoped_requirement[slice-02-IT-1R1S1-UAD1630-ten-supplied]
tests/test_it_1_r1_s1_conditional_scoped_requirements.py::test_it_1_r1_s1_conditional_scoped_requirement[slice-02-IT-1R1S1-UAD1630-two-applicable-missing]
tests/test_it_1_r1_s1_conditional_scoped_requirements.py::test_it_1_r1_s1_conditional_scoped_requirement[slice-02-IT-1R1S1-UAD1630-wrong-type-positive-not-applicable]
tests/test_it_1_r1_s1_conditional_scoped_requirements.py::test_it_1_r1_s1_conditional_scoped_requirement[slice-02-IT-1R1S1-UAD1630-wrong-type-zero-not-applicable]
tests/test_it_1_r1_s1_conditional_scoped_requirements.py::test_it_1_r1_s1_conditional_scoped_requirement[slice-02-IT-1R1S1-UAD1630-zero-not-applicable]",,"If MarketInventoryHighestPriceAmount is not provided in the instance of MARKET_INVENTORY with MarketInventoryType = ""ActiveListings"" and MarketInventoryCount > 0"
596,UAD1631,3000.0019,numeric_bounds,loaded_with_collected_tests,app/services/numeric_bound_required_data.py,evaluate_numeric_bound,1,data/uad36-test-suite/tests/fixtures/numeric_bounds/test-suite.ttl,tests/test_it_1_r6_s1_numeric_bounds.py::test_it_1_r6_s1_rejects_numeric_value_outside_governed_bounds[UAD1631],,"If MarketInventoryHighestPriceAmount <= 0 for the instance of MARKET_INVENTORY with MarketInventoryType = ""ActiveListings"""
597,UAD1632,3000.0020,other_conditional_scoped,loaded_with_collected_tests,app/services/scoped_required_data.py,evaluate_scoped_rule,12,tests/fixtures/it_1/r1/s1/manifest.ttl,"tests/test_it_1_r1_s1_conditional_scoped_requirements.py::test_it_1_r1_s1_conditional_scoped_requirement[slice-02-IT-1R1S1-UAD1632-conditions-split-between-instances]
tests/test_it_1_r1_s1_conditional_scoped_requirements.py::test_it_1_r1_s1_conditional_scoped_requirement[slice-02-IT-1R1S1-UAD1632-first-missing-second-supplied]
tests/test_it_1_r1_s1_conditional_scoped_requirements.py::test_it_1_r1_s1_conditional_scoped_requirement[slice-02-IT-1R1S1-UAD1632-first-supplied-second-missing]
tests/test_it_1_r1_s1_conditional_scoped_requirements.py::test_it_1_r1_s1_conditional_scoped_requirement[slice-02-IT-1R1S1-UAD1632-nonapplicable-with-compliant-neighbor]
tests/test_it_1_r1_s1_conditional_scoped_requirements.py::test_it_1_r1_s1_conditional_scoped_requirement[slice-02-IT-1R1S1-UAD1632-one-missing]
tests/test_it_1_r1_s1_conditional_scoped_requirements.py::test_it_1_r1_s1_conditional_scoped_requirement[slice-02-IT-1R1S1-UAD1632-one-supplied]
tests/test_it_1_r1_s1_conditional_scoped_requirements.py::test_it_1_r1_s1_conditional_scoped_requirement[slice-02-IT-1R1S1-UAD1632-ten-missing]
tests/test_it_1_r1_s1_conditional_scoped_requirements.py::test_it_1_r1_s1_conditional_scoped_requirement[slice-02-IT-1R1S1-UAD1632-ten-supplied]
tests/test_it_1_r1_s1_conditional_scoped_requirements.py::test_it_1_r1_s1_conditional_scoped_requirement[slice-02-IT-1R1S1-UAD1632-two-applicable-missing]
tests/test_it_1_r1_s1_conditional_scoped_requirements.py::test_it_1_r1_s1_conditional_scoped_requirement[slice-02-IT-1R1S1-UAD1632-wrong-type-positive-not-applicable]
tests/test_it_1_r1_s1_conditional_scoped_requirements.py::test_it_1_r1_s1_conditional_scoped_requirement[slice-02-IT-1R1S1-UAD1632-wrong-type-zero-not-applicable]
tests/test_it_1_r1_s1_conditional_scoped_requirements.py::test_it_1_r1_s1_conditional_scoped_requirement[slice-02-IT-1R1S1-UAD1632-zero-not-applicable]",,"If MarketInventoryLowestPriceAmount is not provided in the instance of MARKET_INVENTORY with MarketInventoryType = ""ActiveListings"" and MarketInventoryCount > 0"
598,UAD1633,3000.0020,numeric_bounds,loaded_with_collected_tests,app/services/numeric_bound_required_data.py,evaluate_numeric_bound,1,data/uad36-test-suite/tests/fixtures/numeric_bounds/test-suite.ttl,tests/test_it_1_r6_s1_numeric_bounds.py::test_it_1_r6_s1_rejects_numeric_value_outside_governed_bounds[UAD1633],,"If MarketInventoryLowestPriceAmount <= 0 for the instance of MARKET_INVENTORY with MarketInventoryType = ""ActiveListings"""
599,UAD1634,3000.0021,other_conditional_scoped,loaded_with_collected_tests,app/services/scoped_required_data.py,evaluate_scoped_rule,12,tests/fixtures/it_1/r1/s1/manifest.ttl,"tests/test_it_1_r1_s1_conditional_scoped_requirements.py::test_it_1_r1_s1_conditional_scoped_requirement[slice-02-IT-1R1S1-UAD1634-conditions-split-between-instances]
tests/test_it_1_r1_s1_conditional_scoped_requirements.py::test_it_1_r1_s1_conditional_scoped_requirement[slice-02-IT-1R1S1-UAD1634-first-missing-second-supplied]
tests/test_it_1_r1_s1_conditional_scoped_requirements.py::test_it_1_r1_s1_conditional_scoped_requirement[slice-02-IT-1R1S1-UAD1634-first-supplied-second-missing]
tests/test_it_1_r1_s1_conditional_scoped_requirements.py::test_it_1_r1_s1_conditional_scoped_requirement[slice-02-IT-1R1S1-UAD1634-nonapplicable-with-compliant-neighbor]
tests/test_it_1_r1_s1_conditional_scoped_requirements.py::test_it_1_r1_s1_conditional_scoped_requirement[slice-02-IT-1R1S1-UAD1634-one-missing]
tests/test_it_1_r1_s1_conditional_scoped_requirements.py::test_it_1_r1_s1_conditional_scoped_requirement[slice-02-IT-1R1S1-UAD1634-one-supplied]
tests/test_it_1_r1_s1_conditional_scoped_requirements.py::test_it_1_r1_s1_conditional_scoped_requirement[slice-02-IT-1R1S1-UAD1634-ten-missing]
tests/test_it_1_r1_s1_conditional_scoped_requirements.py::test_it_1_r1_s1_conditional_scoped_requirement[slice-02-IT-1R1S1-UAD1634-ten-supplied]
tests/test_it_1_r1_s1_conditional_scoped_requirements.py::test_it_1_r1_s1_conditional_scoped_requirement[slice-02-IT-1R1S1-UAD1634-two-applicable-missing]
tests/test_it_1_r1_s1_conditional_scoped_requirements.py::test_it_1_r1_s1_conditional_scoped_requirement[slice-02-IT-1R1S1-UAD1634-wrong-type-positive-not-applicable]
tests/test_it_1_r1_s1_conditional_scoped_requirements.py::test_it_1_r1_s1_conditional_scoped_requirement[slice-02-IT-1R1S1-UAD1634-wrong-type-zero-not-applicable]
tests/test_it_1_r1_s1_conditional_scoped_requirements.py::test_it_1_r1_s1_conditional_scoped_requirement[slice-02-IT-1R1S1-UAD1634-zero-not-applicable]",,"If MarketInventoryMedianDaysOnMarketCount is not provided in the instance of MARKET_INVENTORY with MarketInventoryType = ""ActiveListings"" and MarketInventoryCount > 0"
600,UAD1635,3000.0022,other_conditional_scoped,loaded_with_collected_tests,app/services/scoped_required_data.py,evaluate_scoped_rule,12,tests/fixtures/it_1/r1/s1/manifest.ttl,"tests/test_it_1_r1_s1_conditional_scoped_requirements.py::test_it_1_r1_s1_conditional_scoped_requirement[slice-02-IT-1R1S1-UAD1635-conditions-split-between-instances]
tests/test_it_1_r1_s1_conditional_scoped_requirements.py::test_it_1_r1_s1_conditional_scoped_requirement[slice-02-IT-1R1S1-UAD1635-first-missing-second-supplied]
tests/test_it_1_r1_s1_conditional_scoped_requirements.py::test_it_1_r1_s1_conditional_scoped_requirement[slice-02-IT-1R1S1-UAD1635-first-supplied-second-missing]
tests/test_it_1_r1_s1_conditional_scoped_requirements.py::test_it_1_r1_s1_conditional_scoped_requirement[slice-02-IT-1R1S1-UAD1635-nonapplicable-with-compliant-neighbor]
tests/test_it_1_r1_s1_conditional_scoped_requirements.py::test_it_1_r1_s1_conditional_scoped_requirement[slice-02-IT-1R1S1-UAD1635-one-missing]
tests/test_it_1_r1_s1_conditional_scoped_requirements.py::test_it_1_r1_s1_conditional_scoped_requirement[slice-02-IT-1R1S1-UAD1635-one-supplied]
tests/test_it_1_r1_s1_conditional_scoped_requirements.py::test_it_1_r1_s1_conditional_scoped_requirement[slice-02-IT-1R1S1-UAD1635-ten-missing]
tests/test_it_1_r1_s1_conditional_scoped_requirements.py::test_it_1_r1_s1_conditional_scoped_requirement[slice-02-IT-1R1S1-UAD1635-ten-supplied]
tests/test_it_1_r1_s1_conditional_scoped_requirements.py::test_it_1_r1_s1_conditional_scoped_requirement[slice-02-IT-1R1S1-UAD1635-two-applicable-missing]
tests/test_it_1_r1_s1_conditional_scoped_requirements.py::test_it_1_r1_s1_conditional_scoped_requirement[slice-02-IT-1R1S1-UAD1635-wrong-type-positive-not-applicable]
tests/test_it_1_r1_s1_conditional_scoped_requirements.py::test_it_1_r1_s1_conditional_scoped_requirement[slice-02-IT-1R1S1-UAD1635-wrong-type-zero-not-applicable]
tests/test_it_1_r1_s1_conditional_scoped_requirements.py::test_it_1_r1_s1_conditional_scoped_requirement[slice-02-IT-1R1S1-UAD1635-zero-not-applicable]",,"If MarketInventoryMedianPriceAmount is not provided in the instance of MARKET_INVENTORY with MarketInventoryType = ""ActiveListings"" and MarketInventoryCount > 0"
601,UAD1636,3000.0022,numeric_bounds,loaded_with_collected_tests,app/services/numeric_bound_required_data.py,evaluate_numeric_bound,1,data/uad36-test-suite/tests/fixtures/numeric_bounds/test-suite.ttl,tests/test_it_1_r6_s1_numeric_bounds.py::test_it_1_r6_s1_rejects_numeric_value_outside_governed_bounds[UAD1636],,"If MarketInventoryMedianPriceAmount <= 0 for the instance of MARKET_INVENTORY with MarketInventoryType = ""ActiveListings"""
602,UAD1637,3000.0023,uniqueness_cardinality,loaded_with_collected_tests,app/services/uniqueness_cardinality_required_data.py,evaluate_uniqueness_cardinality,1,data/uad36-test-suite/tests/fixtures/uniqueness_cardinality/test-suite.ttl,tests/test_it_1_r5_s1_uniqueness_cardinality.py::test_it_1_r5_s1_rejects_prohibited_duplicate_or_occurrence_count[UAD1637],Message Text,"If there is more than one instance of MARKET_INVENTORY with MarketInventoryType = ""ActiveListings"""
603,UAD1638,3000.0023,required_structures,loaded_with_collected_tests,app/services/required_structure_required_data.py,evaluate_required_structure,1,data/uad36-test-suite/tests/fixtures/required_structures/required-structures-test-suite.ttl,tests/test_it_1_r3_s1_required_structure.py::test_it_1_r3_s1_detects_an_absent_required_structure[UAD1638],,"If there is no instance of MARKET_INVENTORY with MarketInventoryType = ""ActiveListings"""
604,UAD1639,3000.0024,other_conditional_scoped,loaded_with_collected_tests,app/services/scoped_required_data.py,evaluate_scoped_rule,7,tests/fixtures/it_1/r1/s1/manifest.ttl,"tests/test_it_1_r1_s1_conditional_scoped_requirements.py::test_it_1_r1_s1_conditional_scoped_requirement[slice-02-IT-1R1S1-UAD1639-ActiveListings-not-applicable]
tests/test_it_1_r1_s1_conditional_scoped_requirements.py::test_it_1_r1_s1_conditional_scoped_requirement[slice-02-IT-1R1S1-UAD1639-PendingSales-missing]
tests/test_it_1_r1_s1_conditional_scoped_requirements.py::test_it_1_r1_s1_conditional_scoped_requirement[slice-02-IT-1R1S1-UAD1639-PendingSales-supplied]
tests/test_it_1_r1_s1_conditional_scoped_requirements.py::test_it_1_r1_s1_conditional_scoped_requirement[slice-02-IT-1R1S1-UAD1639-first-missing-second-supplied]
tests/test_it_1_r1_s1_conditional_scoped_requirements.py::test_it_1_r1_s1_conditional_scoped_requirement[slice-02-IT-1R1S1-UAD1639-first-supplied-second-missing]
tests/test_it_1_r1_s1_conditional_scoped_requirements.py::test_it_1_r1_s1_conditional_scoped_requirement[slice-02-IT-1R1S1-UAD1639-nonapplicable-with-compliant-neighbor]
tests/test_it_1_r1_s1_conditional_scoped_requirements.py::test_it_1_r1_s1_conditional_scoped_requirement[slice-02-IT-1R1S1-UAD1639-two-applicable-missing]",,"If MarketInventoryCount is not provided for the instance of MARKET_INVENTORY with MarketInventoryType = ""PendingSales"""
605,UAD1640,3000.0025,uniqueness_cardinality,loaded_with_collected_tests,app/services/uniqueness_cardinality_required_data.py,evaluate_uniqueness_cardinality,1,data/uad36-test-suite/tests/fixtures/uniqueness_cardinality/test-suite.ttl,tests/test_it_1_r5_s1_uniqueness_cardinality.py::test_it_1_r5_s1_rejects_prohibited_duplicate_or_occurrence_count[UAD1640],,"If there is more than one instance of MARKET_INVENTORY with MarketInventoryType = ""PendingSales"""
606,UAD1641,3000.0025,required_structures,loaded_with_collected_tests,app/services/required_structure_required_data.py,evaluate_required_structure,1,data/uad36-test-suite/tests/fixtures/required_structures/required-structures-test-suite.ttl,tests/test_it_1_r3_s1_required_structure.py::test_it_1_r3_s1_detects_an_absent_required_structure[UAD1641],,"If there is no instance of MARKET_INVENTORY with MarketInventoryType = ""PendingSales"""
607,UAD1642,3000.0026,other_conditional_scoped,loaded_with_collected_tests,app/services/scoped_required_data.py,evaluate_scoped_rule,7,tests/fixtures/it_1/r1/s1/manifest.ttl,"tests/test_it_1_r1_s1_conditional_scoped_requirements.py::test_it_1_r1_s1_conditional_scoped_requirement[slice-02-IT-1R1S1-UAD1642-ActiveListings-not-applicable]
tests/test_it_1_r1_s1_conditional_scoped_requirements.py::test_it_1_r1_s1_conditional_scoped_requirement[slice-02-IT-1R1S1-UAD1642-TotalSales-missing]
tests/test_it_1_r1_s1_conditional_scoped_requirements.py::test_it_1_r1_s1_conditional_scoped_requirement[slice-02-IT-1R1S1-UAD1642-TotalSales-supplied]
tests/test_it_1_r1_s1_conditional_scoped_requirements.py::test_it_1_r1_s1_conditional_scoped_requirement[slice-02-IT-1R1S1-UAD1642-first-missing-second-supplied]
tests/test_it_1_r1_s1_conditional_scoped_requirements.py::test_it_1_r1_s1_conditional_scoped_requirement[slice-02-IT-1R1S1-UAD1642-first-supplied-second-missing]
tests/test_it_1_r1_s1_conditional_scoped_requirements.py::test_it_1_r1_s1_conditional_scoped_requirement[slice-02-IT-1R1S1-UAD1642-nonapplicable-with-compliant-neighbor]
tests/test_it_1_r1_s1_conditional_scoped_requirements.py::test_it_1_r1_s1_conditional_scoped_requirement[slice-02-IT-1R1S1-UAD1642-two-applicable-missing]",,"If MarketInventoryCount is not provided for the instance of MARKET_INVENTORY with MarketInventoryType = ""TotalSales"""
608,UAD1643,3000.0027,other_conditional_scoped,loaded_with_collected_tests,app/services/scoped_required_data.py,evaluate_scoped_rule,12,tests/fixtures/it_1/r1/s1/manifest.ttl,"tests/test_it_1_r1_s1_conditional_scoped_requirements.py::test_it_1_r1_s1_conditional_scoped_requirement[slice-02-IT-1R1S1-UAD1643-conditions-split-between-instances]
tests/test_it_1_r1_s1_conditional_scoped_requirements.py::test_it_1_r1_s1_conditional_scoped_requirement[slice-02-IT-1R1S1-UAD1643-first-missing-second-supplied]
tests/test_it_1_r1_s1_conditional_scoped_requirements.py::test_it_1_r1_s1_conditional_scoped_requirement[slice-02-IT-1R1S1-UAD1643-first-supplied-second-missing]
tests/test_it_1_r1_s1_conditional_scoped_requirements.py::test_it_1_r1_s1_conditional_scoped_requirement[slice-02-IT-1R1S1-UAD1643-nonapplicable-with-compliant-neighbor]
tests/test_it_1_r1_s1_conditional_scoped_requirements.py::test_it_1_r1_s1_conditional_scoped_requirement[slice-02-IT-1R1S1-UAD1643-one-missing]
tests/test_it_1_r1_s1_conditional_scoped_requirements.py::test_it_1_r1_s1_conditional_scoped_requirement[slice-02-IT-1R1S1-UAD1643-one-supplied]
tests/test_it_1_r1_s1_conditional_scoped_requirements.py::test_it_1_r1_s1_conditional_scoped_requirement[slice-02-IT-1R1S1-UAD1643-ten-missing]
tests/test_it_1_r1_s1_conditional_scoped_requirements.py::test_it_1_r1_s1_conditional_scoped_requirement[slice-02-IT-1R1S1-UAD1643-ten-supplied]
tests/test_it_1_r1_s1_conditional_scoped_requirements.py::test_it_1_r1_s1_conditional_scoped_requirement[slice-02-IT-1R1S1-UAD1643-two-applicable-missing]
tests/test_it_1_r1_s1_conditional_scoped_requirements.py::test_it_1_r1_s1_conditional_scoped_requirement[slice-02-IT-1R1S1-UAD1643-wrong-type-positive-not-applicable]
tests/test_it_1_r1_s1_conditional_scoped_requirements.py::test_it_1_r1_s1_conditional_scoped_requirement[slice-02-IT-1R1S1-UAD1643-wrong-type-zero-not-applicable]
tests/test_it_1_r1_s1_conditional_scoped_requirements.py::test_it_1_r1_s1_conditional_scoped_requirement[slice-02-IT-1R1S1-UAD1643-zero-not-applicable]",,"If MarketInventoryHighestPriceAmount is not provided in the instance of MARKET_INVENTORY with MarketInventoryType = ""TotalSales"" and MarketInventoryCount > 0"
609,UAD1644,3000.0027,numeric_bounds,loaded_with_collected_tests,app/services/numeric_bound_required_data.py,evaluate_numeric_bound,1,data/uad36-test-suite/tests/fixtures/numeric_bounds/test-suite.ttl,tests/test_it_1_r6_s1_numeric_bounds.py::test_it_1_r6_s1_rejects_numeric_value_outside_governed_bounds[UAD1644],,"If MarketInventoryHighestPriceAmount <= 0 for the instance of MARKET_INVENTORY with MarketInventoryType = ""TotalSales"""
610,UAD1645,3000.0028,other_conditional_scoped,loaded_with_collected_tests,app/services/scoped_required_data.py,evaluate_scoped_rule,12,tests/fixtures/it_1/r1/s1/manifest.ttl,"tests/test_it_1_r1_s1_conditional_scoped_requirements.py::test_it_1_r1_s1_conditional_scoped_requirement[slice-02-IT-1R1S1-UAD1645-conditions-split-between-instances]
tests/test_it_1_r1_s1_conditional_scoped_requirements.py::test_it_1_r1_s1_conditional_scoped_requirement[slice-02-IT-1R1S1-UAD1645-first-missing-second-supplied]
tests/test_it_1_r1_s1_conditional_scoped_requirements.py::test_it_1_r1_s1_conditional_scoped_requirement[slice-02-IT-1R1S1-UAD1645-first-supplied-second-missing]
tests/test_it_1_r1_s1_conditional_scoped_requirements.py::test_it_1_r1_s1_conditional_scoped_requirement[slice-02-IT-1R1S1-UAD1645-nonapplicable-with-compliant-neighbor]
tests/test_it_1_r1_s1_conditional_scoped_requirements.py::test_it_1_r1_s1_conditional_scoped_requirement[slice-02-IT-1R1S1-UAD1645-one-missing]
tests/test_it_1_r1_s1_conditional_scoped_requirements.py::test_it_1_r1_s1_conditional_scoped_requirement[slice-02-IT-1R1S1-UAD1645-one-supplied]
tests/test_it_1_r1_s1_conditional_scoped_requirements.py::test_it_1_r1_s1_conditional_scoped_requirement[slice-02-IT-1R1S1-UAD1645-ten-missing]
tests/test_it_1_r1_s1_conditional_scoped_requirements.py::test_it_1_r1_s1_conditional_scoped_requirement[slice-02-IT-1R1S1-UAD1645-ten-supplied]
tests/test_it_1_r1_s1_conditional_scoped_requirements.py::test_it_1_r1_s1_conditional_scoped_requirement[slice-02-IT-1R1S1-UAD1645-two-applicable-missing]
tests/test_it_1_r1_s1_conditional_scoped_requirements.py::test_it_1_r1_s1_conditional_scoped_requirement[slice-02-IT-1R1S1-UAD1645-wrong-type-positive-not-applicable]
tests/test_it_1_r1_s1_conditional_scoped_requirements.py::test_it_1_r1_s1_conditional_scoped_requirement[slice-02-IT-1R1S1-UAD1645-wrong-type-zero-not-applicable]
tests/test_it_1_r1_s1_conditional_scoped_requirements.py::test_it_1_r1_s1_conditional_scoped_requirement[slice-02-IT-1R1S1-UAD1645-zero-not-applicable]",,"If MarketInventoryLowestPriceAmount is not provided in the instance of MARKET_INVENTORY with MarketInventoryType = ""TotalSales"" and MarketInventoryCount > 0"
611,UAD1646,3000.0028,numeric_bounds,loaded_with_collected_tests,app/services/numeric_bound_required_data.py,evaluate_numeric_bound,1,data/uad36-test-suite/tests/fixtures/numeric_bounds/test-suite.ttl,tests/test_it_1_r6_s1_numeric_bounds.py::test_it_1_r6_s1_rejects_numeric_value_outside_governed_bounds[UAD1646],,"If MarketInventoryLowestPriceAmount <= 0 for the instance of MARKET_INVENTORY with MarketInventoryType = ""TotalSales"""
612,UAD1647,3000.0029,other_conditional_scoped,loaded_with_collected_tests,app/services/scoped_required_data.py,evaluate_scoped_rule,12,tests/fixtures/it_1/r1/s1/manifest.ttl,"tests/test_it_1_r1_s1_conditional_scoped_requirements.py::test_it_1_r1_s1_conditional_scoped_requirement[slice-02-IT-1R1S1-UAD1647-conditions-split-between-instances]
tests/test_it_1_r1_s1_conditional_scoped_requirements.py::test_it_1_r1_s1_conditional_scoped_requirement[slice-02-IT-1R1S1-UAD1647-first-missing-second-supplied]
tests/test_it_1_r1_s1_conditional_scoped_requirements.py::test_it_1_r1_s1_conditional_scoped_requirement[slice-02-IT-1R1S1-UAD1647-first-supplied-second-missing]
tests/test_it_1_r1_s1_conditional_scoped_requirements.py::test_it_1_r1_s1_conditional_scoped_requirement[slice-02-IT-1R1S1-UAD1647-nonapplicable-with-compliant-neighbor]
tests/test_it_1_r1_s1_conditional_scoped_requirements.py::test_it_1_r1_s1_conditional_scoped_requirement[slice-02-IT-1R1S1-UAD1647-one-missing]
tests/test_it_1_r1_s1_conditional_scoped_requirements.py::test_it_1_r1_s1_conditional_scoped_requirement[slice-02-IT-1R1S1-UAD1647-one-supplied]
tests/test_it_1_r1_s1_conditional_scoped_requirements.py::test_it_1_r1_s1_conditional_scoped_requirement[slice-02-IT-1R1S1-UAD1647-ten-missing]
tests/test_it_1_r1_s1_conditional_scoped_requirements.py::test_it_1_r1_s1_conditional_scoped_requirement[slice-02-IT-1R1S1-UAD1647-ten-supplied]
tests/test_it_1_r1_s1_conditional_scoped_requirements.py::test_it_1_r1_s1_conditional_scoped_requirement[slice-02-IT-1R1S1-UAD1647-two-applicable-missing]
tests/test_it_1_r1_s1_conditional_scoped_requirements.py::test_it_1_r1_s1_conditional_scoped_requirement[slice-02-IT-1R1S1-UAD1647-wrong-type-positive-not-applicable]
tests/test_it_1_r1_s1_conditional_scoped_requirements.py::test_it_1_r1_s1_conditional_scoped_requirement[slice-02-IT-1R1S1-UAD1647-wrong-type-zero-not-applicable]
tests/test_it_1_r1_s1_conditional_scoped_requirements.py::test_it_1_r1_s1_conditional_scoped_requirement[slice-02-IT-1R1S1-UAD1647-zero-not-applicable]",,"If MarketInventoryMedianPriceAmount is not provided in the instance of MARKET_INVENTORY with MarketInventoryType = ""TotalSales"" and MarketInventoryCount > 0"
613,UAD1648,3000.0029,numeric_bounds,loaded_with_collected_tests,app/services/numeric_bound_required_data.py,evaluate_numeric_bound,1,data/uad36-test-suite/tests/fixtures/numeric_bounds/test-suite.ttl,tests/test_it_1_r6_s1_numeric_bounds.py::test_it_1_r6_s1_rejects_numeric_value_outside_governed_bounds[UAD1648],,"If MarketInventoryMedianPriceAmount <= 0 for the instance of MARKET_INVENTORY with MarketInventoryType = ""TotalSales"""
614,UAD1649,3000.0030,uniqueness_cardinality,loaded_with_collected_tests,app/services/uniqueness_cardinality_required_data.py,evaluate_uniqueness_cardinality,1,data/uad36-test-suite/tests/fixtures/uniqueness_cardinality/test-suite.ttl,tests/test_it_1_r5_s1_uniqueness_cardinality.py::test_it_1_r5_s1_rejects_prohibited_duplicate_or_occurrence_count[UAD1649],,"If there is more than one instance of MARKET_INVENTORY with MarketInventoryType = ""TotalSales"""
615,UAD1650,3000.0030,required_structures,loaded_with_collected_tests,app/services/required_structure_required_data.py,evaluate_required_structure,1,data/uad36-test-suite/tests/fixtures/required_structures/required-structures-test-suite.ttl,tests/test_it_1_r3_s1_required_structure.py::test_it_1_r3_s1_detects_an_absent_required_structure[UAD1650],,"If there is no instance of MARKET_INVENTORY with MarketInventoryType = ""TotalSales"""
616,UAD1652,3000.0033,unconditional_required,loaded_with_collected_tests,app/services/required_data.py,evaluate_required_data (unconditional presence),3,data/uad36-test-suite/tests/fixtures/required_data/test-suite.ttl; data/uad36-test-suite/tests/fixtures/unconditional_required/test-suite.ttl,"tests/test_it_1_r4_s1_unconditional_required.py::test_it_1_r4_s1_detects_absent_required_data[UAD1652]
data/uad36-test-suite/tests/test_required_data_acceptance.py::test_production_detects_missing_required_data[3000.0033-UAD1652]
data/uad36-test-suite/tests/test_required_data_rdf.py::test_rdf_missing_element_produces_expected_finding[3000.0033-UAD1652]",,If MarketSupplyTrendType is not provided
617,UAD1653,3000.0034,unconditional_required,loaded_with_collected_tests,app/services/required_data.py,evaluate_required_data (unconditional presence),3,data/uad36-test-suite/tests/fixtures/required_data/test-suite.ttl; data/uad36-test-suite/tests/fixtures/unconditional_required/test-suite.ttl,"tests/test_it_1_r4_s1_unconditional_required.py::test_it_1_r4_s1_detects_absent_required_data[UAD1653]
data/uad36-test-suite/tests/test_required_data_acceptance.py::test_production_detects_missing_required_data[3000.0034-UAD1653]
data/uad36-test-suite/tests/test_required_data_rdf.py::test_rdf_missing_element_produces_expected_finding[3000.0034-UAD1653]",,If MarketTrendsForeclosureActivityIndicator is not provided
618,UAD1656,1400.0638,alternative_mutually_exclusive,not_loaded,,,0,,,,"If PriceTrendsAnalysisDescription is not provided, and ImageCategoryType = ""PriceTrendGraph"" is not provided in any instance of IMAGE"
619,UAD1657,3000.0051,other_conditional_scoped,not_loaded,,,0,,,,If DataSourceName is not provided in a given instance of DATA_SOURCE that captures the Price Trend Source
620,UAD1658,3000.0053,relationship_reference_integrity,loaded_with_collected_tests,app/services/relationship_reference_required_data.py,evaluate_relationship_reference,1,data/uad36-test-suite/tests/fixtures/relationship_reference_integrity/test-suite.ttl,tests/test_it_1_r9_s1_relationship_reference_integrity.py::test_it_1_r9_s1_rejects_invalid_relationship_or_reference[UAD1658],,"If there is no instance of RELATIONSHIP with @xlink:arcrole = ""urn:fdc:mismo.org:2009:residential/DATA_SOURCE_IsDataSourceFor_MARKET_TREND"" linking DATA_SOURCE to MARKET_TREND where @ValuationUseType = ""SubjectProperty"""
621,UAD1659,3100.0003,unconditional_required,loaded_with_collected_tests,app/services/required_data.py,evaluate_required_data (unconditional presence),3,data/uad36-test-suite/tests/fixtures/required_data/test-suite.ttl; data/uad36-test-suite/tests/fixtures/unconditional_required/test-suite.ttl,"tests/test_it_1_r4_s1_unconditional_required.py::test_it_1_r4_s1_detects_absent_required_data[UAD1659]
data/uad36-test-suite/tests/test_required_data_acceptance.py::test_production_detects_missing_required_data[3100.0003-UAD1659]
data/uad36-test-suite/tests/test_required_data_rdf.py::test_rdf_missing_element_produces_expected_finding[3100.0003-UAD1659]",,If FinanciallyFeasibleIndicator is not provided
622,UAD1660,3100.0004,unconditional_required,loaded_with_collected_tests,app/services/required_data.py,evaluate_required_data (unconditional presence),3,data/uad36-test-suite/tests/fixtures/required_data/test-suite.ttl; data/uad36-test-suite/tests/fixtures/unconditional_required/test-suite.ttl,"tests/test_it_1_r4_s1_unconditional_required.py::test_it_1_r4_s1_detects_absent_required_data[UAD1660]
data/uad36-test-suite/tests/test_required_data_acceptance.py::test_production_detects_missing_required_data[3100.0004-UAD1660]
data/uad36-test-suite/tests/test_required_data_rdf.py::test_rdf_missing_element_produces_expected_finding[3100.0004-UAD1660]",,If LegallyPermissibleIndicator is not provided
623,UAD1661,3100.0005,unconditional_required,loaded_with_collected_tests,app/services/required_data.py,evaluate_required_data (unconditional presence),3,data/uad36-test-suite/tests/fixtures/required_data/test-suite.ttl; data/uad36-test-suite/tests/fixtures/unconditional_required/test-suite.ttl,"tests/test_it_1_r4_s1_unconditional_required.py::test_it_1_r4_s1_detects_absent_required_data[UAD1661]
data/uad36-test-suite/tests/test_required_data_acceptance.py::test_production_detects_missing_required_data[3100.0005-UAD1661]
data/uad36-test-suite/tests/test_required_data_rdf.py::test_rdf_missing_element_produces_expected_finding[3100.0005-UAD1661]",,If MaximallyProductiveIndicator is not provided
624,UAD1662,3100.0006,unconditional_required,loaded_with_collected_tests,app/services/required_data.py,evaluate_required_data (unconditional presence),3,data/uad36-test-suite/tests/fixtures/required_data/test-suite.ttl; data/uad36-test-suite/tests/fixtures/unconditional_required/test-suite.ttl,"tests/test_it_1_r4_s1_unconditional_required.py::test_it_1_r4_s1_detects_absent_required_data[UAD1662]
data/uad36-test-suite/tests/test_required_data_acceptance.py::test_production_detects_missing_required_data[3100.0006-UAD1662]
data/uad36-test-suite/tests/test_required_data_rdf.py::test_rdf_missing_element_produces_expected_finding[3100.0006-UAD1662]",,If PhysicallyPossibleIndicator is not provided
625,UAD1663,3100.0007,unconditional_required,loaded_with_collected_tests,app/services/required_data.py,evaluate_required_data (unconditional presence),3,data/uad36-test-suite/tests/fixtures/required_data/test-suite.ttl; data/uad36-test-suite/tests/fixtures/unconditional_required/test-suite.ttl,"tests/test_it_1_r4_s1_unconditional_required.py::test_it_1_r4_s1_detects_absent_required_data[UAD1663]
data/uad36-test-suite/tests/test_required_data_acceptance.py::test_production_detects_missing_required_data[3100.0007-UAD1663]
data/uad36-test-suite/tests/test_required_data_rdf.py::test_rdf_missing_element_produces_expected_finding[3100.0007-UAD1663]",,If SiteHighestBestUseIndicator is not provided
626,UAD1664,3200.0004,other_conditional_scoped,loaded_with_collected_tests,app/services/scoped_required_data.py,evaluate_scoped_rule,9,tests/fixtures/it_1/r1/s1/manifest.ttl,"tests/test_it_1_r1_s1_conditional_scoped_requirements.py::test_it_1_r1_s1_conditional_scoped_requirement[slice-02-IT-1R1S1-UAD1664-Carport-missing]
tests/test_it_1_r1_s1_conditional_scoped_requirements.py::test_it_1_r1_s1_conditional_scoped_requirement[slice-02-IT-1R1S1-UAD1664-Carport-supplied]
tests/test_it_1_r1_s1_conditional_scoped_requirements.py::test_it_1_r1_s1_conditional_scoped_requirement[slice-02-IT-1R1S1-UAD1664-Garage-missing]
tests/test_it_1_r1_s1_conditional_scoped_requirements.py::test_it_1_r1_s1_conditional_scoped_requirement[slice-02-IT-1R1S1-UAD1664-Garage-supplied]
tests/test_it_1_r1_s1_conditional_scoped_requirements.py::test_it_1_r1_s1_conditional_scoped_requirement[slice-02-IT-1R1S1-UAD1664-None-not-applicable]
tests/test_it_1_r1_s1_conditional_scoped_requirements.py::test_it_1_r1_s1_conditional_scoped_requirement[slice-02-IT-1R1S1-UAD1664-first-missing-second-supplied]
tests/test_it_1_r1_s1_conditional_scoped_requirements.py::test_it_1_r1_s1_conditional_scoped_requirement[slice-02-IT-1R1S1-UAD1664-first-supplied-second-missing]
tests/test_it_1_r1_s1_conditional_scoped_requirements.py::test_it_1_r1_s1_conditional_scoped_requirement[slice-02-IT-1R1S1-UAD1664-nonapplicable-with-compliant-neighbor]
tests/test_it_1_r1_s1_conditional_scoped_requirements.py::test_it_1_r1_s1_conditional_scoped_requirement[slice-02-IT-1R1S1-UAD1664-two-applicable-missing]",,"If CarStorageType = ""Carport"" or ""Garage"", and CarStorageAreaMeasure is not provided in a given instance of CAR_STORAGE_DETAIL"
627,UAD1665,3200.0005,other_conditional_scoped,loaded_with_collected_tests,app/services/scoped_required_data.py,evaluate_scoped_rule,9,tests/fixtures/it_1/r1/s1/manifest.ttl,"tests/test_it_1_r1_s1_conditional_scoped_requirements.py::test_it_1_r1_s1_conditional_scoped_requirement[slice-02-IT-1R1S1-UAD1665-Carport-missing]
tests/test_it_1_r1_s1_conditional_scoped_requirements.py::test_it_1_r1_s1_conditional_scoped_requirement[slice-02-IT-1R1S1-UAD1665-Carport-supplied]
tests/test_it_1_r1_s1_conditional_scoped_requirements.py::test_it_1_r1_s1_conditional_scoped_requirement[slice-02-IT-1R1S1-UAD1665-Garage-missing]
tests/test_it_1_r1_s1_conditional_scoped_requirements.py::test_it_1_r1_s1_conditional_scoped_requirement[slice-02-IT-1R1S1-UAD1665-Garage-supplied]
tests/test_it_1_r1_s1_conditional_scoped_requirements.py::test_it_1_r1_s1_conditional_scoped_requirement[slice-02-IT-1R1S1-UAD1665-None-not-applicable]
tests/test_it_1_r1_s1_conditional_scoped_requirements.py::test_it_1_r1_s1_conditional_scoped_requirement[slice-02-IT-1R1S1-UAD1665-first-missing-second-supplied]
tests/test_it_1_r1_s1_conditional_scoped_requirements.py::test_it_1_r1_s1_conditional_scoped_requirement[slice-02-IT-1R1S1-UAD1665-first-supplied-second-missing]
tests/test_it_1_r1_s1_conditional_scoped_requirements.py::test_it_1_r1_s1_conditional_scoped_requirement[slice-02-IT-1R1S1-UAD1665-nonapplicable-with-compliant-neighbor]
tests/test_it_1_r1_s1_conditional_scoped_requirements.py::test_it_1_r1_s1_conditional_scoped_requirement[slice-02-IT-1R1S1-UAD1665-two-applicable-missing]",,"If CarStorageType = ""Carport"" or ""Garage"", and CarStorageAttachmentType is not provided in a given instance of CAR_STORAGE_DETAIL"
628,UAD1667,3200.0006,required_structures,loaded_with_collected_tests,app/services/required_structure_required_data.py,evaluate_required_structure,1,data/uad36-test-suite/tests/fixtures/required_structures/required-structures-test-suite.ttl,tests/test_it_1_r3_s1_required_structure.py::test_it_1_r3_s1_detects_an_absent_required_structure[UAD1667],,If at least one instance of CAR_STORAGE_DETAIL is not provided or CarStorageType is not provided in a given instance of CAR_STORAGE_DETAIL
629,UAD1668,3200.0007,single_equality_conditional,loaded_with_collected_tests,app/services/single_equality_required_data.py,evaluate_single_equality,3,data/uad36-test-suite/tests/fixtures/single_equality/test-suite.ttl,"tests/test_it_1_r2_single_equality_behavior.py::test_it_1_r2_s1_single_equality_behavior[UAD1668-nonmatching-missing]
tests/test_it_1_r2_single_equality_behavior.py::test_it_1_r2_s1_single_equality_behavior[UAD1668-matching-missing]
tests/test_it_1_r2_single_equality_behavior.py::test_it_1_r2_s1_single_equality_behavior[UAD1668-matching-supplied]",,"If CarStorageType = ""Other"" and CarStorageTypeOtherDescription is not provided in a given instance of CAR_STORAGE_DETAIL"
630,UAD1669,3200.0008,other_conditional_scoped,loaded_with_collected_tests,app/services/scoped_required_data.py,evaluate_scoped_rule,9,tests/fixtures/it_1/r1/s1/manifest.ttl,"tests/test_it_1_r1_s1_conditional_scoped_requirements.py::test_it_1_r1_s1_conditional_scoped_requirement[slice-02-IT-1R1S1-UAD1669-Driveway-missing]
tests/test_it_1_r1_s1_conditional_scoped_requirements.py::test_it_1_r1_s1_conditional_scoped_requirement[slice-02-IT-1R1S1-UAD1669-Driveway-supplied]
tests/test_it_1_r1_s1_conditional_scoped_requirements.py::test_it_1_r1_s1_conditional_scoped_requirement[slice-02-IT-1R1S1-UAD1669-None-not-applicable]
tests/test_it_1_r1_s1_conditional_scoped_requirements.py::test_it_1_r1_s1_conditional_scoped_requirement[slice-02-IT-1R1S1-UAD1669-SharedDriveway-missing]
tests/test_it_1_r1_s1_conditional_scoped_requirements.py::test_it_1_r1_s1_conditional_scoped_requirement[slice-02-IT-1R1S1-UAD1669-SharedDriveway-supplied]
tests/test_it_1_r1_s1_conditional_scoped_requirements.py::test_it_1_r1_s1_conditional_scoped_requirement[slice-02-IT-1R1S1-UAD1669-first-missing-second-supplied]
tests/test_it_1_r1_s1_conditional_scoped_requirements.py::test_it_1_r1_s1_conditional_scoped_requirement[slice-02-IT-1R1S1-UAD1669-first-supplied-second-missing]
tests/test_it_1_r1_s1_conditional_scoped_requirements.py::test_it_1_r1_s1_conditional_scoped_requirement[slice-02-IT-1R1S1-UAD1669-nonapplicable-with-compliant-neighbor]
tests/test_it_1_r1_s1_conditional_scoped_requirements.py::test_it_1_r1_s1_conditional_scoped_requirement[slice-02-IT-1R1S1-UAD1669-two-applicable-missing]",,"If CarStorageType = ""Driveway"" or ""SharedDriveway"", and ImprovedSurfaceMaterialType is not provided in a given instance of CAR_STORAGE_DETAIL"
631,UAD1670,3200.0009,single_equality_conditional,loaded_with_collected_tests,app/services/single_equality_required_data.py,evaluate_single_equality,3,data/uad36-test-suite/tests/fixtures/single_equality/test-suite.ttl,"tests/test_it_1_r2_single_equality_behavior.py::test_it_1_r2_s1_single_equality_behavior[UAD1670-nonmatching-missing]
tests/test_it_1_r2_single_equality_behavior.py::test_it_1_r2_s1_single_equality_behavior[UAD1670-matching-missing]
tests/test_it_1_r2_single_equality_behavior.py::test_it_1_r2_s1_single_equality_behavior[UAD1670-matching-supplied]",,"If ImprovedSurfaceMaterialType = ""Other"" and ImprovedSurfaceMaterialTypeOtherDescription is not provided in a given instance of CAR_STORAGE_DETAIL"
632,UAD1671,3200.0010,other_conditional_scoped,loaded_with_collected_tests,app/services/scoped_required_data.py,evaluate_scoped_rule,37,tests/fixtures/it_1/r1/s1/manifest.ttl,"tests/test_it_1_r1_s1_conditional_scoped_requirements.py::test_it_1_r1_s1_conditional_scoped_requirement[slice-02-IT-1R1S1-UAD1671-Carport-false-missing]
tests/test_it_1_r1_s1_conditional_scoped_requirements.py::test_it_1_r1_s1_conditional_scoped_requirement[slice-02-IT-1R1S1-UAD1671-Carport-false-supplied]
tests/test_it_1_r1_s1_conditional_scoped_requirements.py::test_it_1_r1_s1_conditional_scoped_requirement[slice-02-IT-1R1S1-UAD1671-Carport-true-missing]
tests/test_it_1_r1_s1_conditional_scoped_requirements.py::test_it_1_r1_s1_conditional_scoped_requirement[slice-02-IT-1R1S1-UAD1671-Carport-true-supplied]
tests/test_it_1_r1_s1_conditional_scoped_requirements.py::test_it_1_r1_s1_conditional_scoped_requirement[slice-02-IT-1R1S1-UAD1671-CommonCarport-false-missing]
tests/test_it_1_r1_s1_conditional_scoped_requirements.py::test_it_1_r1_s1_conditional_scoped_requirement[slice-02-IT-1R1S1-UAD1671-CommonCarport-false-supplied]
tests/test_it_1_r1_s1_conditional_scoped_requirements.py::test_it_1_r1_s1_conditional_scoped_requirement[slice-02-IT-1R1S1-UAD1671-CommonCarport-true-missing]
tests/test_it_1_r1_s1_conditional_scoped_requirements.py::test_it_1_r1_s1_conditional_scoped_requirement[slice-02-IT-1R1S1-UAD1671-CommonCarport-true-supplied]
tests/test_it_1_r1_s1_conditional_scoped_requirements.py::test_it_1_r1_s1_conditional_scoped_requirement[slice-02-IT-1R1S1-UAD1671-Driveway-false-missing]
tests/test_it_1_r1_s1_conditional_scoped_requirements.py::test_it_1_r1_s1_conditional_scoped_requirement[slice-02-IT-1R1S1-UAD1671-Driveway-false-supplied]
tests/test_it_1_r1_s1_conditional_scoped_requirements.py::test_it_1_r1_s1_conditional_scoped_requirement[slice-02-IT-1R1S1-UAD1671-Garage-false-missing]
tests/test_it_1_r1_s1_conditional_scoped_requirements.py::test_it_1_r1_s1_conditional_scoped_requirement[slice-02-IT-1R1S1-UAD1671-Garage-false-supplied]
tests/test_it_1_r1_s1_conditional_scoped_requirements.py::test_it_1_r1_s1_conditional_scoped_requirement[slice-02-IT-1R1S1-UAD1671-Garage-true-missing]
tests/test_it_1_r1_s1_conditional_scoped_requirements.py::test_it_1_r1_s1_conditional_scoped_requirement[slice-02-IT-1R1S1-UAD1671-Garage-true-supplied]
tests/test_it_1_r1_s1_conditional_scoped_requirements.py::test_it_1_r1_s1_conditional_scoped_requirement[slice-02-IT-1R1S1-UAD1671-OpenLot-false-missing]
tests/test_it_1_r1_s1_conditional_scoped_requirements.py::test_it_1_r1_s1_conditional_scoped_requirement[slice-02-IT-1R1S1-UAD1671-OpenLot-false-supplied]
tests/test_it_1_r1_s1_conditional_scoped_requirements.py::test_it_1_r1_s1_conditional_scoped_requirement[slice-02-IT-1R1S1-UAD1671-OpenLot-true-missing]
tests/test_it_1_r1_s1_conditional_scoped_requirements.py::test_it_1_r1_s1_conditional_scoped_requirement[slice-02-IT-1R1S1-UAD1671-OpenLot-true-supplied]
tests/test_it_1_r1_s1_conditional_scoped_requirements.py::test_it_1_r1_s1_conditional_scoped_requirement[slice-02-IT-1R1S1-UAD1671-Other-false-missing]
tests/test_it_1_r1_s1_conditional_scoped_requirements.py::test_it_1_r1_s1_conditional_scoped_requirement[slice-02-IT-1R1S1-UAD1671-Other-false-supplied]
tests/test_it_1_r1_s1_conditional_scoped_requirements.py::test_it_1_r1_s1_conditional_scoped_requirement[slice-02-IT-1R1S1-UAD1671-Other-true-missing]
tests/test_it_1_r1_s1_conditional_scoped_requirements.py::test_it_1_r1_s1_conditional_scoped_requirement[slice-02-IT-1R1S1-UAD1671-Other-true-supplied]
tests/test_it_1_r1_s1_conditional_scoped_requirements.py::test_it_1_r1_s1_conditional_scoped_requirement[slice-02-IT-1R1S1-UAD1671-ParkingGarage-false-missing]
tests/test_it_1_r1_s1_conditional_scoped_requirements.py::test_it_1_r1_s1_conditional_scoped_requirement[slice-02-IT-1R1S1-UAD1671-ParkingGarage-false-supplied]
tests/test_it_1_r1_s1_conditional_scoped_requirements.py::test_it_1_r1_s1_conditional_scoped_requirement[slice-02-IT-1R1S1-UAD1671-ParkingGarage-true-missing]
tests/test_it_1_r1_s1_conditional_scoped_requirements.py::test_it_1_r1_s1_conditional_scoped_requirement[slice-02-IT-1R1S1-UAD1671-ParkingGarage-true-supplied]
tests/test_it_1_r1_s1_conditional_scoped_requirements.py::test_it_1_r1_s1_conditional_scoped_requirement[slice-02-IT-1R1S1-UAD1671-SharedDriveway-false-missing]
tests/test_it_1_r1_s1_conditional_scoped_requirements.py::test_it_1_r1_s1_conditional_scoped_requirement[slice-02-IT-1R1S1-UAD1671-SharedDriveway-false-supplied]
tests/test_it_1_r1_s1_conditional_scoped_requirements.py::test_it_1_r1_s1_conditional_scoped_requirement[slice-02-IT-1R1S1-UAD1671-conditions-split-between-instances]
tests/test_it_1_r1_s1_conditional_scoped_requirements.py::test_it_1_r1_s1_conditional_scoped_requirement[slice-02-IT-1R1S1-UAD1671-driveway-ten-or-more-not-applicable]
tests/test_it_1_r1_s1_conditional_scoped_requirements.py::test_it_1_r1_s1_conditional_scoped_requirement[slice-02-IT-1R1S1-UAD1671-first-missing-second-supplied]
tests/test_it_1_r1_s1_conditional_scoped_requirements.py::test_it_1_r1_s1_conditional_scoped_requirement[slice-02-IT-1R1S1-UAD1671-first-supplied-second-missing]
tests/test_it_1_r1_s1_conditional_scoped_requirements.py::test_it_1_r1_s1_conditional_scoped_requirement[slice-02-IT-1R1S1-UAD1671-nonapplicable-with-compliant-neighbor]
tests/test_it_1_r1_s1_conditional_scoped_requirements.py::test_it_1_r1_s1_conditional_scoped_requirement[slice-02-IT-1R1S1-UAD1671-none-false-not-applicable]
tests/test_it_1_r1_s1_conditional_scoped_requirements.py::test_it_1_r1_s1_conditional_scoped_requirement[slice-02-IT-1R1S1-UAD1671-none-true-not-applicable]
tests/test_it_1_r1_s1_conditional_scoped_requirements.py::test_it_1_r1_s1_conditional_scoped_requirement[slice-02-IT-1R1S1-UAD1671-shared-driveway-ten-or-more-not-applicable]
tests/test_it_1_r1_s1_conditional_scoped_requirements.py::test_it_1_r1_s1_conditional_scoped_requirement[slice-02-IT-1R1S1-UAD1671-two-applicable-missing]",,"If (CarStorageType = ""Driveway"" or ""SharedDriveway"", and TenOrMoreParkingSpacesIndicator = ""false"") or (CarStorageType = ""Carport"" or ""CommonCarport"" or ""Garage"" or ""OpenLot"" or ""Other"" or ""ParkingGarage""), and ParkingSpacesCount is not provided in a given instance of CAR_STORAGE_DETAIL"
633,UAD1672,3200.0011,other_conditional_scoped,loaded_with_collected_tests,app/services/scoped_required_data.py,evaluate_scoped_rule,9,tests/fixtures/it_1/r1/s1/manifest.ttl,"tests/test_it_1_r1_s1_conditional_scoped_requirements.py::test_it_1_r1_s1_conditional_scoped_requirement[slice-02-IT-1R1S1-UAD1672-Driveway-missing]
tests/test_it_1_r1_s1_conditional_scoped_requirements.py::test_it_1_r1_s1_conditional_scoped_requirement[slice-02-IT-1R1S1-UAD1672-Driveway-supplied]
tests/test_it_1_r1_s1_conditional_scoped_requirements.py::test_it_1_r1_s1_conditional_scoped_requirement[slice-02-IT-1R1S1-UAD1672-None-not-applicable]
tests/test_it_1_r1_s1_conditional_scoped_requirements.py::test_it_1_r1_s1_conditional_scoped_requirement[slice-02-IT-1R1S1-UAD1672-SharedDriveway-missing]
tests/test_it_1_r1_s1_conditional_scoped_requirements.py::test_it_1_r1_s1_conditional_scoped_requirement[slice-02-IT-1R1S1-UAD1672-SharedDriveway-supplied]
tests/test_it_1_r1_s1_conditional_scoped_requirements.py::test_it_1_r1_s1_conditional_scoped_requirement[slice-02-IT-1R1S1-UAD1672-first-missing-second-supplied]
tests/test_it_1_r1_s1_conditional_scoped_requirements.py::test_it_1_r1_s1_conditional_scoped_requirement[slice-02-IT-1R1S1-UAD1672-first-supplied-second-missing]
tests/test_it_1_r1_s1_conditional_scoped_requirements.py::test_it_1_r1_s1_conditional_scoped_requirement[slice-02-IT-1R1S1-UAD1672-nonapplicable-with-compliant-neighbor]
tests/test_it_1_r1_s1_conditional_scoped_requirements.py::test_it_1_r1_s1_conditional_scoped_requirement[slice-02-IT-1R1S1-UAD1672-two-applicable-missing]",,"If CarStorageType = ""Driveway"" or ""SharedDriveway"", and TenOrMoreParkingSpacesIndicator is not provided in a given instance of CAR_STORAGE_DETAIL"
634,UAD1673,3200.0012,other_conditional_scoped,loaded_with_collected_tests,app/services/scoped_required_data.py,evaluate_scoped_rule,11,tests/fixtures/it_1/r1/s1/manifest.ttl,"tests/test_it_1_r1_s1_conditional_scoped_requirements.py::test_it_1_r1_s1_conditional_scoped_requirement[slice-02-IT-1R1S1-UAD1673-CommonCarport-missing]
tests/test_it_1_r1_s1_conditional_scoped_requirements.py::test_it_1_r1_s1_conditional_scoped_requirement[slice-02-IT-1R1S1-UAD1673-CommonCarport-supplied]
tests/test_it_1_r1_s1_conditional_scoped_requirements.py::test_it_1_r1_s1_conditional_scoped_requirement[slice-02-IT-1R1S1-UAD1673-None-not-applicable]
tests/test_it_1_r1_s1_conditional_scoped_requirements.py::test_it_1_r1_s1_conditional_scoped_requirement[slice-02-IT-1R1S1-UAD1673-OpenLot-missing]
tests/test_it_1_r1_s1_conditional_scoped_requirements.py::test_it_1_r1_s1_conditional_scoped_requirement[slice-02-IT-1R1S1-UAD1673-OpenLot-supplied]
tests/test_it_1_r1_s1_conditional_scoped_requirements.py::test_it_1_r1_s1_conditional_scoped_requirement[slice-02-IT-1R1S1-UAD1673-ParkingGarage-missing]
tests/test_it_1_r1_s1_conditional_scoped_requirements.py::test_it_1_r1_s1_conditional_scoped_requirement[slice-02-IT-1R1S1-UAD1673-ParkingGarage-supplied]
tests/test_it_1_r1_s1_conditional_scoped_requirements.py::test_it_1_r1_s1_conditional_scoped_requirement[slice-02-IT-1R1S1-UAD1673-first-missing-second-supplied]
tests/test_it_1_r1_s1_conditional_scoped_requirements.py::test_it_1_r1_s1_conditional_scoped_requirement[slice-02-IT-1R1S1-UAD1673-first-supplied-second-missing]
tests/test_it_1_r1_s1_conditional_scoped_requirements.py::test_it_1_r1_s1_conditional_scoped_requirement[slice-02-IT-1R1S1-UAD1673-nonapplicable-with-compliant-neighbor]
tests/test_it_1_r1_s1_conditional_scoped_requirements.py::test_it_1_r1_s1_conditional_scoped_requirement[slice-02-IT-1R1S1-UAD1673-two-applicable-missing]",,"If CarStorageType = ""CommonCarport"" or ""OpenLot"" or ""ParkingGarage"", and ProjectParkingSpaceAssignmentType is not provided in a given instance of CAR_STORAGE_DETAIL"
635,UAD1675,3200.0021,other_conditional_scoped,not_loaded,,,0,,,,"If CarStorageType <> ""None"" and VehicleStorageDefectsExistIndicator is not provided"
636,UAD1676,3300.0002,unconditional_required,loaded_with_collected_tests,app/services/required_data.py,evaluate_required_data (unconditional presence),3,data/uad36-test-suite/tests/fixtures/required_data/test-suite.ttl; data/uad36-test-suite/tests/fixtures/unconditional_required/test-suite.ttl,"tests/test_it_1_r4_s1_unconditional_required.py::test_it_1_r4_s1_detects_absent_required_data[UAD1676]
data/uad36-test-suite/tests/test_required_data_acceptance.py::test_production_detects_missing_required_data[3300.0002-UAD1676]
data/uad36-test-suite/tests/test_required_data_rdf.py::test_rdf_missing_element_produces_expected_finding[3300.0002-UAD1676]",,If SketchExistsIndicator is not provided
637,UAD1677,3300.0007,single_equality_conditional,loaded_with_collected_tests,app/services/single_equality_required_data.py,evaluate_single_equality,3,data/uad36-test-suite/tests/fixtures/single_equality/test-suite.ttl,"tests/test_it_1_r2_single_equality_behavior.py::test_it_1_r2_s1_single_equality_behavior[UAD1677-nonmatching-missing]
tests/test_it_1_r2_single_equality_behavior.py::test_it_1_r2_s1_single_equality_behavior[UAD1677-matching-missing]
tests/test_it_1_r2_single_equality_behavior.py::test_it_1_r2_s1_single_equality_behavior[UAD1677-matching-supplied]",,"If SketchExistsIndicator = ""true"" and MeasurementStandardPublisherType is not provided"
638,UAD1678,3300.0008,single_equality_conditional,loaded_with_collected_tests,app/services/single_equality_required_data.py,evaluate_single_equality,3,data/uad36-test-suite/tests/fixtures/single_equality/test-suite.ttl,"tests/test_it_1_r2_single_equality_behavior.py::test_it_1_r2_s1_single_equality_behavior[UAD1678-nonmatching-missing]
tests/test_it_1_r2_single_equality_behavior.py::test_it_1_r2_s1_single_equality_behavior[UAD1678-matching-missing]
tests/test_it_1_r2_single_equality_behavior.py::test_it_1_r2_s1_single_equality_behavior[UAD1678-matching-supplied]",,"If MeasurementStandardPublisherType = ""Other"" and MeasurementStandardPublisherTypeOtherDescription is not provided"
639,UAD1680,3600.0002,required_structures,loaded_with_collected_tests,app/services/required_structure_required_data.py,evaluate_required_structure,1,data/uad36-test-suite/tests/fixtures/required_structures/required-structures-test-suite.ttl,tests/test_it_1_r3_s1_required_structure.py::test_it_1_r3_s1_detects_an_absent_required_structure[UAD1680],,If at least one instance of FUNCTIONAL_ISSUE is not provided or FunctionalIssueType is not provided in a given instance of FUNCTIONAL_ISSUE
640,UAD1681,3600.0003,single_equality_conditional,loaded_with_collected_tests,app/services/single_equality_required_data.py,evaluate_single_equality,3,data/uad36-test-suite/tests/fixtures/single_equality/test-suite.ttl,"tests/test_it_1_r2_single_equality_behavior.py::test_it_1_r2_s1_single_equality_behavior[UAD1681-nonmatching-missing]
tests/test_it_1_r2_single_equality_behavior.py::test_it_1_r2_s1_single_equality_behavior[UAD1681-matching-missing]
tests/test_it_1_r2_single_equality_behavior.py::test_it_1_r2_s1_single_equality_behavior[UAD1681-matching-supplied]",,"If FunctionalIssueType = ""Other"" and FunctionalIssueTypeOtherDescription is not provided in a given instance of FUNCTIONAL_ISSUE"
641,UAD1683,3700.0002,required_structures,loaded_with_collected_tests,app/services/required_structure_required_data.py,evaluate_required_structure,1,data/uad36-test-suite/tests/fixtures/required_structures/required-structures-test-suite.ttl,tests/test_it_1_r3_s1_required_structure.py::test_it_1_r3_s1_detects_an_absent_required_structure[UAD1683],,If at least one instance of DISASTER_MITIGATION_FEATURE is not provided or DisasterMitigationFeatureType is not provided in a given instance of DISASTER_MITIGATION_FEATURE
642,UAD1684,3700.0003,single_equality_conditional,loaded_with_collected_tests,app/services/single_equality_required_data.py,evaluate_single_equality,3,data/uad36-test-suite/tests/fixtures/single_equality/test-suite.ttl,"tests/test_it_1_r2_single_equality_behavior.py::test_it_1_r2_s1_single_equality_behavior[UAD1684-nonmatching-missing]
tests/test_it_1_r2_single_equality_behavior.py::test_it_1_r2_s1_single_equality_behavior[UAD1684-matching-missing]
tests/test_it_1_r2_single_equality_behavior.py::test_it_1_r2_s1_single_equality_behavior[UAD1684-matching-supplied]",,"If DisasterMitigationFeatureType = ""Other"" and DisasterMitigationFeatureTypeOtherDescription is not provided in a given instance of DISASTER_MITIGATION_FEATURE"
643,UAD1685,3900.0033,relationship_reference_integrity,loaded_with_collected_tests,app/services/relationship_reference_required_data.py,evaluate_relationship_reference,1,data/uad36-test-suite/tests/fixtures/relationship_reference_integrity/test-suite.ttl,tests/test_it_1_r9_s1_relationship_reference_integrity.py::test_it_1_r9_s1_rejects_invalid_relationship_or_reference[UAD1685],,"If @ValuationUseType = ""SubjectProperty"" and SubjectPropertyAmenitiesDefectsExistIndicator = ""true"", and there is no instance of RELATIONSHIP with @xlink:arcrole = ""urn:fdc:mismo.org:2009:residential/DEFECT_ContainsDefectOf_AMENITY"" linking DEFECT to the AMENITY"
644,UAD1686,3900.0091,relationship_reference_integrity,loaded_with_collected_tests,app/services/relationship_reference_required_data.py,evaluate_relationship_reference,1,data/uad36-test-suite/tests/fixtures/relationship_reference_integrity/test-suite.ttl,tests/test_it_1_r9_s1_relationship_reference_integrity.py::test_it_1_r9_s1_rejects_invalid_relationship_or_reference[UAD1686],,"If @ValuationUseType = ""SubjectProperty"" and VehicleStorageDefectsExistIndicator = ""true"", and there is no instance of RELATIONSHIP with @xlink:arcrole = ""urn:fdc:mismo.org:2009:residential/DEFECT_ContainsDefectOf_CAR_STORAGE"" linking DEFECT to CAR_STORAGE"
645,UAD1687,3900.0097,other_conditional_scoped,loaded_with_collected_tests,app/services/scoped_required_data.py,evaluate_scoped_rule,7,tests/fixtures/it_1/r1/s1/manifest.ttl,"tests/test_it_1_r1_s1_conditional_scoped_requirements.py::test_it_1_r1_s1_conditional_scoped_requirement[slice-02-IT-1R1S1-UAD1687-Dwelling-missing]
tests/test_it_1_r1_s1_conditional_scoped_requirements.py::test_it_1_r1_s1_conditional_scoped_requirement[slice-02-IT-1R1S1-UAD1687-Dwelling-supplied]
tests/test_it_1_r1_s1_conditional_scoped_requirements.py::test_it_1_r1_s1_conditional_scoped_requirement[slice-02-IT-1R1S1-UAD1687-Outbuilding-not-applicable]
tests/test_it_1_r1_s1_conditional_scoped_requirements.py::test_it_1_r1_s1_conditional_scoped_requirement[slice-02-IT-1R1S1-UAD1687-first-missing-second-supplied]
tests/test_it_1_r1_s1_conditional_scoped_requirements.py::test_it_1_r1_s1_conditional_scoped_requirement[slice-02-IT-1R1S1-UAD1687-first-supplied-second-missing]
tests/test_it_1_r1_s1_conditional_scoped_requirements.py::test_it_1_r1_s1_conditional_scoped_requirement[slice-02-IT-1R1S1-UAD1687-nonapplicable-with-compliant-neighbor]
tests/test_it_1_r1_s1_conditional_scoped_requirements.py::test_it_1_r1_s1_conditional_scoped_requirement[slice-02-IT-1R1S1-UAD1687-two-applicable-missing]",,"If DwellingExteriorDefectsExistIndicator is not provided in a given instance of IMPROVEMENT_DETAIL where ImprovementType = ""Dwelling"""
646,UAD1688,3900.0107,other_conditional_scoped,not_loaded,,,0,,,,"If (ImprovementType = ""Dwelling"" or (ImprovementType = ""Outbuilding"" and OutbuildingRealPropertyIndicator = ""true"" and AccessoryDwellingUnitIndicator = ""true"")), and UnitInteriorDefectsExistIndicator is not provided in a given instance of PROPERTY_UNIT_DETAIL"
647,UAD1689,3900.0145,relationship_reference_integrity,loaded_with_collected_tests,app/services/relationship_reference_required_data.py,evaluate_relationship_reference,1,data/uad36-test-suite/tests/fixtures/relationship_reference_integrity/test-suite.ttl,tests/test_it_1_r9_s1_relationship_reference_integrity.py::test_it_1_r9_s1_rejects_invalid_relationship_or_reference[UAD1689],Rule Logic,"If @ValuationUseType = ""SubjectProperty"" and DwellingExteriorDefectsExistIndicator = ""true"", and there is no instance of RELATIONSHIP with @xlink:arcrole = ""urn:fdc:mismo.org:2009:residential/DEFECT_ContainsDefectOf_IMPROVEMENT"" that links DEFECT to the given instance of IMPROVEMENT with ImprovementType = 'Dwelling'
"
648,UAD1690,3900.0148,relationship_reference_integrity,loaded_with_collected_tests,app/services/relationship_reference_required_data.py,evaluate_relationship_reference,1,data/uad36-test-suite/tests/fixtures/relationship_reference_integrity/test-suite.ttl,tests/test_it_1_r9_s1_relationship_reference_integrity.py::test_it_1_r9_s1_rejects_invalid_relationship_or_reference[UAD1690],,"If @ValuationUseType = ""SubjectProperty"" and SiteDefectsExistIndicator = ""true"", and there is no instance of RELATIONSHIP with @xlink:arcrole = ""urn:fdc:mismo.org:2009:residential/DEFECT_ContainsDefectOf_SITE"" linking DEFECT to SITE"
649,UAD1691,3900.0154,relationship_reference_integrity,loaded_with_collected_tests,app/services/relationship_reference_required_data.py,evaluate_relationship_reference,1,data/uad36-test-suite/tests/fixtures/relationship_reference_integrity/test-suite.ttl,tests/test_it_1_r9_s1_relationship_reference_integrity.py::test_it_1_r9_s1_rejects_invalid_relationship_or_reference[UAD1691],,"If @ValuationUseType = ""SubjectProperty"" and UnitInteriorDefectsExistIndicator = ""true"", and there is no instance of RELATIONSHIP with @xlink:arcrole = ""urn:fdc:mismo.org:2009:residential/DEFECT_ContainsDefectOf_PROPERTY_UNIT"" linking DEFECT to the given instance of PROPERTY_UNIT"
650,UAD1692,3900.0192,relationship_reference_integrity,loaded_with_collected_tests,app/services/relationship_reference_required_data.py,evaluate_relationship_reference,1,data/uad36-test-suite/tests/fixtures/relationship_reference_integrity/test-suite.ttl,tests/test_it_1_r9_s1_relationship_reference_integrity.py::test_it_1_r9_s1_rejects_invalid_relationship_or_reference[UAD1692],,"If @ValuationUseType = ""SubjectProperty"" and OutbuildingDefectsExistIndicator = ""true"", and there is no instance of RELATIONSHIP with @xlink:arcrole = ""urn:fdc:mismo.org:2009:residential/DEFECT_ContainsDefectOf_IMPROVEMENT"" linking DEFECT to IMPROVEMENT with ImprovementType = 'Outbuilding'"
651,UAD1693,0300.0063,aggregate_cross_record_consistency,loaded_with_collected_tests,app/services/aggregate_cross_record_required_data.py,evaluate_aggregate_cross_record,3,tests/fixtures/it_1/r13/s1/manifest.ttl,"tests/test_it_1_r13_s1_aggregate_cross_record_consistency.py::test_it_1_r13_s1_aggregate_cross_record_consistency[UAD1693:multiple-structures]
tests/test_it_1_r13_s1_aggregate_cross_record_consistency.py::test_it_1_r13_s1_aggregate_cross_record_consistency[UAD1693:one-structure]
tests/test_it_1_r13_s1_aggregate_cross_record_consistency.py::test_it_1_r13_s1_aggregate_cross_record_consistency[UAD1693:other-property-control]",Rule Logic;  xPath,"If AccessoryDwellingUnitTotalCount plus
LivingUnitExcludingADUCount does not equal the sum of LivingUnitCount across all instances of STRUCTURE_DETAIL"
652,UAD1694,0700.0089,required_structures,loaded_with_collected_tests,app/services/required_structure_required_data.py,evaluate_required_structure,1,data/uad36-test-suite/tests/fixtures/required_structures/required-structures-test-suite.ttl,tests/test_it_1_r3_s1_required_structure.py::test_it_1_r3_s1_detects_an_absent_required_structure[UAD1694],,"For each instance of IMPROVEMENT_DETAIL with ImprovementType = ""Dwelling"", if there is no occurrences of PROPERTY_UNIT_DETAIL with AccessoryDwellingUnitIndicator = ""false"""
653,UAD1695,0300.0039,alternative_mutually_exclusive,not_loaded,,,0,,,,"If CostApproachIndicator = ""true"" and ImprovementType = ""Dwelling"" and EffectiveAgeYearsCount is provided, and (either or both of EffectiveAgeRangeLowYearsCount or EffectiveAgeRangeHighYearsCount is provided) in a given instance of STRUCTURE_ANALYSIS_DETAIL"
654,UAD1696,0300.0039,alternative_mutually_exclusive,not_loaded,,,0,,,,"If CostApproachIndicator = ""true"" and ImprovementType = ""Dwelling"" and EffectiveAgeYearsCount is not provided, and (either EffectiveAgeRangeLowYearsCount or EffectiveAgeRangeHighYearsCount is not provided) in a given instance of STRUCTURE_ANALYSIS_DETAIL"
655,UAD1698,0800.0012,alternative_mutually_exclusive,not_loaded,,,0,,,,"If PriorSalesOrTransfersIndicator = ""true"" and ((OwnershipTransferTransactionAmount and OwnershipTransferAmountNotAvailableReasonType are not provided) or (OwnershipTransferTransactionAmount and OwnershipTransferAmountNotAvailableReasonType are provided))"
656,UAD1699,1000.0019,alternative_mutually_exclusive,not_loaded,,,0,,,,"If neither FullName nor LastName is provided for PartyRoleType = ""PropertySeller"""
657,UAD1700,1000.0023,alternative_mutually_exclusive,not_loaded,,,0,,,,"If neither FullName nor LastName is provided for PartyRoleType = ""PropertyOwner"""
658,UAD1701,1000.0102,alternative_mutually_exclusive,not_loaded,,,0,,,,"If neither FullName nor LastName is provided for PartyRoleType = ""Borrower"""
659,UAD1702,,uniqueness_cardinality,loaded_with_collected_tests,app/services/uniqueness_cardinality_required_data.py,evaluate_uniqueness_cardinality,1,data/uad36-test-suite/tests/fixtures/uniqueness_cardinality/test-suite.ttl,tests/test_it_1_r5_s1_uniqueness_cardinality.py::test_it_1_r5_s1_rejects_prohibited_duplicate_or_occurrence_count[UAD1702],,"If @ValuationUseType = ""LandComparable"" and there is more than one instance of SALES_HISTORY"
660,UAD1703,,uniqueness_cardinality,loaded_with_collected_tests,app/services/uniqueness_cardinality_required_data.py,evaluate_uniqueness_cardinality,1,data/uad36-test-suite/tests/fixtures/uniqueness_cardinality/test-suite.ttl,tests/test_it_1_r5_s1_uniqueness_cardinality.py::test_it_1_r5_s1_rejects_prohibited_duplicate_or_occurrence_count[UAD1703],,"If @ValuationUseType = ""GrossRentMultiplierComparable"" and there is more than one instance of SALES_HISTORY"
661,UAD1704,,uniqueness_cardinality,loaded_with_collected_tests,app/services/uniqueness_cardinality_required_data.py,evaluate_uniqueness_cardinality,1,data/uad36-test-suite/tests/fixtures/uniqueness_cardinality/test-suite.ttl,tests/test_it_1_r5_s1_uniqueness_cardinality.py::test_it_1_r5_s1_rejects_prohibited_duplicate_or_occurrence_count[UAD1704],,"If @ValuationUseType = ""PropertyAnalyzedNotUsed"" and there is more than one instance of SALES_HISTORY"
662,UAD1705,,existing_context_required,loaded_with_collected_tests,app/services/existing_context_required_data.py,evaluate_existing_context_required,1,data/uad36-test-suite/tests/fixtures/existing_context_required/test-suite.ttl,tests/test_it_1_r8_s1_existing_context_required.py::test_it_1_r8_s1_detects_missing_data_inside_existing_context[UAD1705],,If ImageFileLocationIdentifier is not provided in a given instance of IMAGE
663,UAD1707,,existing_context_required,loaded_with_collected_tests,app/services/existing_context_required_data.py,evaluate_existing_context_required,1,data/uad36-test-suite/tests/fixtures/existing_context_required/test-suite.ttl,tests/test_it_1_r8_s1_existing_context_required.py::test_it_1_r8_s1_detects_missing_data_inside_existing_context[UAD1707],,If MIMETypeIdentifier is not provided in a given instance of IMAGE
664,UAD1708,1400.0901,single_equality_conditional,loaded_with_collected_tests,app/services/single_equality_required_data.py,evaluate_single_equality,3,data/uad36-test-suite/tests/fixtures/single_equality/test-suite.ttl,"tests/test_it_1_r2_single_equality_behavior.py::test_it_1_r2_s1_single_equality_behavior[UAD1708-nonmatching-missing]
tests/test_it_1_r2_single_equality_behavior.py::test_it_1_r2_s1_single_equality_behavior[UAD1708-matching-missing]
tests/test_it_1_r2_single_equality_behavior.py::test_it_1_r2_s1_single_equality_behavior[UAD1708-matching-supplied]",,"If @ValuationUseType = ""SalesComparable"" and MIMETypeIdentifier is not provided in a given instance of IMAGE"
665,UAD1710,,existing_context_required,loaded_with_collected_tests,app/services/existing_context_required_data.py,evaluate_existing_context_required,1,data/uad36-test-suite/tests/fixtures/existing_context_required/test-suite.ttl,tests/test_it_1_r8_s1_existing_context_required.py::test_it_1_r8_s1_detects_missing_data_inside_existing_context[UAD1710],,If DefectItemAffectsSoundnessStructuralIntegrityIndicator is not provided in a given instance of DEFECT_DETAIL
666,UAD1711,,existing_context_required,loaded_with_collected_tests,app/services/existing_context_required_data.py,evaluate_existing_context_required,1,data/uad36-test-suite/tests/fixtures/existing_context_required/test-suite.ttl,tests/test_it_1_r8_s1_existing_context_required.py::test_it_1_r8_s1_detects_missing_data_inside_existing_context[UAD1711],,If DefectItemDescription is not provided in a given instance of DEFECT_DETAIL
667,UAD1712,,existing_context_required,loaded_with_collected_tests,app/services/existing_context_required_data.py,evaluate_existing_context_required,1,data/uad36-test-suite/tests/fixtures/existing_context_required/test-suite.ttl,tests/test_it_1_r8_s1_existing_context_required.py::test_it_1_r8_s1_detects_missing_data_inside_existing_context[UAD1712],,If DefectItemLocationType is not provided in a given instance of DEFECT_DETAIL
668,UAD1713,,single_equality_conditional,loaded_with_collected_tests,app/services/single_equality_required_data.py,evaluate_single_equality,3,data/uad36-test-suite/tests/fixtures/single_equality/test-suite.ttl,"tests/test_it_1_r2_single_equality_behavior.py::test_it_1_r2_s1_single_equality_behavior[UAD1713-nonmatching-missing]
tests/test_it_1_r2_single_equality_behavior.py::test_it_1_r2_s1_single_equality_behavior[UAD1713-matching-missing]
tests/test_it_1_r2_single_equality_behavior.py::test_it_1_r2_s1_single_equality_behavior[UAD1713-matching-supplied]",,"If DefectItemLocationType = ""Other"" and DefectItemLocationTypeOtherDescription is not provided in a given instance of DEFECT_DETAIL"
669,UAD1714,,existing_context_required,loaded_with_collected_tests,app/services/existing_context_required_data.py,evaluate_existing_context_required,1,data/uad36-test-suite/tests/fixtures/existing_context_required/test-suite.ttl,tests/test_it_1_r8_s1_existing_context_required.py::test_it_1_r8_s1_detects_missing_data_inside_existing_context[UAD1714],,If DefectItemRecommendedActionType is not provided in a given instance of DEFECT_DETAIL
670,UAD1715,,other_conditional_scoped,not_loaded,,,0,,,,If DefectComponentLabelType is not provided in a given instance of DEFECT_DETAIL that is not associated with AMENTIY or CAR_STORAGE
671,UAD1716,,single_equality_conditional,loaded_with_collected_tests,app/services/single_equality_required_data.py,evaluate_single_equality,3,data/uad36-test-suite/tests/fixtures/single_equality/test-suite.ttl,"tests/test_it_1_r2_single_equality_behavior.py::test_it_1_r2_s1_single_equality_behavior[UAD1716-nonmatching-missing]
tests/test_it_1_r2_single_equality_behavior.py::test_it_1_r2_s1_single_equality_behavior[UAD1716-matching-missing]
tests/test_it_1_r2_single_equality_behavior.py::test_it_1_r2_s1_single_equality_behavior[UAD1716-matching-supplied]",,"If DefectComponentLabelType = ""Other"" and DefectComponentLabelTypeOtherDescription is not provided in a given instance of DEFECT_DETAIL"
672,UAD1717,,relationship_reference_integrity,loaded_with_collected_tests,app/services/relationship_reference_required_data.py,evaluate_relationship_reference,1,data/uad36-test-suite/tests/fixtures/relationship_reference_integrity/test-suite.ttl,tests/test_it_1_r9_s1_relationship_reference_integrity.py::test_it_1_r9_s1_rejects_invalid_relationship_or_reference[UAD1717],,"If the 'xlink:arcrole', 'xlink:from', and 'xlink:to' labels are not unique across all instances of RELATIONSHIP"
673,UAD1718,,relationship_reference_integrity,loaded_with_collected_tests,app/services/relationship_reference_required_data.py,evaluate_relationship_reference,1,data/uad36-test-suite/tests/fixtures/relationship_reference_integrity/test-suite.ttl,tests/test_it_1_r9_s1_relationship_reference_integrity.py::test_it_1_r9_s1_rejects_invalid_relationship_or_reference[UAD1718],,If the associated container does not have the xlink:from label specified in a given instance of RELATIONSHIP
674,UAD1719,,relationship_reference_integrity,loaded_with_collected_tests,app/services/relationship_reference_required_data.py,evaluate_relationship_reference,1,data/uad36-test-suite/tests/fixtures/relationship_reference_integrity/test-suite.ttl,tests/test_it_1_r9_s1_relationship_reference_integrity.py::test_it_1_r9_s1_rejects_invalid_relationship_or_reference[UAD1719],,If the associated container or data element does not have the xlink:to label specified in a given instance of RELATIONSHIP
675,UAD1720,,alternative_mutually_exclusive,not_loaded,,,0,,,,"If CostApproachIndicator = ""true"" and DepreciationTotalAmount is not provided, and (DepreciationExternalAmount or DepreciationFunctionalAmount or DepreciationPhysicalAmount are not provided) in a given instance of IMPROVEMENT_COST_AND_DEPRECIATED_VALUE/IMPROVEMENT_DEPRECIATION"
676,UAD1721,0500.0016,format_precision_length,loaded_with_collected_tests,app/services/representation_restriction_required_data.py,evaluate_representation_restriction,1,data/uad36-test-suite/tests/fixtures/representation_restrictions/test-suite.ttl,tests/test_it_1_r7_s1_representation_restrictions.py::test_it_1_r7_s1_rejects_value_violating_representation_restriction[UAD1721],,"If ManufacturedHomeManufactureDate does not include year, month and day in YYYY-MM-DD format"
677,UAD1722,2400.0056,uniqueness_cardinality,loaded_with_collected_tests,app/services/uniqueness_cardinality_required_data.py,evaluate_uniqueness_cardinality,1,data/uad36-test-suite/tests/fixtures/uniqueness_cardinality/test-suite.ttl,tests/test_it_1_r5_s1_uniqueness_cardinality.py::test_it_1_r5_s1_rejects_prohibited_duplicate_or_occurrence_count[UAD1722],,"If more than one instance of ROLE_DETAIL has PartyRoleType = ""Appraiser"" across all instances of PARTY"
678,UAD1723,2400.0080; 2400.0502,format_precision_length,loaded_with_collected_tests,app/services/representation_restriction_required_data.py,evaluate_representation_restriction,1,data/uad36-test-suite/tests/fixtures/representation_restrictions/test-suite.ttl,tests/test_it_1_r7_s1_representation_restrictions.py::test_it_1_r7_s1_rejects_value_violating_representation_restriction[UAD1723],,"If InspectionDate does not include year, month and day (YYYY-MM-DD format)"
679,UAD1725,0900.0012,format_precision_length,loaded_with_collected_tests,app/services/representation_restriction_required_data.py,evaluate_representation_restriction,1,data/uad36-test-suite/tests/fixtures/representation_restrictions/test-suite.ttl,tests/test_it_1_r7_s1_representation_restrictions.py::test_it_1_r7_s1_rejects_value_violating_representation_restriction[UAD1725],,"If ListingStartDate does not include year, month and day (YYYY-MM-DD format)"
680,UAD1726,0900.0010,format_precision_length,loaded_with_collected_tests,app/services/representation_restriction_required_data.py,evaluate_representation_restriction,1,data/uad36-test-suite/tests/fixtures/representation_restrictions/test-suite.ttl,tests/test_it_1_r7_s1_representation_restrictions.py::test_it_1_r7_s1_rejects_value_violating_representation_restriction[UAD1726],,"If ListingEndDate does not include year, month and day (YYYY-MM-DD format)"
681,UAD1727,2500.0084,format_precision_length,loaded_with_collected_tests,app/services/representation_restriction_required_data.py,evaluate_representation_restriction,1,data/uad36-test-suite/tests/fixtures/representation_restrictions/test-suite.ttl,tests/test_it_1_r7_s1_representation_restrictions.py::test_it_1_r7_s1_rejects_value_violating_representation_restriction[UAD1727],,If TaxAbatementsOrExemptionsExpirationDate does not include year and month (YYYY-MM format)
682,UAD1728,0600.0009,format_precision_length,loaded_with_collected_tests,app/services/representation_restriction_required_data.py,evaluate_representation_restriction,1,data/uad36-test-suite/tests/fixtures/representation_restrictions/test-suite.ttl,tests/test_it_1_r7_s1_representation_restrictions.py::test_it_1_r7_s1_rejects_value_violating_representation_restriction[UAD1728],,"If SalesContractDate does not include year, month and day (YYYY-MM-DD format)"
683,UAD1730,0700.0089,value_cross_field_consistency,loaded_with_collected_tests,app/services/value_consistency_required_data.py,evaluate_value_consistency,1,tests/fixtures/it_1/r10/s1/test-suite.ttl,tests/test_it_1_r10_s1_value_cross_field_consistency.py::test_it_1_r10_s1_rejects_inconsistent_field_values[UAD1730],,"If AccessoryDwellingUnitIndicator = ""false"" for a given instance of PROPERTY_UNIT_DETAIL in IMPROVEMENT with ImprovementType = ""Outbuilding"""
684,UAD1731,1800.0202,other_conditional_scoped,not_loaded,,,0,,,,"IF @ValuationUseType = ""SalesComparable"" AND ContractDateUnknownIndicator = ""false"", and SalesContractDate is not provided"
685,UAD1732,1300.0010,required_structures,loaded_with_collected_tests,app/services/required_structure_required_data.py,evaluate_required_structure,1,data/uad36-test-suite/tests/fixtures/required_structures/required-structures-test-suite.ttl,tests/test_it_1_r3_s1_required_structure.py::test_it_1_r3_s1_detects_an_absent_required_structure[UAD1732],,"If PropertyValuationConditionalConclusionType = ""SubjectToInspection"" and there are no instances of DEFECT_DETAIL with DefectItemRecommendedActionType = ""Inspection"""
686,UAD1733,1300.0013,alternative_mutually_exclusive,not_loaded,,,0,,,,"If MarketingOrExposureDaysCount is provided, and (either or both of MarketingOrExposureLowRangeDaysCount or MarketingOrExposureHighRangeDaysCount is provided)"
687,UAD1734,1800.0209,required_structures,loaded_with_collected_tests,app/services/required_structure_required_data.py,evaluate_required_structure,1,data/uad36-test-suite/tests/fixtures/required_structures/required-structures-test-suite.ttl,tests/test_it_1_r3_s1_required_structure.py::test_it_1_r3_s1_detects_an_absent_required_structure[UAD1734],,"If @ValuationUseType = ""SalesComparable"" and PriorSalesOrTransfersIndicator = ""true"", and (at least one instance of SALES_HISTORY is not provided or OwnershipTransferTransactionType is not provided in a given instance of SALES_HISTORY)"
688,UAD1735,1800.0207; 1800.0342,single_equality_conditional,loaded_with_collected_tests,app/services/single_equality_required_data.py,evaluate_single_equality,3,data/uad36-test-suite/tests/fixtures/single_equality/test-suite.ttl,"tests/test_it_1_r2_single_equality_behavior.py::test_it_1_r2_s1_single_equality_behavior[UAD1735-nonmatching-missing]
tests/test_it_1_r2_single_equality_behavior.py::test_it_1_r2_s1_single_equality_behavior[UAD1735-matching-missing]
tests/test_it_1_r2_single_equality_behavior.py::test_it_1_r2_s1_single_equality_behavior[UAD1735-matching-supplied]",,"If @ValuationUseType = ""SalesComparable"" and OwnershipTransferDate is not provided in a given instance of SALES_HISTORY"
689,UAD1736,1400.0742,existing_context_required,loaded_with_collected_tests,app/services/existing_context_required_data.py,evaluate_existing_context_required,1,data/uad36-test-suite/tests/fixtures/existing_context_required/test-suite.ttl,tests/test_it_1_r8_s1_existing_context_required.py::test_it_1_r8_s1_detects_missing_data_inside_existing_context[UAD1736],,If ImageFileLocationIdentifier is not provided in a given instance of IMAGE
690,UAD1737,1400.0778,existing_context_required,loaded_with_collected_tests,app/services/existing_context_required_data.py,evaluate_existing_context_required,1,data/uad36-test-suite/tests/fixtures/existing_context_required/test-suite.ttl,tests/test_it_1_r8_s1_existing_context_required.py::test_it_1_r8_s1_detects_missing_data_inside_existing_context[UAD1737],,If ImageFileLocationIdentifier is not provided in a given instance of IMAGE
691,UAD1738,1400.0784,existing_context_required,loaded_with_collected_tests,app/services/existing_context_required_data.py,evaluate_existing_context_required,1,data/uad36-test-suite/tests/fixtures/existing_context_required/test-suite.ttl,tests/test_it_1_r8_s1_existing_context_required.py::test_it_1_r8_s1_detects_missing_data_inside_existing_context[UAD1738],,If ImageFileLocationIdentifier is not provided in a given instance of IMAGE
692,UAD1739,1400.0748,existing_context_required,loaded_with_collected_tests,app/services/existing_context_required_data.py,evaluate_existing_context_required,1,data/uad36-test-suite/tests/fixtures/existing_context_required/test-suite.ttl,tests/test_it_1_r8_s1_existing_context_required.py::test_it_1_r8_s1_detects_missing_data_inside_existing_context[UAD1739],,If ImageFileLocationIdentifier is not provided in a given instance of IMAGE
693,UAD1740,,existing_context_required,loaded_with_collected_tests,app/services/existing_context_required_data.py,evaluate_existing_context_required,1,data/uad36-test-suite/tests/fixtures/existing_context_required/test-suite.ttl,tests/test_it_1_r8_s1_existing_context_required.py::test_it_1_r8_s1_detects_missing_data_inside_existing_context[UAD1740],,If ImageFileLocationIdentifier is not provided in a given instance of IMAGE
694,UAD1741,2500.0023,format_precision_length,loaded_with_collected_tests,app/services/representation_restriction_required_data.py,evaluate_representation_restriction,1,data/uad36-test-suite/tests/fixtures/representation_restrictions/test-suite.ttl,tests/test_it_1_r7_s1_representation_restrictions.py::test_it_1_r7_s1_rejects_value_violating_representation_restriction[UAD1741],,If CooperativeProprietaryLeaseExpirationDate is not provided in YYYY-MM format.
695,UAD1742,0100.0015,format_precision_length,loaded_with_collected_tests,app/services/representation_restriction_required_data.py,evaluate_representation_restriction,1,data/uad36-test-suite/tests/fixtures/representation_restrictions/test-suite.ttl,tests/test_it_1_r7_s1_representation_restrictions.py::test_it_1_r7_s1_rejects_value_violating_representation_restriction[UAD1742],,If LatitudeIdentifier is not provided between -90 and 90 with at least 5 digits of precision to the right of the decimal point
696,UAD1743,0100.0016,format_precision_length,loaded_with_collected_tests,app/services/representation_restriction_required_data.py,evaluate_representation_restriction,1,data/uad36-test-suite/tests/fixtures/representation_restrictions/test-suite.ttl,tests/test_it_1_r7_s1_representation_restrictions.py::test_it_1_r7_s1_rejects_value_violating_representation_restriction[UAD1743],,If LongitudeIdentifier is not provided between -180 and 180 with at least 5 digits of precision to the right of the decimal point
697,UAD1744,1800.0342; 1800.0207,format_precision_length,loaded_with_collected_tests,app/services/representation_restriction_required_data.py,evaluate_representation_restriction,1,data/uad36-test-suite/tests/fixtures/representation_restrictions/test-suite.ttl,tests/test_it_1_r7_s1_representation_restrictions.py::test_it_1_r7_s1_rejects_value_violating_representation_restriction[UAD1744],,"If OwnershipTransferDate does not include year, month and day (YYYY-MM-DD format) in a given instance of SALES_HISTORY"
698,UAD1745,1200.0034,numeric_bounds,loaded_with_collected_tests,app/services/numeric_bound_required_data.py,evaluate_numeric_bound,1,data/uad36-test-suite/tests/fixtures/numeric_bounds/test-suite.ttl,tests/test_it_1_r6_s1_numeric_bounds.py::test_it_1_r6_s1_rejects_numeric_value_outside_governed_bounds[UAD1745],,If OwnershipTransferTransactionAmount < 0 in SALES_HISTORY
699,UAD1746,1300.0013,alternative_mutually_exclusive,not_loaded,,,0,,,,"If MarketingOrExposureDaysCount is not provided, and (either MarketingOrExposureLowRangeDaysCount or MarketingOrExposureHighRangeDaysCount is not provided)"
700,UAD1747,2400.0492; 1400.0348,relationship_reference_integrity,loaded_with_collected_tests,app/services/relationship_reference_required_data.py,evaluate_relationship_reference,1,data/uad36-test-suite/tests/fixtures/relationship_reference_integrity/test-suite.ttl,tests/test_it_1_r9_s1_relationship_reference_integrity.py::test_it_1_r9_s1_rejects_invalid_relationship_or_reference[UAD1747],,"If PartyRoleType = ""Appraiser"" or ""AppraiserSupervisor"" and there is no instance of RELATIONSHIP provided for each role that links INSPECTION to the associated ROLE."
701,UAD1748,1800.0190,format_precision_length,loaded_with_collected_tests,app/services/representation_restriction_required_data.py,evaluate_representation_restriction,1,data/uad36-test-suite/tests/fixtures/representation_restrictions/test-suite.ttl,tests/test_it_1_r7_s1_representation_restrictions.py::test_it_1_r7_s1_rejects_value_violating_representation_restriction[UAD1748],,"If @ValuationUseType = ""SalesComparable"" and LatitudeIdentifier is not provided between -90 and 90 with at least 5 digits of precision to the right of the decimal point"
702,UAD1749,1800.0191,format_precision_length,loaded_with_collected_tests,app/services/representation_restriction_required_data.py,evaluate_representation_restriction,1,data/uad36-test-suite/tests/fixtures/representation_restrictions/test-suite.ttl,tests/test_it_1_r7_s1_representation_restrictions.py::test_it_1_r7_s1_rejects_value_violating_representation_restriction[UAD1749],,"If @ValuationUseType = ""SalesComparable"" and LongitudeIdentifier is not provided between -180 and 180 with at least 5 digits of precision to the right of the decimal point"
703,UAD1750,4000.0004,unconditional_required,loaded_with_collected_tests,app/services/required_data.py,evaluate_required_data (unconditional presence),3,data/uad36-test-suite/tests/fixtures/required_data/test-suite.ttl; data/uad36-test-suite/tests/fixtures/unconditional_required/test-suite.ttl,"tests/test_it_1_r4_s1_unconditional_required.py::test_it_1_r4_s1_detects_absent_required_data[UAD1750]
data/uad36-test-suite/tests/test_required_data_acceptance.py::test_production_detects_missing_required_data[4000.0004-UAD1750]
data/uad36-test-suite/tests/test_required_data_rdf.py::test_rdf_missing_element_produces_expected_finding[4000.0004-UAD1750]",,If ReconsiderationOfValueIndicator is not provided
704,UAD1751,4000.0005,single_equality_conditional,loaded_with_collected_tests,app/services/single_equality_required_data.py,evaluate_single_equality,3,data/uad36-test-suite/tests/fixtures/single_equality/test-suite.ttl,"tests/test_it_1_r2_single_equality_behavior.py::test_it_1_r2_s1_single_equality_behavior[UAD1751-nonmatching-missing]
tests/test_it_1_r2_single_equality_behavior.py::test_it_1_r2_s1_single_equality_behavior[UAD1751-matching-missing]
tests/test_it_1_r2_single_equality_behavior.py::test_it_1_r2_s1_single_equality_behavior[UAD1751-matching-supplied]",,"If ReconsiderationOfValueIndicator = ""true"" and ReconsiderationOfValueCommentDescription is not provided"
705,UAD1752,4000.0006,single_equality_conditional,loaded_with_collected_tests,app/services/single_equality_required_data.py,evaluate_single_equality,3,data/uad36-test-suite/tests/fixtures/single_equality/test-suite.ttl,"tests/test_it_1_r2_single_equality_behavior.py::test_it_1_r2_s1_single_equality_behavior[UAD1752-nonmatching-missing]
tests/test_it_1_r2_single_equality_behavior.py::test_it_1_r2_s1_single_equality_behavior[UAD1752-matching-missing]
tests/test_it_1_r2_single_equality_behavior.py::test_it_1_r2_s1_single_equality_behavior[UAD1752-matching-supplied]",,"If ReconsiderationOfValueIndicator = ""true"" and ReconsiderationOfValueRequestedByType is not provided"
706,UAD1753,4000.0008,single_equality_conditional,loaded_with_collected_tests,app/services/single_equality_required_data.py,evaluate_single_equality,3,data/uad36-test-suite/tests/fixtures/single_equality/test-suite.ttl,"tests/test_it_1_r2_single_equality_behavior.py::test_it_1_r2_s1_single_equality_behavior[UAD1753-nonmatching-missing]
tests/test_it_1_r2_single_equality_behavior.py::test_it_1_r2_s1_single_equality_behavior[UAD1753-matching-missing]
tests/test_it_1_r2_single_equality_behavior.py::test_it_1_r2_s1_single_equality_behavior[UAD1753-matching-supplied]",,"If ReconsiderationOfValueIndicator = ""true"" and ReconsiderationOfValueResultType is not provided"
707,UAD1754,4000.0007,single_equality_conditional,loaded_with_collected_tests,app/services/single_equality_required_data.py,evaluate_single_equality,3,data/uad36-test-suite/tests/fixtures/single_equality/test-suite.ttl,"tests/test_it_1_r2_single_equality_behavior.py::test_it_1_r2_s1_single_equality_behavior[UAD1754-nonmatching-missing]
tests/test_it_1_r2_single_equality_behavior.py::test_it_1_r2_s1_single_equality_behavior[UAD1754-matching-missing]
tests/test_it_1_r2_single_equality_behavior.py::test_it_1_r2_s1_single_equality_behavior[UAD1754-matching-supplied]",,"If ReconsiderationOfValueIndicator = ""true"" and ReconsiderationOfValueResultDate is not provided"
708,UAD1755,4000.0007,format_precision_length,loaded_with_collected_tests,app/services/representation_restriction_required_data.py,evaluate_representation_restriction,1,data/uad36-test-suite/tests/fixtures/representation_restrictions/test-suite.ttl,tests/test_it_1_r7_s1_representation_restrictions.py::test_it_1_r7_s1_rejects_value_violating_representation_restriction[UAD1755],,"If ReconsiderationOfValueResultDate does not include year, month and day YYYY-MM-DD format"
709,UAD1756,4000.0007,date_chronology,loaded_with_collected_tests,app/services/date_chronology_required_data.py,evaluate_date_chronology,1,tests/fixtures/it_1/r11/s1/manifest.ttl,tests/test_it_1_r11_s1_date_chronology.py::test_it_1_r11_s1_rejects_prohibited_date_relationship[UAD1756-equal-effective-date],,If ReconsiderationOfValueResultDate < AppraisalReportEffectiveDate
710,UAD1757,4000.0007,date_chronology,loaded_with_collected_tests,app/services/date_chronology_required_data.py,evaluate_date_chronology,1,tests/fixtures/it_1/r11/s1/manifest.ttl,tests/test_it_1_r11_s1_date_chronology.py::test_it_1_r11_s1_rejects_prohibited_date_relationship[UAD1757-367-day-boundary],,If ReconsiderationOfValueResultDate is more than 367 days before the current date
711,UAD1758,1800.0318,uniqueness_cardinality,loaded_with_collected_tests,app/services/uniqueness_cardinality_required_data.py,evaluate_uniqueness_cardinality,1,data/uad36-test-suite/tests/fixtures/uniqueness_cardinality/test-suite.ttl,tests/test_it_1_r5_s1_uniqueness_cardinality.py::test_it_1_r5_s1_rejects_prohibited_duplicate_or_occurrence_count[UAD1758],,"If @ValuationUseType = ""SalesComparable"" and there is more than one instance of COMPARABLE_ADJUSTMENT with the same ComparableAdjustmentType enumeration that should only be adjusted once (e.g., View). Please refer to the Adjustments Cardinality tab for the list of adjustments that can be applied only once."
712,UAD1759,2200.0085,uniqueness_cardinality,loaded_with_collected_tests,app/services/uniqueness_cardinality_required_data.py,evaluate_uniqueness_cardinality,1,data/uad36-test-suite/tests/fixtures/uniqueness_cardinality/test-suite.ttl,tests/test_it_1_r5_s1_uniqueness_cardinality.py::test_it_1_r5_s1_rejects_prohibited_duplicate_or_occurrence_count[UAD1759],,"If more than one instance of ROLE_DETAIL has PartyRoleType = ""AppraiserSupervisor"" across all instances of PARTY"
713,UAD1760,1800.0278,single_equality_conditional,loaded_with_collected_tests,app/services/single_equality_required_data.py,evaluate_single_equality,3,data/uad36-test-suite/tests/fixtures/single_equality/test-suite.ttl,"tests/test_it_1_r2_single_equality_behavior.py::test_it_1_r2_s1_single_equality_behavior[UAD1760-nonmatching-missing]
tests/test_it_1_r2_single_equality_behavior.py::test_it_1_r2_s1_single_equality_behavior[UAD1760-matching-missing]
tests/test_it_1_r2_single_equality_behavior.py::test_it_1_r2_s1_single_equality_behavior[UAD1760-matching-supplied]",,"If SalesComparisonApproachIndicator = ""true"" and SalesComparisonCommentDescription is not provided"
714,UAD1761,1100.0023,single_equality_conditional,loaded_with_collected_tests,app/services/required_data.py,evaluate_required_data (ConditionalRule),3,data/uad36-test-suite/tests/fixtures/single_equality/test-suite.ttl,"tests/test_it_1_r2_single_equality_behavior.py::test_it_1_r2_s1_single_equality_behavior[UAD1761-nonmatching-missing]
tests/test_it_1_r2_single_equality_behavior.py::test_it_1_r2_s1_single_equality_behavior[UAD1761-matching-missing]
tests/test_it_1_r2_single_equality_behavior.py::test_it_1_r2_s1_single_equality_behavior[UAD1761-matching-supplied]",,"If CostApproachIndicator = ""true"" and CostAnalysisCommentDescription is not provided"
715,UAD1762,1200.0007,single_equality_conditional,loaded_with_collected_tests,app/services/required_data.py,evaluate_required_data (ConditionalRule),3,data/uad36-test-suite/tests/fixtures/single_equality/test-suite.ttl,"tests/test_it_1_r2_single_equality_behavior.py::test_it_1_r2_s1_single_equality_behavior[UAD1762-nonmatching-missing]
tests/test_it_1_r2_single_equality_behavior.py::test_it_1_r2_s1_single_equality_behavior[UAD1762-matching-missing]
tests/test_it_1_r2_single_equality_behavior.py::test_it_1_r2_s1_single_equality_behavior[UAD1762-matching-supplied]",,"If IncomeApproachIndicator = ""true"" and IncomeAnalysisCommentDescription is not provided"
716,UAD1763,2000.0048; 2000.0047,required_structures,loaded_with_collected_tests,app/services/required_structure_required_data.py,evaluate_required_structure,1,data/uad36-test-suite/tests/fixtures/required_structures/required-structures-test-suite.ttl,tests/test_it_1_r3_s1_required_structure.py::test_it_1_r3_s1_detects_an_absent_required_structure[UAD1763],,"If RentScheduleIndicator = ""true"" and there is no instance of VALUATION_COMMENTARY with ValuationAnalysisCategoryType = ""ComparableRental"" and ValuationCommentText"
717,UAD1764,,required_structures,loaded_with_collected_tests,app/services/required_structure_required_data.py,evaluate_required_structure,1,data/uad36-test-suite/tests/fixtures/required_structures/required-structures-test-suite.ttl,tests/test_it_1_r3_s1_required_structure.py::test_it_1_r3_s1_detects_an_absent_required_structure[UAD1764],,If ImprovementType = ‘Dwelling’ and there are no instances of PROPERTY_UNIT
718,UAD1765,1500.0186; 1500.0189,format_precision_length,loaded_with_collected_tests,app/services/representation_restriction_required_data.py,evaluate_representation_restriction,1,data/uad36-test-suite/tests/fixtures/representation_restrictions/test-suite.ttl,tests/test_it_1_r7_s1_representation_restrictions.py::test_it_1_r7_s1_rejects_value_violating_representation_restriction[UAD1765],,"If ValuationAnalysisCategoryType = (""HazardZones"" or ""PropertyNonResidentialUses"") and ValuationCommentText length exceeds 140 characters"
719,UAD1766,,format_precision_length,loaded_with_collected_tests,app/services/representation_restriction_required_data.py,evaluate_representation_restriction,1,data/uad36-test-suite/tests/fixtures/representation_restrictions/test-suite.ttl,tests/test_it_1_r7_s1_representation_restrictions.py::test_it_1_r7_s1_rejects_value_violating_representation_restriction[UAD1766],,"If ValuationAnalysisCategoryType = (""ProjectDeveloperOrSponsorControlsProjectManagement"" or ""IncompleteProject"" or ""ProjectConversion"" or ""SingleEntityGreatestNumberOfUnitsOwned"" or ""SingleEntityGreatestNumberOfSharesOwned"" or ""ProjectCommercialSpace"" or ""ProjectLegalAction"" or ""ProjectSpecialAssessmentsAttributedToSubjectProperty"" or ""TransferFeeAttributedToSubjectProperty"" or ""PropertyTaxAbatementsOrExemptions"") and ValuationCommentText length exceeds 210 characters "
720,UAD1767,0100.0050,format_precision_length,loaded_with_collected_tests,app/services/representation_restriction_required_data.py,evaluate_representation_restriction,1,data/uad36-test-suite/tests/fixtures/representation_restrictions/test-suite.ttl,tests/test_it_1_r7_s1_representation_restrictions.py::test_it_1_r7_s1_rejects_value_violating_representation_restriction[UAD1767],,"If ValuationAnalysisCategoryType = ""PropertySpecialTaxAssessments"" and ValuationCommentText length exceeds 540 characters "
721,UAD1768,,format_precision_length,loaded_with_collected_tests,app/services/representation_restriction_required_data.py,evaluate_representation_restriction,1,data/uad36-test-suite/tests/fixtures/representation_restrictions/test-suite.ttl,tests/test_it_1_r7_s1_representation_restrictions.py::test_it_1_r7_s1_rejects_value_violating_representation_restriction[UAD1768],,"If ValuationAnalysisCategoryType = (""ProjectFactors"" or ""Project"" or ""WaterFrontages"" or ""SiteFeatures"" or ""SiteViews"" or ""SiteInfluences"") and ValuationCommentText length exceeds 2500 characters"
722,UAD1769,1800.0233,required_structures,loaded_with_collected_tests,app/services/required_structure_required_data.py,evaluate_required_structure,1,data/uad36-test-suite/tests/fixtures/required_structures/required-structures-test-suite.ttl,tests/test_it_1_r3_s1_required_structure.py::test_it_1_r3_s1_detects_an_absent_required_structure[UAD1769],,"If @ValuationUseType = ""SalesComparable"" and (at least one instance of SITE_INFLUENCE_DETAIL is not provided or SiteInfluenceType is not provided in a given instance of SITE_INFLUENCE_DETAIL)"
723,UAD1770,1800.0234,single_equality_conditional,loaded_with_collected_tests,app/services/single_equality_required_data.py,evaluate_single_equality,3,data/uad36-test-suite/tests/fixtures/single_equality/test-suite.ttl,"tests/test_it_1_r2_single_equality_behavior.py::test_it_1_r2_s1_single_equality_behavior[UAD1770-nonmatching-missing]
tests/test_it_1_r2_single_equality_behavior.py::test_it_1_r2_s1_single_equality_behavior[UAD1770-matching-missing]
tests/test_it_1_r2_single_equality_behavior.py::test_it_1_r2_s1_single_equality_behavior[UAD1770-matching-supplied]",,"If SiteInfluenceType = ""Other"" and SiteInfluenceTypeOtherDescription is not provided in a given instance of SITE_INFLUENCE_DETAIL"
724,UAD1771,1800.0274,other_conditional_scoped,not_loaded,,,0,,,,"If @ValuationUseType = ""SalesComparable"" and OwnershipTransferTransactionType = ""Sale"" and SaleType is not provided in a given instance of SALES_HISTORY"
725,UAD1772,1800.0154,other_conditional_scoped,not_loaded,,,0,,,,"If @ValuationUseType = ""SalesComparable"" and  ImprovementType = ""Dwelling"" and AttachmentType = ""Attached"" and StructuralDesignType = (""Lowrise"" or ""Highrise"" or ""Midrise""), and FloorIdentifier is not provided in a given instance of PROPERTY_UNIT_DETAIL"
726,UAD1773,1800.0337,other_conditional_scoped,not_loaded,,,0,,,,"If @ValuationUseType = ""SalesComparable"" and (PropertyInProjectIndicator = ""false"" or (PropertyInProjectIndicator = ""true"" and ProjectLegalStructureType = ""Condominium"")), and PropertyEstateType is not provided"
727,UAD1774,1800.0171,required_structures,loaded_with_collected_tests,app/services/required_structure_required_data.py,evaluate_required_structure,1,data/uad36-test-suite/tests/fixtures/required_structures/required-structures-test-suite.ttl,tests/test_it_1_r3_s1_required_structure.py::test_it_1_r3_s1_detects_an_absent_required_structure[UAD1774],,"If @ValuationUseType = ""SalesComparable"" and ((ImprovementType = ""Dwelling"" and AttachmentType = ""Detached"") or (ImprovementType = ""Dwelling"" and AttachmentType = ""Attached"" and StructuralDesignType = ""RowhouseTownhouse"" or ""SemiDetached"" or ""Other"")), and (at least one instance of CONSTRUCTION_METHOD is not provided or ConstructionMethodType is not provided in a given instance of CONSTRUCTION_METHOD)"
728,UAD1775,1800.0379,other_conditional_scoped,not_loaded,,,0,,,,"If @ValuationUseType = ""SalesComparable"" and ImprovementType = ""Dwelling"" and ConstructionMethodType = ""Manufactured"" and ManufacturedHomeWidthType is not provided"
729,UAD1776,1800.0394,other_conditional_scoped,not_loaded,,,0,,,,"If @ValuationUseType = ""SalesComparable"" and (ImprovementType = ""Dwelling"" or (ImprovementType = ""Outbuilding"" and OutbuildingRealPropertyIndicator = ""true"" and AccessoryDwellingUnitIndicator = ""true"")), and UnitBelowGradeUnfinishedAreaMeasure is not provided in a given instance of PROPERTY_UNIT_AREA"
730,UAD1777,1800.0399,other_conditional_scoped,not_loaded,,,0,,,Rule Logic; Severity,"If @ValuationUseType = ""SalesComparable"" and ((ImprovementType = ""Dwelling"" and UnitNonStandardBelowGradeFinishedAreaMeasure > 0 for @ValuationUseType = ""SubjectProperty"")
or (ImprovementType = ""Outbuilding"" and OutbuildingRealPropertyIndicator = ""true"" and AccessoryDwellingUnitIndicator = ""true"" and UnitNonStandardBelowGradeFinishedAreaMeasure > 0 for @ValuationUseType = ""SubjectProperty"")), and UnitNonStandardBelowGradeFinishedAreaMeasure is not provided in a given instance of PROPERTY_UNIT_AREA "
731,UAD1778,1800.0392,other_conditional_scoped,not_loaded,,,0,,,Rule Logic; Severity,"IF @ValuationUseType = ""SalesComparable"" and ((ImprovementType = ""Dwelling"" and UnitAboveGradeUnfinishedAreaMeasure > 0 for @ValuationUseType = ""SubjectProperty"")
or (ImprovementType = ""Outbuilding"" and OutbuildingRealPropertyIndicator = ""true"" and AccessoryDwellingUnitIndicator = ""true"" and UnitAboveGradeUnfinishedAreaMeasure > 0 for @ValuationUseType = ""SubjectProperty"")), and UnitAboveGradeUnfinishedAreaMeasure is not provided in a given instance of PROPERTY_UNIT_AREA"
732,UAD1779,1800.0391,other_conditional_scoped,not_loaded,,,0,,,Rule Logic; Severity,"IF @ValuationUseType = ""SalesComparable"" and ((ImprovementType = ""Dwelling"" and UnitNonStandardAboveGradeFinishedAreaMeasure > 0 for @ValuationUseType = ""SubjectProperty"")
or (ImprovementType = ""Outbuilding"" and OutbuildingRealPropertyIndicator = ""true"" and AccessoryDwellingUnitIndicator = ""true"" and UnitNonStandardAboveGradeFinishedAreaMeasure > 0 for @ValuationUseType = ""SubjectProperty"")), and UnitNonStandardAboveGradeFinishedAreaMeasure is not provided in a given instance of PROPERTY_UNIT_AREA"
